Workbook

Sheet .
A1: P
C2: RHEEM
B6: REPORTE DE PIEZAS - MÁQUINAS INTEGRADORAS (HELIAN)
B8: CLIENTE | C8: DESTINO | D8: NÚMERO DE PARTE | E8: DIAMETRO | F8: CANTIDAD | H8: CLIENTE | I8: DESTINO | J8: NÚMERO DE PARTE | K8: DIAMETRO | L8: CANTIDAD | N8: CLIENTE | O8: DESTINO | P8: NÚMERO DE PARTE | Q8: DIAMETRO | R8: CANTIDAD
B9: RHEEM TRANSFERENCIA | C9: EZO / MIRIAM | D9: 82-104987-15 | E9: 0.25 | H9: RHEEM FALCON | I9: EZO / MIRIAM | J9: 82-109026-21 | K9: 0.25 | N9: RHEEM NIPLES | O9: EZO / MIRIAM | P9: 82-100351-02H3 | Q9: 0.3125
B10: RHEEM TRANSFERENCIA | C10: EZO / MIRIAM | D10: 82-104987-13 | E10: 0.25 | H10: RHEEM FALCON | I10: EZO / MIRIAM | J10: 82-109026-22 | K10: 0.25 | N10: RHEEM NIPLES | O10: EZO / MIRIAM | P10: 82-100351-02H4 | Q10: 0.3125
B11: RHEEM TRANSFERENCIA | C11: EZO / MIRIAM | D11: 82-104987-14 | E11: 0.25 | H11: RHEEM FALCON | I11: EZO / MIRIAM | J11: 82-110968-01 | K11: 0.25 | N11: RHEEM NIPLES | O11: EZO / MIRIAM | P11: 82-100351-03H3 | Q11: 0.3125
B12: RHEEM TRANSFERENCIA | C12: EZO / MIRIAM | D12: 82-104986-88 | E12: 0.375 | H12: RHEEM FALCON | I12: EZO / MIRIAM | J12: 82-105077-15 | K12: 0.375 | N12: RHEEM NIPLES | O12: EZO / MIRIAM | P12: 82-100351-03H4 | Q12: 0.3125
B13: RHEEM TRANSFERENCIA | C13: EZO / MIRIAM | D13: 82-104986-61 | E13: 0.375 | H13: RHEEM FALCON | I13: EZO / MIRIAM | J13: 82-105077-16 | K13: 0.375 | N13: RHEEM NIPLES | O13: EZO / MIRIAM | P13: 82-100351-04H3 | Q13: 0.3125
B14: RHEEM TRANSFERENCIA | C14: EZO / MIRIAM | D14: 82-104986-59 | E14: 0.375 | H14: RHEEM FALCON | I14: EZO / MIRIAM | J14: 82-105077-17 | K14: 0.375 | N14: RHEEM NIPLES | O14: EZO / MIRIAM | P14: 82-100351-04H4 | Q14: 0.3125
B15: RHEEM TRANSFERENCIA | C15: EZO / MIRIAM | D15: 82-104986-72 | E15: 0.375 | H15: RHEEM FALCON | I15: EZO / MIRIAM | J15: 82-105077-18 | K15: 0.375 | N15: RHEEM NIPLES | O15: EZO / MIRIAM | P15: 82-101183-02H3 | Q15: 0.3125
B16: RHEEM TRANSFERENCIA | C16: EZO / MIRIAM | D16: 82-104986-89 | E16: 0.375 | H16: RHEEM FALCON | I16: EZO / MIRIAM | J16: 82-104985-49 | K16: 0.5 | N16: RHEEM NIPLES | O16: EZO / MIRIAM | P16: 82-101183-02H4 | Q16: 0.3125
B17: RHEEM TRANSFERENCIA | C17: EZO / MIRIAM | D17: 82-104986-71 | E17: 0.375 | H17: RHEEM FALCON | I17: EZO / MIRIAM | J17: 82-104985-52 | K17: 0.5 | N17: RHEEM NIPLES | O17: EZO / MIRIAM | P17: 82-101183-02H5 | Q17: 0.3125
B18: RHEEM TRANSFERENCIA | C18: EZO / MIRIAM | D18: 82-104986-60 | E18: 0.375 | H18: RHEEM FALCON | I18: EZO / MIRIAM | J18: 82-104985-53 | K18: 0.5 | N18: RHEEM NIPLES | O18: EZO / MIRIAM | P18: 82-101183-02H6 | Q18: 0.3125
B19: RHEEM TRANSFERENCIA | C19: EZO / MIRIAM | D19: 82-104985-41 | E19: 0.5 | H19: RHEEM FALCON | I19: EZO / MIRIAM | J19: 82-104985-54 | K19: 0.5 | N19: RHEEM NIPLES | O19: EZO / MIRIAM | P19: 82-101183-02H7 | Q19: 0.3125
B20: RHEEM TRANSFERENCIA | C20: EZO / MIRIAM | D20: 82-104985-25 | E20: 0.5 | H20: RHEEM FALCON | I20: EZO / MIRIAM | J20: 82-104985-55 | K20: 0.5 | N20: RHEEM NIPLES | O20: EZO / MIRIAM | P20: 82-101183-02H8 | Q20: 0.3125
... B33: RHEEM TRANSFERENCIA | C33: EZO / MIRIAM | D33: 82-104895-07 | E33: 0.5 | H33: RHEEM FALCON | I33: EZO / MIRIAM | J33: 82-110951-01 | K33: 0.875 | N33: RHEEM NIPLES | O33: EZO / MIRIAM | P33: 82-101183-16H9 | Q33: 0.3125
B34: RHEEM TRANSFERENCIA | C34: EZO / MIRIAM | D34: 82-104895-17 | E34: 0.5 | N34: RHEEM NIPLES | O34: EZO / MIRIAM | P34: 82-101183-16H10 | Q34: 0.3125
B35: RHEEM TRANSFERENCIA | C35: EZO / MIRIAM | D35: 82-104894-13 | E35: 0.5 | H35: RHEEM CIP-3501 | I35: CLIENTE | J35: 82-111023-02 | K35: 0.375 | N35: RHEEM NIPLES | O35: EZO / MIRIAM | P35: 82-101183-16H11 | Q35: 0.3125
B36: RHEEM TRANSFERENCIA | C36: EZO / MIRIAM | D36: 82-104894-01 | E36: 0.5 | H36: RHEEM CIP-3501 | I36: CLIENTE | J36: 82-111023-04 | K36: 0.375
B37: RHEEM TRANSFERENCIA | C37: EZO / MIRIAM | D37: 82-104895-01 | E37: 0.5 | H37: RHEEM CIP-3501 | I37: CLIENTE | J37: 82-111023-10 | K37: 0.375
B38: RHEEM TRANSFERENCIA | C38: EZO / MIRIAM | D38: 82-104894-09 | E38: 0.5 | H38: RHEEM CIP-3501 | I38: CLIENTE | J38: 82-110915-01 | K38: 0.75
B39: RHEEM TRANSFERENCIA | C39: EZO / MIRIAM | D39: 82-104984-140 | E39: 0.625 | H39: RHEEM CIP-3501 | I39: CLIENTE | J39: 82-110915-02 | K39: 0.75
B40: RHEEM TRANSFERENCIA | C40: EZO / MIRIAM | D40: 82-104984-116 | E40: 0.625 | H40: RHEEM CIP-3501 | I40: CLIENTE | J40: 82-110915-06 | K40: 0.75
B41: RHEEM TRANSFERENCIA | C41: EZO / MIRIAM | D41: 82-104984-142 | E41: 0.625 | H41: RHEEM CIP-3501 | I41: CLIENTE | J41: 82-110915-09 | K41: 0.75
B42: RHEEM TRANSFERENCIA | C42: EZO / MIRIAM | D42: 82-104984-114 | E42: 0.75 | H42: RHEEM CIP-3501 | I42: CLIENTE | J42: 82-110915-11 | K42: 0.75
B43: RHEEM TRANSFERENCIA | C43: EZO / MIRIAM | D43: 82-104984-147 | E43: 0.75 | H43: RHEEM CIP-3501 | I43: CLIENTE | J43: 82-110915-13 | K43: 0.75
B44: RHEEM TRANSFERENCIA | C44: EZO / MIRIAM | D44: 82-104984-122 | E44: 0.75 | H44: RHEEM CIP-3501 | I44: CLIENTE | J44: 82-110915-16 | K44: 0.75
B45: RHEEM TRANSFERENCIA | C45: EZO / MIRIAM | D45: 82-104984-189 | E45: 0.75 | H45: RHEEM CIP-3501 | I45: CLIENTE | J45: 82-110915-04 | K45: 0.875
B46: RHEEM TRANSFERENCIA | C46: EZO / MIRIAM | D46: 82-104984-190 | E46: 0.75 | H46: RHEEM CIP-3501 | I46: CLIENTE | J46: 82-110915-10 | K46: 0.875
B47: RHEEM TRANSFERENCIA | C47: EZO / MIRIAM | D47: 82-104984-124 | E47: 0.75 | H47: RHEEM CIP-3501 | I47: CLIENTE | J47: 82-110915-20 | K47: 0.875
B48: RHEEM TRANSFERENCIA | C48: EZO / MIRIAM | D48: 82-104984-143 | E48: 0.75 | H48: RHEEM CIP-3501 | I48: CLIENTE | J48: 82-110915-22 | K48: 0.875
B49: RHEEM TRANSFERENCIA | C49: EZO / MIRIAM | D49: 82-100351-01 | E49: 0.75
B50: RHEEM TRANSFERENCIA | C50: EZO / MIRIAM | D50: 82-103227-15 | E50: 0.75
B51: RHEEM TRANSFERENCIA | C51: EZO / MIRIAM | D51: 82-100351-02 | E51: 0.75
B52: RHEEM TRANSFERENCIA | C52: EZO / MIRIAM | D52: 82-104982-06 | E52: 0.75
B53: RHEEM TRANSFERENCIA | C53: EZO / MIRIAM | D53: 82-100797-02 | E53: 0.75
B54: RHEEM TRANSFERENCIA | C54: EZO / MIRIAM | D54: 82-100797-01 | E54: 0.75
B55: RHEEM TRANSFERENCIA | C55: EZO / MIRIAM | D55: 82-100797-06 | E55: 0.75
B56: RHEEM TRANSFERENCIA | C56: EZO / MIRIAM | D56: 82-101183-03 | E56: 0.75
B57: RHEEM TRANSFERENCIA | C57: EZO / MIRIAM | D57: 82-104982-02 | E57: 0.75
B58: RHEEM TRANSFERENCIA | C58: EZO / MIRIAM | D58: 82-104895-08 | E58: 0.75
B59: RHEEM TRANSFERENCIA | C59: EZO / MIRIAM | D59: 82-104982-01 | E59: 0.75
B60: RHEEM TRANSFERENCIA | C60: EZO / MIRIAM | D60: 82-104984-120 | E60: 0.875
... B86: RHEEM TRANSFERENCIA | C86: EZO / MIRIAM | D86: 82-109836-01 | E86: 0.875
B90: FECHA: | G90: LÍNEA: | K90: TURNO: | P90: COORDINADOR:

Sheet EMPAQUE
C2: RHEEM
B6: REPORTE DE PIEZAS ENTREGADAS (EMPAQUE)
B8: TRANSFERENCIA | H8: TRANSFERENCIA | N8: CIP
B9: CLIENTE | C9: DESTINO | D9: NÚMERO DE PARTE | E9: DIAMETRO | F9: CANTIDAD | H9: CLIENTE | I9: DESTINO | J9: NÚMERO DE PARTE | K9: DIAMETRO | L9: CANTIDAD | N9: CLIENTE | O9: DESTINO | P9: NÚMERO DE PARTE | Q9: DIAMETRO | R9: CANTIDAD
B10: RHEEM TRANSFERENCIA | C10: EZO / MIRIAM | D10: 82-104987-15 | E10: 0.25 | H10: RHEEM TRANSFERENCIA | I10: EZO / MIRIAM | J10: 82-104984-156 | K10: 0.875 | N10: RHEEM CIP-3501 | O10: CLIENTE | P10: 82-111023-02 | Q10: 0.375
B11: RHEEM TRANSFERENCIA | C11: EZO / MIRIAM | D11: 82-104987-13 | E11: 0.25 | H11: RHEEM TRANSFERENCIA | I11: EZO / MIRIAM | J11: 82-104984-126 | K11: 0.875 | N11: RHEEM CIP-3501 | O11: CLIENTE | P11: 82-111023-04 | Q11: 0.375
B12: RHEEM TRANSFERENCIA | C12: EZO / MIRIAM | D12: 82-104987-14 | E12: 0.25 | H12: RHEEM TRANSFERENCIA | I12: EZO / MIRIAM | J12: 82-104984-191 | K12: 0.875 | N12: RHEEM CIP-3501 | O12: CLIENTE | P12: 82-111023-10 | Q12: 0.375
B13: RHEEM TRANSFERENCIA | C13: EZO / MIRIAM | D13: 82-104986-88 | E13: 0.375 | H13: RHEEM TRANSFERENCIA | I13: EZO / MIRIAM | J13: 82-108426-01 | K13: 0.875 | N13: RHEEM CIP-3501 | O13: CLIENTE | P13: 82-110915-01 | Q13: 0.75
B14: RHEEM TRANSFERENCIA | C14: EZO / MIRIAM | D14: 82-104986-61 | E14: 0.375 | H14: RHEEM TRANSFERENCIA | I14: EZO / MIRIAM | J14: 82-100351-03 | K14: 0.875 | N14: RHEEM CIP-3501 | O14: CLIENTE | P14: 82-110915-02 | Q14: 0.75
B15: RHEEM TRANSFERENCIA | C15: EZO / MIRIAM | D15: 82-104986-59 | E15: 0.375 | H15: RHEEM TRANSFERENCIA | I15: EZO / MIRIAM | J15: 82-108451-01 | K15: 0.875 | N15: RHEEM CIP-3501 | O15: CLIENTE | P15: 82-110915-06 | Q15: 0.75
B16: RHEEM TRANSFERENCIA | C16: EZO / MIRIAM | D16: 82-104986-72 | E16: 0.375 | H16: RHEEM TRANSFERENCIA | I16: EZO / MIRIAM | J16: 82-108430-01 | K16: 0.875 | N16: RHEEM CIP-3501 | O16: CLIENTE | P16: 82-110915-09 | Q16: 0.75
B17: RHEEM TRANSFERENCIA | C17: EZO / MIRIAM | D17: 82-104986-89 | E17: 0.375 | H17: RHEEM TRANSFERENCIA | I17: EZO / MIRIAM | J17: 82-100797-04 | K17: 0.875 | N17: RHEEM CIP-3501 | O17: CLIENTE | P17: 82-110915-11 | Q17: 0.75
B18: RHEEM TRANSFERENCIA | C18: EZO / MIRIAM | D18: 82-104986-71 | E18: 0.375 | H18: RHEEM TRANSFERENCIA | I18: EZO / MIRIAM | J18: 82-100351-04 | K18: 0.875 | N18: RHEEM CIP-3501 | O18: CLIENTE | P18: 82-110915-13 | Q18: 0.75
B19: RHEEM TRANSFERENCIA | C19: EZO / MIRIAM | D19: 82-104986-60 | E19: 0.375 | H19: RHEEM TRANSFERENCIA | I19: EZO / MIRIAM | J19: 82-108430-03 | K19: 0.875 | N19: RHEEM CIP-3501 | O19: CLIENTE | P19: 82-110915-16 | Q19: 0.75
B20: RHEEM TRANSFERENCIA | C20: EZO / MIRIAM | D20: 82-104985-41 | E20: 0.5 | H20: RHEEM TRANSFERENCIA | I20: EZO / MIRIAM | J20: 82-104984-46 | K20: 0.875 | N20: RHEEM CIP-3501 | O20: CLIENTE | P20: 82-110915-04 | Q20: 0.875
B21: RHEEM TRANSFERENCIA | C21: EZO / MIRIAM | D21: 82-104985-25 | E21: 0.5 | H21: RHEEM TRANSFERENCIA | I21: EZO / MIRIAM | J21: 82-104984-216 | K21: 0.875 | N21: RHEEM CIP-3501 | O21: CLIENTE | P21: 82-110915-10 | Q21: 0.875
... B23: RHEEM TRANSFERENCIA | C23: EZO / MIRIAM | D23: 82-104985-39 | E23: 0.5 | H23: RHEEM TRANSFERENCIA | I23: EZO / MIRIAM | J23: 82-104982-04 | K23: 0.875 | N23: RHEEM CIP-3501 | O23: CLIENTE | P23: 82-110915-22 | Q23: 0.875
B24: RHEEM TRANSFERENCIA | C24: EZO / MIRIAM | D24: 82-108427-01 | E24: 0.5 | H24: RHEEM TRANSFERENCIA | I24: EZO / MIRIAM | J24: 82-104982-05 | K24: 0.875
B25: RHEEM TRANSFERENCIA | C25: EZO / MIRIAM | D25: 82-104748-69 | E25: 0.5 | H25: RHEEM TRANSFERENCIA | I25: EZO / MIRIAM | J25: 82-103015-09 | K25: 0.875
B26: RHEEM TRANSFERENCIA | C26: EZO / MIRIAM | D26: 82-104894-08 | E26: 0.5 | H26: RHEEM TRANSFERENCIA | I26: EZO / MIRIAM | J26: 82-106374-02 | K26: 0.875 | N26: NIPLES
B27: RHEEM TRANSFERENCIA | C27: EZO / MIRIAM | D27: 82-104894-02 | E27: 0.5 | H27: RHEEM TRANSFERENCIA | I27: EZO / MIRIAM | J27: 82-104982-08 | K27: 0.875 | N27: CLIENTE | O27: DESTINO | P27: NÚMERO DE PARTE | Q27: DIAMETRO | R27: CANTIDAD
B28: RHEEM TRANSFERENCIA | C28: EZO / MIRIAM | D28: 82-104895-02 | E28: 0.5 | H28: RHEEM TRANSFERENCIA | I28: EZO / MIRIAM | J28: 82-100797-05 | K28: 0.875 | N28: RHEEM NIPLES | O28: EZO / MIRIAM | P28: 82-100351-02H3 | Q28: 0.3125
B29: RHEEM TRANSFERENCIA | C29: EZO / MIRIAM | D29: 82-100797-16 | E29: 0.5 | H29: RHEEM TRANSFERENCIA | I29: EZO / MIRIAM | J29: 82-104982-03 | K29: 0.875 | N29: RHEEM NIPLES | O29: EZO / MIRIAM | P29: 82-100351-02H4 | Q29: 0.3125
B30: RHEEM TRANSFERENCIA | C30: EZO / MIRIAM | D30: 82-104895-06 | E30: 0.5 | H30: RHEEM TRANSFERENCIA | I30: EZO / MIRIAM | J30: 82-101183-16 | K30: 0.875 | N30: RHEEM NIPLES | O30: EZO / MIRIAM | P30: 82-100351-03H3 | Q30: 0.3125
B31: RHEEM TRANSFERENCIA | C31: EZO / MIRIAM | D31: 82-104894-07 | E31: 0.5 | H31: RHEEM TRANSFERENCIA | I31: EZO / MIRIAM | J31: 82-104895-09 | K31: 0.875 | N31: RHEEM NIPLES | O31: EZO / MIRIAM | P31: 82-100351-03H4 | Q31: 0.3125
B32: RHEEM TRANSFERENCIA | C32: EZO / MIRIAM | D32: 82-100797-23 | E32: 0.5 | H32: RHEEM TRANSFERENCIA | I32: EZO / MIRIAM | J32: 82-109836-01 | K32: 0.875 | N32: RHEEM NIPLES | O32: EZO / MIRIAM | P32: 82-100351-04H3 | Q32: 0.3125
B33: RHEEM TRANSFERENCIA | C33: EZO / MIRIAM | D33: 82-104894-10 | E33: 0.5 | N33: RHEEM NIPLES | O33: EZO / MIRIAM | P33: 82-100351-04H4 | Q33: 0.3125
B34: RHEEM TRANSFERENCIA | C34: EZO / MIRIAM | D34: 82-104895-07 | E34: 0.5 | H34: FALCON | N34: RHEEM NIPLES | O34: EZO / MIRIAM | P34: 82-101183-02H3 | Q34: 0.3125
B35: RHEEM TRANSFERENCIA | C35: EZO / MIRIAM | D35: 82-104895-17 | E35: 0.5 | H35: CLIENTE | I35: DESTINO | J35: NÚMERO DE PARTE | K35: DIAMETRO | L35: CANTIDAD | N35: RHEEM NIPLES | O35: EZO / MIRIAM | P35: 82-101183-02H4 | Q35: 0.3125
B36: RHEEM TRANSFERENCIA | C36: EZO / MIRIAM | D36: 82-104894-13 | E36: 0.5 | H36: RHEEM FALCON | I36: EZO / MIRIAM | J36: 82-109026-21 | K36: 0.25 | N36: RHEEM NIPLES | O36: EZO / MIRIAM | P36: 82-101183-02H5 | Q36: 0.3125
B37: RHEEM TRANSFERENCIA | C37: EZO / MIRIAM | D37: 82-104894-01 | E37: 0.5 | H37: RHEEM FALCON | I37: EZO / MIRIAM | J37: 82-109026-22 | K37: 0.25 | N37: RHEEM NIPLES | O37: EZO / MIRIAM | P37: 82-101183-02H6 | Q37: 0.3125
B38: RHEEM TRANSFERENCIA | C38: EZO / MIRIAM | D38: 82-104895-01 | E38: 0.5 | H38: RHEEM FALCON | I38: EZO / MIRIAM | J38: 82-110968-01 | K38: 0.25 | N38: RHEEM NIPLES | O38: EZO / MIRIAM | P38: 82-101183-02H7 | Q38: 0.3125
B39: RHEEM TRANSFERENCIA | C39: EZO / MIRIAM | D39: 82-104894-09 | E39: 0.5 | H39: RHEEM FALCON | I39: EZO / MIRIAM | J39: 82-105077-15 | K39: 0.375 | N39: RHEEM NIPLES | O39: EZO / MIRIAM | P39: 82-101183-02H8 | Q39: 0.3125
B40: RHEEM TRANSFERENCIA | C40: EZO / MIRIAM | D40: 82-104984-140 | E40: 0.625 | H40: RHEEM FALCON | I40: EZO / MIRIAM | J40: 82-105077-16 | K40: 0.375 | N40: RHEEM NIPLES | O40: EZO / MIRIAM | P40: 82-101183-03H3 | Q40: 0.3125
B41: RHEEM TRANSFERENCIA | C41: EZO / MIRIAM | D41: 82-104984-116 | E41: 0.625 | H41: RHEEM FALCON | I41: EZO / MIRIAM | J41: 82-105077-17 | K41: 0.375 | N41: RHEEM NIPLES | O41: EZO / MIRIAM | P41: 82-101183-03H4 | Q41: 0.3125
B42: RHEEM TRANSFERENCIA | C42: EZO / MIRIAM | D42: 82-104984-142 | E42: 0.625 | H42: RHEEM FALCON | I42: EZO / MIRIAM | J42: 82-105077-18 | K42: 0.375 | N42: RHEEM NIPLES | O42: EZO / MIRIAM | P42: 82-101183-03H5 | Q42: 0.3125
B43: RHEEM TRANSFERENCIA | C43: EZO / MIRIAM | D43: 82-104984-114 | E43: 0.75 | H43: RHEEM FALCON | I43: EZO / MIRIAM | J43: 82-104985-49 | K43: 0.5 | N43: RHEEM NIPLES | O43: EZO / MIRIAM | P43: 82-101183-03H6 | Q43: 0.3125
B44: RHEEM TRANSFERENCIA | C44: EZO / MIRIAM | D44: 82-104984-147 | E44: 0.75 | H44: RHEEM FALCON | I44: EZO / MIRIAM | J44: 82-104985-52 | K44: 0.5 | N44: RHEEM NIPLES | O44: EZO / MIRIAM | P44: 82-101183-03H7 | Q44: 0.3125
B45: RHEEM TRANSFERENCIA | C45: EZO / MIRIAM | D45: 82-104984-122 | E45: 0.75 | H45: RHEEM FALCON | I45: EZO / MIRIAM | J45: 82-104985-53 | K45: 0.5 | N45: RHEEM NIPLES | O45: EZO / MIRIAM | P45: 82-101183-03H8 | Q45: 0.3125
B46: RHEEM TRANSFERENCIA | C46: EZO / MIRIAM | D46: 82-104984-189 | E46: 0.75 | H46: RHEEM FALCON | I46: EZO / MIRIAM | J46: 82-104985-54 | K46: 0.5 | N46: RHEEM NIPLES | O46: EZO / MIRIAM | P46: 82-101183-16H3 | Q46: 0.3125
B47: RHEEM TRANSFERENCIA | C47: EZO / MIRIAM | D47: 82-104984-190 | E47: 0.75 | H47: RHEEM FALCON | I47: EZO / MIRIAM | J47: 82-104985-55 | K47: 0.5 | N47: RHEEM NIPLES | O47: EZO / MIRIAM | P47: 82-101183-16H4 | Q47: 0.3125
... B54: RHEEM TRANSFERENCIA | C54: EZO / MIRIAM | D54: 82-100797-02 | E54: 0.75 | H54: RHEEM FALCON | I54: EZO / MIRIAM | J54: 82-104984-245 | K54: 0.75 | N54: RHEEM NIPLES | O54: EZO / MIRIAM | P54: 82-101183-16H11 | Q54: 0.3125
B55: RHEEM TRANSFERENCIA | C55: EZO / MIRIAM | D55: 82-100797-01 | E55: 0.75 | H55: RHEEM FALCON | I55: EZO / MIRIAM | J55: 82-104984-256 | K55: 0.75
B56: RHEEM TRANSFERENCIA | C56: EZO / MIRIAM | D56: 82-100797-06 | E56: 0.75 | H56: RHEEM FALCON | I56: EZO / MIRIAM | J56: 82-110951-04 | K56: 0.75
B57: RHEEM TRANSFERENCIA | C57: EZO / MIRIAM | D57: 82-101183-03 | E57: 0.75 | H57: RHEEM FALCON | I57: EZO / MIRIAM | J57: 82-110951-05 | K57: 0.75
B58: RHEEM TRANSFERENCIA | C58: EZO / MIRIAM | D58: 82-104982-02 | E58: 0.75 | H58: RHEEM FALCON | I58: EZO / MIRIAM | J58: 82-104984-246 | K58: 0.875
B59: RHEEM TRANSFERENCIA | C59: EZO / MIRIAM | D59: 82-104895-08 | E59: 0.75 | H59: RHEEM FALCON | I59: EZO / MIRIAM | J59: 82-104984-247 | K59: 0.875
B60: RHEEM TRANSFERENCIA | C60: EZO / MIRIAM | D60: 82-104982-01 | E60: 0.75 | H60: RHEEM FALCON | I60: EZO / MIRIAM | J60: 82-110951-01 | K60: 0.875
B61: RHEEM TRANSFERENCIA | C61: EZO / MIRIAM | D61: 82-104984-120 | E61: 0.875
B62: RHEEM TRANSFERENCIA | C62: EZO / MIRIAM | D62: 82-104984-118 | E62: 0.875
B63: RHEEM TRANSFERENCIA | C63: EZO / MIRIAM | D63: 82-104984-149 | E63: 0.875
B64: RHEEM TRANSFERENCIA | C64: EZO / MIRIAM | D64: 82-104984-148 | E64: 0.875
A66: FECHA: | F66: LÍNEA: | J66: TURNO: | O66: COORDINADOR:

Sheet HELIAN 
C2: RHEEM
B6: REPORTE DE PIEZAS - MÁQUINAS INTEGRADORAS (HELIAN)
B8: TRANSFERENCIA | H8: TRANSFERENCIA | N8: CIP
B9: CLIENTE | C9: DESTINO | D9: NÚMERO DE PARTE | E9: DIAMETRO | F9: CANTIDAD | H9: CLIENTE | I9: DESTINO | J9: NÚMERO DE PARTE | K9: DIAMETRO | L9: CANTIDAD | N9: CLIENTE | O9: DESTINO | P9: NÚMERO DE PARTE | Q9: DIAMETRO | R9: CANTIDAD
B10: RHEEM TRANSFERENCIA | C10: EZO / MIRIAM | D10: 82-104987-15 | E10: 0.25 | H10: RHEEM TRANSFERENCIA | I10: EZO / MIRIAM | J10: 82-104984-156 | K10: 0.875 | N10: RHEEM CIP-3501 | O10: CLIENTE | P10: 82-111023-02 | Q10: 0.375
B11: RHEEM TRANSFERENCIA | C11: EZO / MIRIAM | D11: 82-104987-13 | E11: 0.25 | H11: RHEEM TRANSFERENCIA | I11: EZO / MIRIAM | J11: 82-104984-126 | K11: 0.875 | N11: RHEEM CIP-3501 | O11: CLIENTE | P11: 82-111023-04 | Q11: 0.375
B12: RHEEM TRANSFERENCIA | C12: EZO / MIRIAM | D12: 82-104987-14 | E12: 0.25 | H12: RHEEM TRANSFERENCIA | I12: EZO / MIRIAM | J12: 82-104984-191 | K12: 0.875 | N12: RHEEM CIP-3501 | O12: CLIENTE | P12: 82-111023-10 | Q12: 0.375
B13: RHEEM TRANSFERENCIA | C13: EZO / MIRIAM | D13: 82-104986-88 | E13: 0.375 | H13: RHEEM TRANSFERENCIA | I13: EZO / MIRIAM | J13: 82-108426-01 | K13: 0.875 | N13: RHEEM CIP-3501 | O13: CLIENTE | P13: 82-110915-01 | Q13: 0.75
B14: RHEEM TRANSFERENCIA | C14: EZO / MIRIAM | D14: 82-104986-61 | E14: 0.375 | H14: RHEEM TRANSFERENCIA | I14: EZO / MIRIAM | J14: 82-100351-03 | K14: 0.875 | N14: RHEEM CIP-3501 | O14: CLIENTE | P14: 82-110915-02 | Q14: 0.75
B15: RHEEM TRANSFERENCIA | C15: EZO / MIRIAM | D15: 82-104986-59 | E15: 0.375 | H15: RHEEM TRANSFERENCIA | I15: EZO / MIRIAM | J15: 82-108451-01 | K15: 0.875 | N15: RHEEM CIP-3501 | O15: CLIENTE | P15: 82-110915-06 | Q15: 0.75
B16: RHEEM TRANSFERENCIA | C16: EZO / MIRIAM | D16: 82-104986-72 | E16: 0.375 | H16: RHEEM TRANSFERENCIA | I16: EZO / MIRIAM | J16: 82-108430-01 | K16: 0.875 | N16: RHEEM CIP-3501 | O16: CLIENTE | P16: 82-110915-09 | Q16: 0.75
B17: RHEEM TRANSFERENCIA | C17: EZO / MIRIAM | D17: 82-104986-89 | E17: 0.375 | H17: RHEEM TRANSFERENCIA | I17: EZO / MIRIAM | J17: 82-100797-04 | K17: 0.875 | N17: RHEEM CIP-3501 | O17: CLIENTE | P17: 82-110915-11 | Q17: 0.75
B18: RHEEM TRANSFERENCIA | C18: EZO / MIRIAM | D18: 82-104986-71 | E18: 0.375 | H18: RHEEM TRANSFERENCIA | I18: EZO / MIRIAM | J18: 82-100351-04 | K18: 0.875 | N18: RHEEM CIP-3501 | O18: CLIENTE | P18: 82-110915-13 | Q18: 0.75
B19: RHEEM TRANSFERENCIA | C19: EZO / MIRIAM | D19: 82-104986-60 | E19: 0.375 | H19: RHEEM TRANSFERENCIA | I19: EZO / MIRIAM | J19: 82-108430-03 | K19: 0.875 | N19: RHEEM CIP-3501 | O19: CLIENTE | P19: 82-110915-16 | Q19: 0.75
B20: RHEEM TRANSFERENCIA | C20: EZO / MIRIAM | D20: 82-104985-41 | E20: 0.5 | H20: RHEEM TRANSFERENCIA | I20: EZO / MIRIAM | J20: 82-104984-46 | K20: 0.875 | N20: RHEEM CIP-3501 | O20: CLIENTE | P20: 82-110915-04 | Q20: 0.875
B21: RHEEM TRANSFERENCIA | C21: EZO / MIRIAM | D21: 82-104985-25 | E21: 0.5 | H21: RHEEM TRANSFERENCIA | I21: EZO / MIRIAM | J21: 82-104984-216 | K21: 0.875 | N21: RHEEM CIP-3501 | O21: CLIENTE | P21: 82-110915-10 | Q21: 0.875
... B23: RHEEM TRANSFERENCIA | C23: EZO / MIRIAM | D23: 82-104985-39 | E23: 0.5 | H23: RHEEM TRANSFERENCIA | I23: EZO / MIRIAM | J23: 82-104982-04 | K23: 0.875 | N23: RHEEM CIP-3501 | O23: CLIENTE | P23: 82-110915-22 | Q23: 0.875
B24: RHEEM TRANSFERENCIA | C24: EZO / MIRIAM | D24: 82-108427-01 | E24: 0.5 | H24: RHEEM TRANSFERENCIA | I24: EZO / MIRIAM | J24: 82-104982-05 | K24: 0.875
B25: RHEEM TRANSFERENCIA | C25: EZO / MIRIAM | D25: 82-104748-69 | E25: 0.5 | H25: RHEEM TRANSFERENCIA | I25: EZO / MIRIAM | J25: 82-103015-09 | K25: 0.875
B26: RHEEM TRANSFERENCIA | C26: EZO / MIRIAM | D26: 82-104894-08 | E26: 0.5 | H26: RHEEM TRANSFERENCIA | I26: EZO / MIRIAM | J26: 82-106374-02 | K26: 0.875 | N26: NIPLES
B27: RHEEM TRANSFERENCIA | C27: EZO / MIRIAM | D27: 82-104894-02 | E27: 0.5 | H27: RHEEM TRANSFERENCIA | I27: EZO / MIRIAM | J27: 82-104982-08 | K27: 0.875 | N27: CLIENTE | O27: DESTINO | P27: NÚMERO DE PARTE | Q27: DIAMETRO | R27: CANTIDAD
B28: RHEEM TRANSFERENCIA | C28: EZO / MIRIAM | D28: 82-104895-02 | E28: 0.5 | H28: RHEEM TRANSFERENCIA | I28: EZO / MIRIAM | J28: 82-100797-05 | K28: 0.875 | N28: RHEEM NIPLES | O28: EZO / MIRIAM | P28: 82-100351-02H3 | Q28: 0.3125
B29: RHEEM TRANSFERENCIA | C29: EZO / MIRIAM | D29: 82-100797-16 | E29: 0.5 | H29: RHEEM TRANSFERENCIA | I29: EZO / MIRIAM | J29: 82-104982-03 | K29: 0.875 | N29: RHEEM NIPLES | O29: EZO / MIRIAM | P29: 82-100351-02H4 | Q29: 0.3125
B30: RHEEM TRANSFERENCIA | C30: EZO / MIRIAM | D30: 82-104895-06 | E30: 0.5 | H30: RHEEM TRANSFERENCIA | I30: EZO / MIRIAM | J30: 82-101183-16 | K30: 0.875 | N30: RHEEM NIPLES | O30: EZO / MIRIAM | P30: 82-100351-03H3 | Q30: 0.3125
B31: RHEEM TRANSFERENCIA | C31: EZO / MIRIAM | D31: 82-104894-07 | E31: 0.5 | H31: RHEEM TRANSFERENCIA | I31: EZO / MIRIAM | J31: 82-104895-09 | K31: 0.875 | N31: RHEEM NIPLES | O31: EZO / MIRIAM | P31: 82-100351-03H4 | Q31: 0.3125
B32: RHEEM TRANSFERENCIA | C32: EZO / MIRIAM | D32: 82-100797-23 | E32: 0.5 | H32: RHEEM TRANSFERENCIA | I32: EZO / MIRIAM | J32: 82-109836-01 | K32: 0.875 | N32: RHEEM NIPLES | O32: EZO / MIRIAM | P32: 82-100351-04H3 | Q32: 0.3125
B33: RHEEM TRANSFERENCIA | C33: EZO / MIRIAM | D33: 82-104894-10 | E33: 0.5 | N33: RHEEM NIPLES | O33: EZO / MIRIAM | P33: 82-100351-04H4 | Q33: 0.3125
B34: RHEEM TRANSFERENCIA | C34: EZO / MIRIAM | D34: 82-104895-07 | E34: 0.5 | H34: FALCON | N34: RHEEM NIPLES | O34: EZO / MIRIAM | P34: 82-101183-02H3 | Q34: 0.3125
B35: RHEEM TRANSFERENCIA | C35: EZO / MIRIAM | D35: 82-104895-17 | E35: 0.5 | H35: CLIENTE | I35: DESTINO | J35: NÚMERO DE PARTE | K35: DIAMETRO | L35: CANTIDAD | N35: RHEEM NIPLES | O35: EZO / MIRIAM | P35: 82-101183-02H4 | Q35: 0.3125
B36: RHEEM TRANSFERENCIA | C36: EZO / MIRIAM | D36: 82-104894-13 | E36: 0.5 | H36: RHEEM FALCON | I36: EZO / MIRIAM | J36: 82-109026-21 | K36: 0.25 | N36: RHEEM NIPLES | O36: EZO / MIRIAM | P36: 82-101183-02H5 | Q36: 0.3125
B37: RHEEM TRANSFERENCIA | C37: EZO / MIRIAM | D37: 82-104894-01 | E37: 0.5 | H37: RHEEM FALCON | I37: EZO / MIRIAM | J37: 82-109026-22 | K37: 0.25 | N37: RHEEM NIPLES | O37: EZO / MIRIAM | P37: 82-101183-02H6 | Q37: 0.3125
B38: RHEEM TRANSFERENCIA | C38: EZO / MIRIAM | D38: 82-104895-01 | E38: 0.5 | H38: RHEEM FALCON | I38: EZO / MIRIAM | J38: 82-110968-01 | K38: 0.25 | N38: RHEEM NIPLES | O38: EZO / MIRIAM | P38: 82-101183-02H7 | Q38: 0.3125
B39: RHEEM TRANSFERENCIA | C39: EZO / MIRIAM | D39: 82-104894-09 | E39: 0.5 | H39: RHEEM FALCON | I39: EZO / MIRIAM | J39: 82-105077-15 | K39: 0.375 | N39: RHEEM NIPLES | O39: EZO / MIRIAM | P39: 82-101183-02H8 | Q39: 0.3125
B40: RHEEM TRANSFERENCIA | C40: EZO / MIRIAM | D40: 82-104984-140 | E40: 0.625 | H40: RHEEM FALCON | I40: EZO / MIRIAM | J40: 82-105077-16 | K40: 0.375 | N40: RHEEM NIPLES | O40: EZO / MIRIAM | P40: 82-101183-03H3 | Q40: 0.3125
B41: RHEEM TRANSFERENCIA | C41: EZO / MIRIAM | D41: 82-104984-116 | E41: 0.625 | H41: RHEEM FALCON | I41: EZO / MIRIAM | J41: 82-105077-17 | K41: 0.375 | N41: RHEEM NIPLES | O41: EZO / MIRIAM | P41: 82-101183-03H4 | Q41: 0.3125
B42: RHEEM TRANSFERENCIA | C42: EZO / MIRIAM | D42: 82-104984-142 | E42: 0.625 | H42: RHEEM FALCON | I42: EZO / MIRIAM | J42: 82-105077-18 | K42: 0.375 | N42: RHEEM NIPLES | O42: EZO / MIRIAM | P42: 82-101183-03H5 | Q42: 0.3125
B43: RHEEM TRANSFERENCIA | C43: EZO / MIRIAM | D43: 82-104984-114 | E43: 0.75 | H43: RHEEM FALCON | I43: EZO / MIRIAM | J43: 82-104985-49 | K43: 0.5 | N43: RHEEM NIPLES | O43: EZO / MIRIAM | P43: 82-101183-03H6 | Q43: 0.3125
B44: RHEEM TRANSFERENCIA | C44: EZO / MIRIAM | D44: 82-104984-147 | E44: 0.75 | H44: RHEEM FALCON | I44: EZO / MIRIAM | J44: 82-104985-52 | K44: 0.5 | N44: RHEEM NIPLES | O44: EZO / MIRIAM | P44: 82-101183-03H7 | Q44: 0.3125
B45: RHEEM TRANSFERENCIA | C45: EZO / MIRIAM | D45: 82-104984-122 | E45: 0.75 | H45: RHEEM FALCON | I45: EZO / MIRIAM | J45: 82-104985-53 | K45: 0.5 | N45: RHEEM NIPLES | O45: EZO / MIRIAM | P45: 82-101183-03H8 | Q45: 0.3125
B46: RHEEM TRANSFERENCIA | C46: EZO / MIRIAM | D46: 82-104984-189 | E46: 0.75 | H46: RHEEM FALCON | I46: EZO / MIRIAM | J46: 82-104985-54 | K46: 0.5 | N46: RHEEM NIPLES | O46: EZO / MIRIAM | P46: 82-101183-16H3 | Q46: 0.3125
B47: RHEEM TRANSFERENCIA | C47: EZO / MIRIAM | D47: 82-104984-190 | E47: 0.75 | H47: RHEEM FALCON | I47: EZO / MIRIAM | J47: 82-104985-55 | K47: 0.5 | N47: RHEEM NIPLES | O47: EZO / MIRIAM | P47: 82-101183-16H4 | Q47: 0.3125
... B54: RHEEM TRANSFERENCIA | C54: EZO / MIRIAM | D54: 82-100797-02 | E54: 0.75 | H54: RHEEM FALCON | I54: EZO / MIRIAM | J54: 82-104984-245 | K54: 0.75 | N54: RHEEM NIPLES | O54: EZO / MIRIAM | P54: 82-101183-16H11 | Q54: 0.3125
B55: RHEEM TRANSFERENCIA | C55: EZO / MIRIAM | D55: 82-100797-01 | E55: 0.75 | H55: RHEEM FALCON | I55: EZO / MIRIAM | J55: 82-104984-256 | K55: 0.75
B56: RHEEM TRANSFERENCIA | C56: EZO / MIRIAM | D56: 82-100797-06 | E56: 0.75 | H56: RHEEM FALCON | I56: EZO / MIRIAM | J56: 82-110951-04 | K56: 0.75
B57: RHEEM TRANSFERENCIA | C57: EZO / MIRIAM | D57: 82-101183-03 | E57: 0.75 | H57: RHEEM FALCON | I57: EZO / MIRIAM | J57: 82-110951-05 | K57: 0.75
B58: RHEEM TRANSFERENCIA | C58: EZO / MIRIAM | D58: 82-104982-02 | E58: 0.75 | H58: RHEEM FALCON | I58: EZO / MIRIAM | J58: 82-104984-246 | K58: 0.875
B59: RHEEM TRANSFERENCIA | C59: EZO / MIRIAM | D59: 82-104895-08 | E59: 0.75 | H59: RHEEM FALCON | I59: EZO / MIRIAM | J59: 82-104984-247 | K59: 0.875
B60: RHEEM TRANSFERENCIA | C60: EZO / MIRIAM | D60: 82-104982-01 | E60: 0.75 | H60: RHEEM FALCON | I60: EZO / MIRIAM | J60: 82-110951-01 | K60: 0.875
B61: RHEEM TRANSFERENCIA | C61: EZO / MIRIAM | D61: 82-104984-120 | E61: 0.875
B62: RHEEM TRANSFERENCIA | C62: EZO / MIRIAM | D62: 82-104984-118 | E62: 0.875
B63: RHEEM TRANSFERENCIA | C63: EZO / MIRIAM | D63: 82-104984-149 | E63: 0.875
B64: RHEEM TRANSFERENCIA | C64: EZO / MIRIAM | D64: 82-104984-148 | E64: 0.875
A66: FECHA: | F66: LÍNEA: | J66: TURNO: | O66: COORDINADOR:

Sheet SEMANA 28
B2: DÍA | C2: TURNO
B3: =TODAY() -> 46308 | C3: A | I3: PROGRAMA
C4: B | I4: SEMANA | P4: 46209 | R4: 46210 | T4: 46211 | V4: 46212 | X4: 46213 | Z4: 46216 | AB4: 46217 | AD4: 46218 | AF4: 46219 | AH4: 46220 | AJ4: Ag1
B5: CLIENTE | C5: DESTINO | D5: NÚMERO DE PARTE | E5: DIAMETRO | F5: PARED | G5: PESO | H5: PRECIO | I5: 28 | J5: 29 | K5: Ag2 | L5: Ag3 | M5: Ag4 | N5: EZO | O5: BALANCE | P5: A | Q5: B | R5: A | S5: B | T5: A | U5: B | V5: A | W5: B | X5: A | Y5: B | Z5: A | AA5: B | AB5: A | AC5: B | AD5: A | AE5: B | AF5: A | AG5: B | AH5: A | AI5: B | AJ5: AYB | AK5: KG | AL5: CAJA | AM5: CANT. X CAJA | AN5: HOJA COLOR | AO5: TOTAL CAJAS | AQ5: Row Labels | AR5: Sum of TOTAL CAJAS
A6: 1 | B6: RHEEM TRANSFERENCIA | C6: EZO / MIRIAM | D6: 82-104987-15 | E6: 0.25 | F6: 0.028 | I6: 0 | J6: 0 | K6: 0 | L6: 0 | N6: 0 | O6: =+I6+J6+K6+L6+M6+N6-SUM(P6:AJ6) -> 0 | AK6: =+G6*SUM(I6:N6) -> 0 | AL6: 12.5X12.5X12.5 | AM6: 150 | AN6: VERDE | AO6: =+SUM(I6:N6)/AM6 -> 0 | AQ6: 0 | AR6: 0
A7: 2 | B7: RHEEM TRANSFERENCIA | C7: EZO / MIRIAM | D7: 82-104987-13 | E7: 0.25 | F7: 0.028 | I7: 1400 | J7: 0 | K7: 0 | L7: 0 | N7: 0 | O7: =+I7+J7+K7+L7+M7+N7-SUM(P7:AJ7) -> 0 | T7: 1400 | AK7: =+G7*SUM(I7:N7) -> 0 | AL7: 12.5X12.5X12.5 | AM7: 200 | AN7: VERDE | AO7: =+SUM(I7:N7)/AM7 -> 7 | AQ7: 12.5X12.5X12.5 | AR7: 52
A8: 3 | B8: RHEEM TRANSFERENCIA | C8: EZO / MIRIAM | D8: 82-104987-14 | E8: 0.25 | F8: 0.028 | I8: 0 | J8: 0 | K8: 0 | L8: 0 | N8: 0 | O8: =+I8+J8+K8+L8+M8+N8-SUM(P8:AJ8) -> 0 | AK8: =+G8*SUM(I8:N8) -> 0 | AL8: 12.5X12.5X12.5 | AM8: 200 | AN8: VERDE | AO8: =+SUM(I8:N8)/AM8 -> 0 | AQ8: 25x20x12.5 | AR8: 0
A9: 4 | B9: RHEEM TRANSFERENCIA | C9: EZO / MIRIAM | D9: 82-104986-88 | E9: 0.375 | F9: 0.028 | I9: 0 | J9: 0 | K9: 0 | L9: 0 | N9: 0 | O9: =+I9+J9+K9+L9+M9+N9-SUM(P9:AJ9) -> 0 | AK9: =+G9*SUM(I9:N9) -> 0 | AL9: 12.5X12.5X12.5 | AM9: 100 | AN9: VERDE | AO9: =+SUM(I9:N9)/AM9 -> 0 | AQ9: 30X20X7 | AR9: 116
A10: 5 | B10: RHEEM TRANSFERENCIA | C10: EZO / MIRIAM | D10: 82-104986-61 | E10: 0.375 | F10: 0.028 | I10: 0 | J10: 0 | K10: 0 | L10: 0 | N10: 0 | O10: =+I10+J10+K10+L10+M10+N10-SUM(P10:AJ10) -> 0 | AK10: =+G10*SUM(I10:N10) -> 0 | AL10: 12.5X12.5X12.5 | AM10: 150 | AN10: VERDE | AO10: =+SUM(I10:N10)/AM10 -> 0 | AQ10: 42X45X20 | AR10: 2
A11: 6 | B11: RHEEM TRANSFERENCIA | C11: EZO / MIRIAM | D11: 82-104986-59 | E11: 0.375 | F11: 0.028 | I11: 0 | J11: 0 | K11: 0 | L11: 0 | N11: 0 | O11: =+I11+J11+K11+L11+M11+N11-SUM(P11:AJ11) -> 0 | AK11: =+G11*SUM(I11:N11) -> 0 | AL11: 12.5X12.5X12.5 | AM11: 150 | AN11: VERDE | AO11: =+SUM(I11:N11)/AM11 -> 0 | AQ11: 44x41x12 | AR11: 10
A12: 7 | B12: RHEEM TRANSFERENCIA | C12: EZO / MIRIAM | D12: 82-104986-72 | E12: 0.375 | F12: 0.028 | I12: 1100 | J12: 0 | K12: 0 | L12: 0 | N12: 0 | O12: =+I12+J12+K12+L12+M12+N12-SUM(P12:AJ12) -> -106 | T12: 127 | U12: 1079 | AK12: =+G12*SUM(I12:N12) -> 0 | AL12: 12.5X12.5X12.5 | AM12: 50 | AN12: VERDE | AO12: =+SUM(I12:N12)/AM12 -> 22 | AQ12: Grand Total | AR12: 180
A13: 8 | B13: RHEEM TRANSFERENCIA | C13: EZO / MIRIAM | D13: 82-104986-89 | E13: 0.375 | F13: 0.028 | I13: 0 | J13: 0 | K13: 0 | L13: 0 | N13: 0 | O13: =+I13+J13+K13+L13+M13+N13-SUM(P13:AJ13) -> 0 | AK13: =+G13*SUM(I13:N13) -> 0 | AL13: 12.5X12.5X12.5 | AM13: 100 | AN13: VERDE | AO13: =+SUM(I13:N13)/AM13 -> 0
A14: 9 | B14: RHEEM TRANSFERENCIA | C14: EZO / MIRIAM | D14: 82-104986-71 | E14: 0.375 | F14: 0.028 | I14: 0 | J14: 0 | K14: 0 | L14: 0 | N14: 0 | O14: =+I14+J14+K14+L14+M14+N14-SUM(P14:AJ14) -> 0 | AK14: =+G14*SUM(I14:N14) -> 0 | AL14: 12.5X12.5X12.5 | AM14: 50 | AN14: VERDE | AO14: =+SUM(I14:N14)/AM14 -> 0
A15: 10 | B15: RHEEM TRANSFERENCIA | C15: EZO / MIRIAM | D15: 82-104986-60 | E15: 0.375 | F15: 0.028 | I15: 0 | J15: 0 | K15: 0 | L15: 0 | N15: 0 | O15: =+I15+J15+K15+L15+M15+N15-SUM(P15:AJ15) -> 0 | AK15: =+G15*SUM(I15:N15) -> 0 | AL15: 30X20X7 | AM15: 60 | AN15: VERDE | AO15: =+SUM(I15:N15)/AM15 -> 0
A16: 11 | B16: RHEEM TRANSFERENCIA | C16: EZO / MIRIAM | D16: 82-104985-41 | E16: 0.5 | F16: 0.028 | I16: 0 | J16: 0 | K16: 0 | L16: 0 | N16: 0 | O16: =+I16+J16+K16+L16+M16+N16-SUM(P16:AJ16) -> 0 | AK16: =+G16*SUM(I16:N16) -> 0 | AL16: 12.5x12.5x12.5 | AM16: 100 | AN16: VERDE | AO16: =+SUM(I16:N16)/AM16 -> 0
A17: 12 | B17: RHEEM TRANSFERENCIA | C17: EZO / MIRIAM | D17: 82-104985-25 | E17: 0.5 | F17: 0.028 | I17: 0 | J17: 0 | K17: 0 | L17: 0 | N17: 0 | O17: =+I17+J17+K17+L17+M17+N17-SUM(P17:AJ17) -> 0 | AK17: =+G17*SUM(I17:N17) -> 0 | AL17: 44x41x12 | AM17: 100 | AN17: VERDE | AO17: =+SUM(I17:N17)/AM17 -> 0
A18: 13 | B18: RHEEM TRANSFERENCIA | C18: EZO / MIRIAM | D18: 82-104748-68 | E18: 0.5 | F18: 0.028 | I18: 400 | J18: 0 | K18: 0 | L18: 0 | N18: 0 | O18: =+I18+J18+K18+L18+M18+N18-SUM(P18:AJ18) -> 0 | T18: 400 | AK18: =+G18*SUM(I18:N18) -> 0 | AL18: 44x41x12 | AM18: 100 | AN18: VERDE | AO18: =+SUM(I18:N18)/AM18 -> 4
A19: 14 | B19: RHEEM TRANSFERENCIA | C19: EZO / MIRIAM | D19: 82-104985-39 | E19: 0.5 | F19: 0.028 | I19: 0 | J19: 0 | K19: 0 | L19: 0 | N19: 0 | O19: =+I19+J19+K19+L19+M19+N19-SUM(P19:AJ19) -> 0 | AK19: =+G19*SUM(I19:N19) -> 0 | AL19: 44x41x12 | AM19: 100 | AN19: VERDE | AO19: =+SUM(I19:N19)/AM19 -> 0
A20: 15 | B20: RHEEM TRANSFERENCIA | C20: EZO / MIRIAM | D20: 82-108427-01 | E20: 0.5 | F20: 0.028 | I20: 0 | J20: 0 | K20: 0 | L20: 0 | N20: 0 | O20: =+I20+J20+K20+L20+M20+N20-SUM(P20:AJ20) -> 0 | AK20: =+G20*SUM(I20:N20) -> 0 | AL20: 44x41x12 | AM20: 80 | AN20: VERDE | AO20: =+SUM(I20:N20)/AM20 -> 0
A21: 16 | B21: RHEEM TRANSFERENCIA | C21: EZO / MIRIAM | D21: 82-104748-69 | E21: 0.5 | F21: 0.028 | I21: 0 | J21: 0 | K21: 0 | L21: 0 | N21: 0 | O21: =+I21+J21+K21+L21+M21+N21-SUM(P21:AJ21) -> 0 | AK21: =+G21*SUM(I21:N21) -> 0 | AL21: 44x41x12 | AM21: 100 | AN21: VERDE | AO21: =+SUM(I21:N21)/AM21 -> 0
A22: 17 | B22: RHEEM TRANSFERENCIA | C22: EZO / MIRIAM | D22: 82-104894-08 | E22: 0.5 | F22: 0.028 | I22: 0 | J22: 0 | K22: 0 | L22: 0 | N22: 0 | O22: =+I22+J22+K22+L22+M22+N22-SUM(P22:AJ22) -> 0 | AK22: =+G22*SUM(I22:N22) -> 0 | AL22: 0 | AM22: 0 | AN22: VERDE | AO22: 0
A23: 18 | B23: RHEEM TRANSFERENCIA | C23: EZO / MIRIAM | D23: 82-104894-02 | E23: 0.5 | F23: 0.028 | I23: 0 | J23: 0 | K23: 0 | L23: 0 | N23: 0 | O23: =+I23+J23+K23+L23+M23+N23-SUM(P23:AJ23) -> 0 | AK23: =+G23*SUM(I23:N23) -> 0 | AL23: 0 | AM23: 0 | AN23: VERDE | AO23: 0
A24: 19 | B24: RHEEM TRANSFERENCIA | C24: EZO / MIRIAM | D24: 82-104895-02 | E24: 0.5 | F24: 0.028 | I24: 0 | J24: 0 | K24: 0 | L24: 0 | N24: 0 | O24: =+I24+J24+K24+L24+M24+N24-SUM(P24:AJ24) -> 0 | AK24: =+G24*SUM(I24:N24) -> 0 | AL24: 0 | AM24: 0 | AN24: VERDE | AO24: 0
A25: 20 | B25: RHEEM TRANSFERENCIA | C25: EZO / MIRIAM | D25: 82-100797-16 | E25: 0.5 | F25: 0.028 | I25: 0 | J25: 0 | K25: 0 | L25: 0 | N25: 0 | O25: =+I25+J25+K25+L25+M25+N25-SUM(P25:AJ25) -> 0 | AK25: =+G25*SUM(I25:N25) -> 0 | AL25: 0 | AM25: 0 | AN25: VERDE | AO25: 0
A26: 21 | B26: RHEEM TRANSFERENCIA | C26: EZO / MIRIAM | D26: 82-104895-06 | E26: 0.5 | F26: 0.028 | I26: 0 | J26: 0 | K26: 0 | L26: 0 | N26: 0 | O26: =+I26+J26+K26+L26+M26+N26-SUM(P26:AJ26) -> 0 | AK26: =+G26*SUM(I26:N26) -> 0 | AL26: 0 | AM26: 0 | AN26: VERDE | AO26: 0
A27: 22 | B27: RHEEM TRANSFERENCIA | C27: EZO / MIRIAM | D27: 82-104894-07 | E27: 0.5 | F27: 0.028 | I27: 0 | J27: 0 | K27: 0 | L27: 0 | N27: 0 | O27: =+I27+J27+K27+L27+M27+N27-SUM(P27:AJ27) -> 0 | AK27: =+G27*SUM(I27:N27) -> 0 | AL27: 0 | AM27: 0 | AN27: VERDE | AO27: 0
A28: 23 | B28: RHEEM TRANSFERENCIA | C28: EZO / MIRIAM | D28: 82-100797-23 | E28: 0.5 | F28: 0.028 | I28: 0 | J28: 0 | K28: 0 | L28: 0 | N28: 0 | O28: =+I28+J28+K28+L28+M28+N28-SUM(P28:AJ28) -> 0 | AK28: =+G28*SUM(I28:N28) -> 0 | AL28: 0 | AM28: 0 | AN28: VERDE | AO28: 0
A29: 24 | B29: RHEEM TRANSFERENCIA | C29: EZO / MIRIAM | D29: 82-104894-10 | E29: 0.5 | F29: 0.028 | I29: 0 | J29: 0 | K29: 0 | L29: 0 | N29: 0 | O29: =+I29+J29+K29+L29+M29+N29-SUM(P29:AJ29) -> 0 | AK29: =+G29*SUM(I29:N29) -> 0 | AL29: 0 | AM29: 0 | AN29: VERDE | AO29: 0
A30: 25 | B30: RHEEM TRANSFERENCIA | C30: EZO / MIRIAM | D30: 82-104895-07 | E30: 0.5 | F30: 0.028 | I30: 0 | J30: 0 | K30: 0 | L30: 0 | N30: 0 | O30: =+I30+J30+K30+L30+M30+N30-SUM(P30:AJ30) -> 0 | AK30: =+G30*SUM(I30:N30) -> 0 | AL30: 0 | AM30: 0 | AN30: VERDE | AO30: 0
A31: 26 | B31: RHEEM TRANSFERENCIA | C31: EZO / MIRIAM | D31: 82-104895-17 | E31: 0.5 | F31: 0.028 | I31: 0 | J31: 0 | K31: 0 | L31: 0 | N31: 0 | O31: =+I31+J31+K31+L31+M31+N31-SUM(P31:AJ31) -> 0 | AK31: =+G31*SUM(I31:N31) -> 0 | AL31: 0 | AM31: 0 | AN31: VERDE | AO31: 0
A32: 27 | B32: RHEEM TRANSFERENCIA | C32: EZO / MIRIAM | D32: 82-104894-13 | E32: 0.5 | F32: 0.028 | I32: 0 | J32: 0 | K32: 0 | L32: 0 | N32: 0 | O32: =+I32+J32+K32+L32+M32+N32-SUM(P32:AJ32) -> 0 | AK32: =+G32*SUM(I32:N32) -> 0 | AL32: 0 | AM32: 0 | AN32: VERDE | AO32: 0
A33: 28 | B33: RHEEM TRANSFERENCIA | C33: EZO / MIRIAM | D33: 82-104894-01 | E33: 0.5 | F33: 0.028 | I33: 0 | J33: 0 | K33: 0 | L33: 0 | N33: 0 | O33: =+I33+J33+K33+L33+M33+N33-SUM(P33:AJ33) -> 0 | AK33: =+G33*SUM(I33:N33) -> 0 | AL33: 0 | AM33: 0 | AN33: VERDE | AO33: 0
... A35: 30 | B35: RHEEM TRANSFERENCIA | C35: EZO / MIRIAM | D35: 82-104894-09 | E35: 0.5 | F35: 0.028 | I35: 0 | J35: 0 | K35: 0 | L35: 0 | N35: 0 | O35: =+I35+J35+K35+L35+M35+N35-SUM(P35:AJ35) -> 0 | AK35: =+G35*SUM(I35:N35) -> 0 | AL35: 0 | AM35: 0 | AN35: VERDE | AO35: 0
A36: 31 | B36: RHEEM TRANSFERENCIA | C36: EZO / MIRIAM | D36: 82-104984-140 | E36: 0.625 | F36: 0.035 | I36: 0 | J36: 0 | K36: 0 | L36: 0 | N36: 0 | O36: =+I36+J36+K36+L36+M36+N36-SUM(P36:AJ36) -> 0 | AK36: =+G36*SUM(I36:N36) -> 0 | AL36: 44x41x12 | AM36: 200 | AN36: VERDE | AO36: =+SUM(I36:N36)/AM36 -> 0
A37: 32 | B37: RHEEM TRANSFERENCIA | C37: EZO / MIRIAM | D37: 82-104984-116 | E37: 0.625 | F37: 0.035 | I37: 600 | J37: 0 | K37: 0 | L37: 0 | N37: 0 | O37: =+I37+J37+K37+L37+M37+N37-SUM(P37:AJ37) -> -181 | X37: 181 | Y37: 600 | AK37: =+G37*SUM(I37:N37) -> 0 | AL37: 44x41x12 | AM37: 100 | AN37: VERDE | AO37: =+SUM(I37:N37)/AM37 -> 6
A38: 33 | B38: RHEEM TRANSFERENCIA | C38: EZO / MIRIAM | D38: 82-104984-142 | E38: 0.625 | F38: 0.035 | I38: 0 | J38: 0 | K38: 0 | L38: 0 | N38: 0 | O38: =+I38+J38+K38+L38+M38+N38-SUM(P38:AJ38) -> 0 | AK38: =+G38*SUM(I38:N38) -> 0 | AL38: 44x41x12 | AM38: 100 | AN38: VERDE | AO38: =+SUM(I38:N38)/AM38 -> 0
A39: 34 | B39: RHEEM TRANSFERENCIA | C39: EZO / MIRIAM | D39: 82-104984-114 | E39: 0.75 | F39: 0.035 | I39: 2000 | J39: 0 | K39: 0 | L39: 0 | N39: 0 | O39: =+I39+J39+K39+L39+M39+N39-SUM(P39:AJ39) -> -960 | U39: 960 | V39: 2000 | AK39: =+G39*SUM(I39:N39) -> 0 | AL39: 42X45X20 | AM39: 2000 | AN39: VERDE | AO39: =+SUM(I39:N39)/AM39 -> 1
A40: 35 | B40: RHEEM TRANSFERENCIA | C40: EZO / MIRIAM | D40: 82-104984-147 | E40: 0.75 | F40: 0.035 | I40: 0 | J40: 0 | K40: 0 | L40: 0 | N40: 0 | O40: =+I40+J40+K40+L40+M40+N40-SUM(P40:AJ40) -> 0 | AK40: =+G40*SUM(I40:N40) -> 0 | AL40: 42X45X20 | AM40: 500 | AN40: VERDE | AO40: =+SUM(I40:N40)/AM40 -> 0
A41: 36 | B41: RHEEM TRANSFERENCIA | C41: EZO / MIRIAM | D41: 82-104984-122 | E41: 0.75 | F41: 0.035 | I41: 0 | J41: 0 | K41: 0 | L41: 0 | N41: 0 | O41: =+I41+J41+K41+L41+M41+N41-SUM(P41:AJ41) -> 0 | AK41: =+G41*SUM(I41:N41) -> 0 | AL41: 42X45X20 | AM41: 250 | AN41: VERDE | AO41: =+SUM(I41:N41)/AM41 -> 0
A42: 37 | B42: RHEEM TRANSFERENCIA | C42: EZO / MIRIAM | D42: 82-104984-189 | E42: 0.75 | F42: 0.035 | I42: 0 | J42: 0 | K42: 0 | L42: 0 | N42: 0 | O42: =+I42+J42+K42+L42+M42+N42-SUM(P42:AJ42) -> 0 | AK42: =+G42*SUM(I42:N42) -> 0 | AL42: 42X45X20 | AM42: 300 | AN42: VERDE | AO42: =+SUM(I42:N42)/AM42 -> 0
A43: 38 | B43: RHEEM TRANSFERENCIA | C43: EZO / MIRIAM | D43: 82-104984-190 | E43: 0.75 | F43: 0.035 | I43: 0 | J43: 0 | K43: 0 | L43: 0 | N43: 0 | O43: =+I43+J43+K43+L43+M43+N43-SUM(P43:AJ43) -> 0 | AK43: =+G43*SUM(I43:N43) -> 0 | AL43: 42X45X20 | AM43: 300 | AN43: VERDE | AO43: =+SUM(I43:N43)/AM43 -> 0
A44: 39 | B44: RHEEM TRANSFERENCIA | C44: EZO / MIRIAM | D44: 82-104984-124 | E44: 0.75 | F44: 0.035 | I44: 0 | J44: 0 | K44: 0 | L44: 0 | N44: 0 | O44: =+I44+J44+K44+L44+M44+N44-SUM(P44:AJ44) -> 0 | AK44: =+G44*SUM(I44:N44) -> 0 | AL44: 42X45X20 | AM44: 2000 | AN44: VERDE | AO44: =+SUM(I44:N44)/AM44 -> 0
A45: 40 | B45: RHEEM TRANSFERENCIA | C45: EZO / MIRIAM | D45: 82-104984-143 | E45: 0.75 | F45: 0.035 | I45: 0 | J45: 0 | K45: 0 | L45: 0 | N45: 0 | O45: =+I45+J45+K45+L45+M45+N45-SUM(P45:AJ45) -> 0 | AK45: =+G45*SUM(I45:N45) -> 0 | AL45: 42X45X20 | AM45: 1000 | AN45: VERDE | AO45: =+SUM(I45:N45)/AM45 -> 0
A46: 41 | B46: RHEEM TRANSFERENCIA | C46: EZO / MIRIAM | D46: 82-100351-01 | E46: 0.75 | F46: 0.035 | I46: 0 | J46: 0 | K46: 0 | L46: 0 | N46: 0 | O46: =+I46+J46+K46+L46+M46+N46-SUM(P46:AJ46) -> 0 | AK46: =+G46*SUM(I46:N46) -> 0 | AL46: 0 | AM46: 0 | AN46: VERDE | AO46: 0
A47: 42 | B47: RHEEM TRANSFERENCIA | C47: EZO / MIRIAM | D47: 82-103227-15 | E47: 0.75 | F47: 0.035 | I47: 0 | J47: 0 | K47: 0 | L47: 0 | N47: 0 | O47: =+I47+J47+K47+L47+M47+N47-SUM(P47:AJ47) -> 0 | AK47: =+G47*SUM(I47:N47) -> 0 | AL47: 0 | AM47: 0 | AN47: VERDE | AO47: 0
A48: 43 | B48: RHEEM TRANSFERENCIA | C48: EZO / MIRIAM | D48: 82-100351-02 | E48: 0.75 | F48: 0.035 | I48: 0 | J48: 0 | K48: 0 | L48: 0 | N48: 0 | O48: =+I48+J48+K48+L48+M48+N48-SUM(P48:AJ48) -> -1940 | AH48: 1940 | AK48: =+G48*SUM(I48:N48) -> 0 | AL48: 0 | AM48: 0 | AN48: VERDE | AO48: 0
A49: 44 | B49: RHEEM TRANSFERENCIA | C49: EZO / MIRIAM | D49: 82-104982-06 | E49: 0.75 | F49: 0.035 | I49: 0 | J49: 0 | K49: 0 | L49: 0 | N49: 0 | O49: =+I49+J49+K49+L49+M49+N49-SUM(P49:AJ49) -> 0 | AK49: =+G49*SUM(I49:N49) -> 0 | AL49: 0 | AM49: 0 | AN49: VERDE | AO49: 0
A50: 45 | B50: RHEEM TRANSFERENCIA | C50: EZO / MIRIAM | D50: 82-100797-02 | E50: 0.75 | F50: 0.035 | I50: 0 | J50: 0 | K50: 0 | L50: 0 | N50: 0 | O50: =+I50+J50+K50+L50+M50+N50-SUM(P50:AJ50) -> 0 | AK50: =+G50*SUM(I50:N50) -> 0 | AL50: 0 | AM50: 0 | AN50: VERDE | AO50: 0
A51: 46 | B51: RHEEM TRANSFERENCIA | C51: EZO / MIRIAM | D51: 82-100797-01 | E51: 0.75 | F51: 0.035 | I51: 0 | J51: 0 | K51: 0 | L51: 0 | N51: 0 | O51: =+I51+J51+K51+L51+M51+N51-SUM(P51:AJ51) -> 0 | AK51: =+G51*SUM(I51:N51) -> 0 | AL51: 0 | AM51: 0 | AN51: VERDE | AO51: 0
A52: 47 | B52: RHEEM TRANSFERENCIA | C52: EZO / MIRIAM | D52: 82-100797-06 | E52: 0.75 | F52: 0.035 | I52: 0 | J52: 0 | K52: 0 | L52: 0 | N52: 0 | O52: =+I52+J52+K52+L52+M52+N52-SUM(P52:AJ52) -> 0 | AK52: =+G52*SUM(I52:N52) -> 0 | AL52: 0 | AM52: 0 | AN52: VERDE | AO52: 0
A53: 48 | B53: RHEEM TRANSFERENCIA | C53: EZO / MIRIAM | D53: 82-101183-03 | E53: 0.75 | F53: 0.035 | I53: 0 | J53: 0 | K53: 0 | L53: 0 | N53: 0 | O53: =+I53+J53+K53+L53+M53+N53-SUM(P53:AJ53) -> 0 | AK53: =+G53*SUM(I53:N53) -> 0 | AL53: 0 | AM53: 0 | AN53: VERDE | AO53: 0
A54: 49 | B54: RHEEM TRANSFERENCIA | C54: EZO / MIRIAM | D54: 82-104982-02 | E54: 0.75 | F54: 0.035 | I54: 0 | J54: 0 | K54: 0 | L54: 0 | N54: 0 | O54: =+I54+J54+K54+L54+M54+N54-SUM(P54:AJ54) -> 0 | AK54: =+G54*SUM(I54:N54) -> 0 | AL54: 0 | AM54: 0 | AN54: VERDE | AO54: 0
A55: 50 | B55: RHEEM TRANSFERENCIA | C55: EZO / MIRIAM | D55: 82-104895-08 | E55: 0.75 | F55: 0.035 | I55: 0 | J55: 0 | K55: 0 | L55: 0 | N55: 0 | O55: =+I55+J55+K55+L55+M55+N55-SUM(P55:AJ55) -> 0 | AK55: =+G55*SUM(I55:N55) -> 0 | AL55: 0 | AM55: 0 | AN55: VERDE | AO55: 0
A56: 51 | B56: RHEEM TRANSFERENCIA | C56: EZO / MIRIAM | D56: 82-104982-01 | E56: 0.75 | F56: 0.035 | I56: 0 | J56: 0 | K56: 0 | L56: 0 | N56: 0 | O56: =+I56+J56+K56+L56+M56+N56-SUM(P56:AJ56) -> 0 | AK56: =+G56*SUM(I56:N56) -> 0 | AL56: 0 | AM56: 0 | AN56: VERDE | AO56: 0
A57: 52 | B57: RHEEM TRANSFERENCIA | C57: EZO / MIRIAM | D57: 82-104984-120 | E57: 0.875 | F57: 0.045 | I57: 1000 | J57: 0 | K57: 0 | L57: 0 | N57: 0 | O57: =+I57+J57+K57+L57+M57+N57-SUM(P57:AJ57) -> 0 | T57: 1000 | AK57: =+G57*SUM(I57:N57) -> 0 | AL57: 42X45X20 | AM57: 1000 | AN57: VERDE | AO57: =+SUM(I57:N57)/AM57 -> 1
A58: 53 | B58: RHEEM TRANSFERENCIA | C58: EZO / MIRIAM | D58: 82-104984-118 | E58: 0.875 | F58: 0.045 | I58: 0 | J58: 0 | K58: 0 | L58: 0 | N58: 0 | O58: =+I58+J58+K58+L58+M58+N58-SUM(P58:AJ58) -> 0 | AK58: =+G58*SUM(I58:N58) -> 0 | AL58: 42x45x20 | AM58: 200 | AN58: VERDE | AO58: =+SUM(I58:N58)/AM58 -> 0
A59: 54 | B59: RHEEM TRANSFERENCIA | C59: EZO / MIRIAM | D59: 82-104984-149 | E59: 0.875 | F59: 0.045 | I59: 0 | J59: 0 | K59: 0 | L59: 0 | N59: 0 | O59: =+I59+J59+K59+L59+M59+N59-SUM(P59:AJ59) -> 0 | AK59: =+G59*SUM(I59:N59) -> 0 | AL59: 42X45X20 | AM59: 1000 | AN59: VERDE | AO59: =+SUM(I59:N59)/AM59 -> 0
A60: 55 | B60: RHEEM TRANSFERENCIA | C60: EZO / MIRIAM | D60: 82-104984-148 | E60: 0.875 | F60: 0.045 | I60: 0 | J60: 0 | K60: 0 | L60: 0 | N60: 0 | O60: =+I60+J60+K60+L60+M60+N60-SUM(P60:AJ60) -> 0 | AK60: =+G60*SUM(I60:N60) -> 0 | AL60: 42x45x20 | AM60: 500 | AN60: VERDE | AO60: =+SUM(I60:N60)/AM60 -> 0
A61: 56 | B61: RHEEM TRANSFERENCIA | C61: EZO / MIRIAM | D61: 82-104984-156 | E61: 0.875 | F61: 0.045 | I61: 0 | J61: 0 | K61: 0 | L61: 0 | N61: 0 | O61: =+I61+J61+K61+L61+M61+N61-SUM(P61:AJ61) -> 0 | AK61: =+G61*SUM(I61:N61) -> 0 | AL61: 42X45X20 | AM61: 1000 | AN61: VERDE | AO61: =+SUM(I61:N61)/AM61 -> 0
A62: 57 | B62: RHEEM TRANSFERENCIA | C62: EZO / MIRIAM | D62: 82-104984-126 | E62: 0.875 | F62: 0.045 | I62: 0 | J62: 0 | K62: 0 | L62: 0 | N62: 0 | O62: =+I62+J62+K62+L62+M62+N62-SUM(P62:AJ62) -> 0 | AK62: =+G62*SUM(I62:N62) -> 0 | AL62: 42x45x20 | AM62: 200 | AN62: VERDE | AO62: =+SUM(I62:N62)/AM62 -> 0
A63: 58 | B63: RHEEM TRANSFERENCIA | C63: EZO / MIRIAM | D63: 82-104984-191 | E63: 0.875 | F63: 0.045 | I63: 0 | J63: 0 | K63: 0 | L63: 0 | N63: 0 | O63: =+I63+J63+K63+L63+M63+N63-SUM(P63:AJ63) -> 0 | AK63: =+G63*SUM(I63:N63) -> 0 | AL63: 42x45x20 | AM63: 500 | AN63: VERDE | AO63: =+SUM(I63:N63)/AM63 -> 0
A64: 59 | B64: RHEEM TRANSFERENCIA | C64: EZO / MIRIAM | D64: 82-108426-01 | E64: 0.875 | F64: 0.045 | I64: 0 | J64: 0 | K64: 0 | L64: 0 | N64: 0 | O64: =+I64+J64+K64+L64+M64+N64-SUM(P64:AJ64) -> 0 | AK64: =+G64*SUM(I64:N64) -> 0 | AL64: 0 | AM64: 0 | AN64: VERDE | AO64: 0
A65: 60 | B65: RHEEM TRANSFERENCIA | C65: EZO / MIRIAM | D65: 82-100351-03 | E65: 0.875 | F65: 0.045 | I65: 0 | J65: 0 | K65: 0 | L65: 0 | N65: 0 | O65: =+I65+J65+K65+L65+M65+N65-SUM(P65:AJ65) -> -2057 | AG65: 1500 | AH65: 557 | AK65: =+G65*SUM(I65:N65) -> 0 | AL65: 0 | AM65: 0 | AN65: VERDE | AO65: 0
A66: 61 | B66: RHEEM TRANSFERENCIA | C66: EZO / MIRIAM | D66: 82-108451-01 | E66: 0.875 | F66: 0.045 | I66: 0 | J66: 0 | K66: 0 | L66: 0 | N66: 0 | O66: =+I66+J66+K66+L66+M66+N66-SUM(P66:AJ66) -> 0 | AK66: =+G66*SUM(I66:N66) -> 0 | AL66: 0 | AM66: 0 | AN66: VERDE | AO66: 0
A67: 62 | B67: RHEEM TRANSFERENCIA | C67: EZO / MIRIAM | D67: 82-108430-01 | E67: 0.875 | F67: 0.045 | I67: 0 | J67: 0 | K67: 0 | L67: 0 | N67: 0 | O67: =+I67+J67+K67+L67+M67+N67-SUM(P67:AJ67) -> 0 | AK67: =+G67*SUM(I67:N67) -> 0 | AL67: 42x45x20 | AM67: 200 | AN67: VERDE | AO67: =+SUM(I67:N67)/AM67 -> 0
A68: 63 | B68: RHEEM TRANSFERENCIA | C68: EZO / MIRIAM | D68: 82-100797-04 | E68: 0.875 | F68: 0.045 | I68: 0 | J68: 0 | K68: 0 | L68: 0 | N68: 0 | O68: =+I68+J68+K68+L68+M68+N68-SUM(P68:AJ68) -> 0 | AK68: =+G68*SUM(I68:N68) -> 0 | AL68: 0 | AM68: 0 | AN68: VERDE | AO68: 0
A69: 64 | B69: RHEEM TRANSFERENCIA | C69: EZO / MIRIAM | D69: 82-100351-04 | E69: 0.875 | F69: 0.045 | I69: 0 | J69: 0 | K69: 0 | L69: 0 | N69: 0 | O69: =+I69+J69+K69+L69+M69+N69-SUM(P69:AJ69) -> -1243 | AG69: 1243 | AK69: =+G69*SUM(I69:N69) -> 0 | AL69: 0 | AM69: 0 | AN69: VERDE | AO69: 0
A70: 65 | B70: RHEEM TRANSFERENCIA | C70: EZO / MIRIAM | D70: 82-108430-03 | E70: 0.875 | F70: 0.045 | I70: 0 | J70: 0 | K70: 0 | L70: 0 | N70: 0 | O70: =+I70+J70+K70+L70+M70+N70-SUM(P70:AJ70) -> 0 | AK70: =+G70*SUM(I70:N70) -> 0 | AL70: 42x45x20 | AM70: 200 | AN70: VERDE | AO70: =+SUM(I70:N70)/AM70 -> 0
A71: 66 | B71: RHEEM TRANSFERENCIA | C71: EZO / MIRIAM | D71: 82-104984-46 | E71: 0.875 | F71: 0.045 | I71: 0 | J71: 0 | K71: 0 | L71: 0 | N71: 0 | O71: =+I71+J71+K71+L71+M71+N71-SUM(P71:AJ71) -> 0 | AK71: =+G71*SUM(I71:N71) -> 0 | AL71: 42x45x20 | AM71: 500 | AN71: VERDE | AO71: =+SUM(I71:N71)/AM71 -> 0
A72: 67 | B72: RHEEM TRANSFERENCIA | C72: EZO / MIRIAM | D72: 82-104984-216 | E72: 0.875 | F72: 0.045 | I72: 0 | J72: 0 | K72: 0 | L72: 0 | N72: 0 | O72: =+I72+J72+K72+L72+M72+N72-SUM(P72:AJ72) -> 0 | AK72: =+G72*SUM(I72:N72) -> 0 | AL72: 42x45x20 | AM72: 200 | AN72: VERDE | AO72: =+SUM(I72:N72)/AM72 -> 0
A73: 68 | B73: RHEEM TRANSFERENCIA | C73: EZO / MIRIAM | D73: 82-101183-04 | E73: 0.875 | F73: 0.045 | I73: 0 | J73: 0 | K73: 0 | L73: 0 | N73: 0 | O73: =+I73+J73+K73+L73+M73+N73-SUM(P73:AJ73) -> 0 | AK73: =+G73*SUM(I73:N73) -> 0 | AL73: 0 | AM73: 0 | AN73: VERDE | AO73: 0
A74: 69 | B74: RHEEM TRANSFERENCIA | C74: EZO / MIRIAM | D74: 82-104982-04 | E74: 0.875 | F74: 0.045 | I74: 0 | J74: 0 | K74: 0 | L74: 0 | N74: 0 | O74: =+I74+J74+K74+L74+M74+N74-SUM(P74:AJ74) -> 0 | AK74: =+G74*SUM(I74:N74) -> 0 | AL74: 0 | AM74: 0 | AN74: VERDE | AO74: 0
A75: 70 | B75: RHEEM TRANSFERENCIA | C75: EZO / MIRIAM | D75: 82-104982-05 | E75: 0.875 | F75: 0.045 | I75: 0 | J75: 0 | K75: 0 | L75: 0 | N75: 0 | O75: =+I75+J75+K75+L75+M75+N75-SUM(P75:AJ75) -> 0 | AK75: =+G75*SUM(I75:N75) -> 0 | AL75: 0 | AM75: 0 | AN75: VERDE | AO75: 0
A76: 71 | B76: RHEEM TRANSFERENCIA | C76: EZO / MIRIAM | D76: 82-103015-09 | E76: 0.875 | F76: 0.045 | I76: 0 | J76: 0 | K76: 0 | L76: 0 | N76: 0 | O76: =+I76+J76+K76+L76+M76+N76-SUM(P76:AJ76) -> 0 | AK76: =+G76*SUM(I76:N76) -> 0 | AL76: 0 | AM76: 0 | AN76: VERDE | AO76: 0
A77: 72 | B77: RHEEM TRANSFERENCIA | C77: EZO / MIRIAM | D77: 82-106374-02 | E77: 0.875 | F77: 0.045 | I77: 0 | J77: 0 | K77: 0 | L77: 0 | N77: 0 | O77: =+I77+J77+K77+L77+M77+N77-SUM(P77:AJ77) -> 0 | AK77: =+G77*SUM(I77:N77) -> 0 | AL77: 0 | AM77: 0 | AN77: VERDE | AO77: 0
A78: 73 | B78: RHEEM TRANSFERENCIA | C78: EZO / MIRIAM | D78: 82-104982-08 | E78: 0.875 | F78: 0.045 | I78: 0 | J78: 0 | K78: 0 | L78: 0 | N78: 0 | O78: =+I78+J78+K78+L78+M78+N78-SUM(P78:AJ78) -> 0 | AK78: =+G78*SUM(I78:N78) -> 0 | AL78: 0 | AM78: 0 | AN78: VERDE | AO78: 0
A79: 74 | B79: RHEEM TRANSFERENCIA | C79: EZO / MIRIAM | D79: 82-100797-05 | E79: 0.875 | F79: 0.045 | I79: 0 | J79: 0 | K79: 0 | L79: 0 | N79: 0 | O79: =+I79+J79+K79+L79+M79+N79-SUM(P79:AJ79) -> 0 | AK79: =+G79*SUM(I79:N79) -> 0 | AL79: 0 | AM79: 0 | AN79: VERDE | AO79: 0
A80: 75 | B80: RHEEM TRANSFERENCIA | C80: EZO / MIRIAM | D80: 82-104982-03 | E80: 0.875 | F80: 0.045 | I80: 0 | J80: 0 | K80: 0 | L80: 0 | N80: 0 | O80: =+I80+J80+K80+L80+M80+N80-SUM(P80:AJ80) -> 0 | AK80: =+G80*SUM(I80:N80) -> 0 | AL80: 0 | AM80: 0 | AN80: VERDE | AO80: 0
A81: 76 | B81: RHEEM TRANSFERENCIA | C81: EZO / MIRIAM | D81: 82-101183-16 | E81: 0.875 | F81: 0.045 | I81: 0 | J81: 0 | K81: 0 | L81: 0 | N81: 0 | O81: =+I81+J81+K81+L81+M81+N81-SUM(P81:AJ81) -> 0 | AK81: =+G81*SUM(I81:N81) -> 0 | AL81: 0 | AM81: 0 | AN81: VERDE | AO81: 0
A82: 77 | B82: RHEEM TRANSFERENCIA | C82: EZO / MIRIAM | D82: 82-104895-09 | E82: 0.875 | F82: 0.045 | I82: 0 | J82: 0 | K82: 0 | L82: 0 | N82: 0 | O82: =+I82+J82+K82+L82+M82+N82-SUM(P82:AJ82) -> 0 | AK82: =+G82*SUM(I82:N82) -> 0 | AL82: 0 | AM82: 0 | AN82: VERDE | AO82: 0
A83: 78 | B83: RHEEM TRANSFERENCIA | C83: EZO / MIRIAM | D83: 82-109836-01 | E83: 0.875 | F83: 0.045 | I83: 0 | J83: 0 | K83: 0 | L83: 0 | N83: 0 | O83: =+I83+J83+K83+L83+M83+N83-SUM(P83:AJ83) -> 0 | AK83: =+G83*SUM(I83:N83) -> 0 | AL83: 0 | AM83: 0 | AN83: VERDE | AO83: 0
A84: 79 | B84: RHEEM FALCON | C84: EZO / MIRIAM | D84: 82-109026-21 | E84: 0.25 | I84: 0 | J84: 1200 | K84: 0 | L84: 0 | N84: 0 | O84: =+I84+J84+K84+L84+M84+N84-SUM(P84:AJ84) -> -1000 | X84: 800 | Z84: 200 | AE84: 1200 | AK84: =+G84*SUM(I84:N84) -> 0 | AL84: 12.5X12.5X12.5 | AM84: 200 | AN84: NARANJA | AO84: =+SUM(I84:N84)/AM84 -> 6
A85: 80 | B85: RHEEM FALCON | C85: EZO / MIRIAM | D85: 82-109026-22 | E85: 0.25 | I85: 0 | J85: 2200 | K85: 0 | L85: 0 | N85: 0 | O85: =+I85+J85+K85+L85+M85+N85-SUM(P85:AJ85) -> -3000 | Z85: 1000 | AB85: 1200 | AC85: 1200 | AE85: 1800 | AK85: =+G85*SUM(I85:N85) -> 0 | AL85: 12.5X12.5X12.5 | AM85: 200 | AN85: NARANJA | AO85: =+SUM(I85:N85)/AM85 -> 11
A86: 81 | B86: RHEEM FALCON | C86: EZO / MIRIAM | D86: 82-110968-01 | E86: 0.25 | I86: 0 | J86: 1200 | K86: 0 | L86: 0 | N86: 0 | O86: =+I86+J86+K86+L86+M86+N86-SUM(P86:AJ86) -> -1000 | Z86: 1200 | AE86: 1000 | AK86: =+G86*SUM(I86:N86) -> 0 | AL86: 12.5X12.5X12.5 | AM86: 200 | AN86: NARANJA | AO86: =+SUM(I86:N86)/AM86 -> 6
A87: 82 | B87: RHEEM FALCON | C87: EZO / MIRIAM | D87: 82-105077-15 | E87: 0.375 | I87: 0 | J87: 0 | K87: 0 | L87: 0 | N87: 0 | O87: =+I87+J87+K87+L87+M87+N87-SUM(P87:AJ87) -> 0 | AK87: =+G87*SUM(I87:N87) -> 0 | AL87: 0 | AM87: 0 | AN87: NARANJA | AO87: 0
A88: 83 | B88: RHEEM FALCON | C88: EZO / MIRIAM | D88: 82-105077-16 | E88: 0.375 | I88: 0 | J88: 0 | K88: 0 | L88: 0 | N88: 0 | O88: =+I88+J88+K88+L88+M88+N88-SUM(P88:AJ88) -> 0 | AK88: =+G88*SUM(I88:N88) -> 0 | AL88: 0 | AM88: 0 | AN88: NARANJA | AO88: 0
A89: 84 | B89: RHEEM FALCON | C89: EZO / MIRIAM | D89: 82-105077-17 | E89: 0.375 | I89: 0 | J89: 0 | K89: 0 | L89: 0 | N89: 0 | O89: =+I89+J89+K89+L89+M89+N89-SUM(P89:AJ89) -> 0 | AK89: =+G89*SUM(I89:N89) -> 0 | AL89: 0 | AM89: 0 | AN89: NARANJA | AO89: 0
A90: 85 | B90: RHEEM FALCON | C90: EZO / MIRIAM | D90: 82-105077-18 | E90: 0.375 | I90: 0 | J90: 0 | K90: 0 | L90: 0 | N90: 0 | O90: =+I90+J90+K90+L90+M90+N90-SUM(P90:AJ90) -> 0 | AK90: =+G90*SUM(I90:N90) -> 0 | AL90: 0 | AM90: 0 | AN90: NARANJA | AO90: 0
A91: 86 | B91: RHEEM FALCON | C91: EZO / MIRIAM | D91: 82-104985-49 | E91: 0.5 | I91: 0 | J91: 2200 | K91: 0 | L91: 0 | N91: 0 | O91: =+I91+J91+K91+L91+M91+N91-SUM(P91:AJ91) -> -400 | AC91: 200 | AD91: 400 | AJ91: 2000 | AK91: =+G91*SUM(I91:N91) -> 0 | AL91: 30X20X7 | AM91: 100 | AN91: NARANJA | AO91: =+SUM(I91:N91)/AM91 -> 22
A92: 87 | B92: RHEEM FALCON | C92: EZO / MIRIAM | D92: 82-104985-52 | E92: 0.5 | I92: 0 | J92: 0 | K92: 0 | L92: 0 | N92: 0 | O92: =+I92+J92+K92+L92+M92+N92-SUM(P92:AJ92) -> 0 | AK92: =+G92*SUM(I92:N92) -> 0 | AL92: 30X20X7 | AM92: 200 | AN92: NARANJA | AO92: =+SUM(I92:N92)/AM92 -> 0
A93: 88 | B93: RHEEM FALCON | C93: EZO / MIRIAM | D93: 82-104985-53 | E93: 0.5 | I93: 0 | J93: 0 | K93: 1200 | L93: 0 | N93: 0 | O93: =+I93+J93+K93+L93+M93+N93-SUM(P93:AJ93) -> 1200 | AK93: =+G93*SUM(I93:N93) -> 0 | AL93: 30X20X7 | AM93: 200 | AN93: NARANJA | AO93: =+SUM(I93:N93)/AM93 -> 6
A94: 89 | B94: RHEEM FALCON | C94: EZO / MIRIAM | D94: 82-104985-54 | E94: 0.5 | I94: 0 | J94: 0 | K94: 2200 | L94: 0 | N94: 0 | O94: =+I94+J94+K94+L94+M94+N94-SUM(P94:AJ94) -> 83 | AG94: 200 | AI94: 400 | AJ94: 1517 | AK94: =+G94*SUM(I94:N94) -> 0 | AL94: 30X20X7 | AM94: 200 | AN94: NARANJA | AO94: =+SUM(I94:N94)/AM94 -> 11
A95: 90 | B95: RHEEM FALCON | C95: EZO / MIRIAM | D95: 82-104985-55 | E95: 0.5 | I95: 0 | J95: 0 | K95: 600 | L95: 0 | N95: 0 | O95: =+I95+J95+K95+L95+M95+N95-SUM(P95:AJ95) -> 600 | AK95: =+G95*SUM(I95:N95) -> 0 | AL95: 30X20X7 | AM95: 200 | AN95: NARANJA | AO95: =+SUM(I95:N95)/AM95 -> 3
A96: 91 | B96: RHEEM FALCON | C96: EZO / MIRIAM | D96: 82-110939-01 | E96: 0.5 | I96: 0 | J96: 0 | K96: 200 | L96: 0 | N96: 0 | O96: =+I96+J96+K96+L96+M96+N96-SUM(P96:AJ96) -> 200 | AK96: =+G96*SUM(I96:N96) -> 0 | AL96: 30X20X7 | AM96: 200 | AN96: NARANJA | AO96: =+SUM(I96:N96)/AM96 -> 1
A97: 92 | B97: RHEEM FALCON | C97: EZO / MIRIAM | D97: 82-110939-02 | E97: 0.5 | I97: 0 | J97: 0 | K97: 1200 | L97: 0 | N97: 0 | O97: =+I97+J97+K97+L97+M97+N97-SUM(P97:AJ97) -> 1200 | AK97: =+G97*SUM(I97:N97) -> 0 | AL97: 30X20X7 | AM97: 200 | AN97: NARANJA | AO97: =+SUM(I97:N97)/AM97 -> 6
A98: 93 | B98: RHEEM FALCON | C98: EZO / MIRIAM | D98: 82-104984-249 | E98: 0.625 | I98: 0 | J98: 0 | K98: 0 | L98: 0 | N98: 0 | O98: =+I98+J98+K98+L98+M98+N98-SUM(P98:AJ98) -> 0 | AK98: =+G98*SUM(I98:N98) -> 0 | AL98: 30X20X7 | AM98: 150 | AN98: NARANJA | AO98: =+SUM(I98:N98)/AM98 -> 0
A99: 94 | B99: RHEEM FALCON | C99: EZO / MIRIAM | D99: 82-104984-250 | E99: 0.625 | I99: 0 | J99: 1050 | K99: 0 | L99: 0 | N99: 0 | O99: =+I99+J99+K99+L99+M99+N99-SUM(P99:AJ99) -> 0 | AB99: 750 | AC99: 300 | AK99: =+G99*SUM(I99:N99) -> 0 | AL99: 30X20X7 | AM99: 150 | AN99: NARANJA | AO99: =+SUM(I99:N99)/AM99 -> 7
A100: 95 | B100: RHEEM FALCON | C100: EZO / MIRIAM | D100: 82-104984-252 | E100: 0.625 | I100: 0 | J100: 2100 | K100: 0 | L100: 0 | N100: 0 | O100: =+I100+J100+K100+L100+M100+N100-SUM(P100:AJ100) -> -51 | P100: 51 | AD100: 1200 | AF100: 900 | AK100: =+G100*SUM(I100:N100) -> 0 | AL100: 30X20X7 | AM100: 150 | AN100: NARANJA | AO100: =+SUM(I100:N100)/AM100 -> 14
A101: 96 | B101: RHEEM FALCON | C101: EZO / MIRIAM | D101: 82-104984-255 | E101: 0.625 | I101: 0 | J101: 1050 | K101: 0 | L101: 0 | N101: 0 | O101: =+I101+J101+K101+L101+M101+N101-SUM(P101:AJ101) -> 0 | Z101: 300 | AA101: 750 | AK101: =+G101*SUM(I101:N101) -> 0 | AL101: 30X20X7 | AM101: 150 | AN101: NARANJA | AO101: =+SUM(I101:N101)/AM101 -> 7
A102: 97 | B102: RHEEM FALCON | C102: EZO / MIRIAM | D102: 82-104984-245 | E102: 0.75 | I102: 0 | J102: 2160 | K102: 0 | L102: 0 | N102: 0 | O102: =+I102+J102+K102+L102+M102+N102-SUM(P102:AJ102) -> 0 | X102: 560 | Z102: 500 | AA102: 1100 | AK102: =+G102*SUM(I102:N102) -> 0 | AL102: 30X20X7 | AM102: 80 | AN102: NARANJA | AO102: =+SUM(I102:N102)/AM102 -> 27
...

Sheet SEMANA 30
B2: DÍA | C2: TURNO
B3: =TODAY() -> 46308 | C3: A | D3: X | I3: PROGRAMA
C4: B | I4: SEMANA | J4: Convertirlo a horas | P4: 46223 | R4: 46224 | T4: 46225 | V4: 46226 | X4: 46227 | Z4: 46230 | AB4: 46231 | AD4: 46232 | AF4: 46233 | AH4: 46234 | AJ4: Ag1
B5: CLIENTE | C5: DESTINO | D5: NÚMERO DE PARTE | E5: DIAMETRO | F5: PARED | G5: PESO | H5: PRECIO | I5: 30 | J5: 30 | K5: 30 | L5: 30 | M5: 30 | N5: Ag5 | O5: BALANCE | P5: A | Q5: B | R5: A | S5: B | T5: A | U5: B | V5: A | W5: B | X5: A | Y5: B | Z5: A | AA5: B | AB5: A | AC5: B | AD5: A | AE5: B | AF5: A | AG5: B | AH5: A | AI5: B | AJ5: AYB | AK5: KG | AL5: CAJA | AM5: CANT. X CAJA | AN5: HOJA COLOR | AO5: TOTAL CAJAS | AQ5: Row Labels | AR5: Sum of TOTAL CAJAS
A6: 1 | B6: RHEEM TRANSFERENCIA | C6: EZO / MIRIAM | D6: 82-104987-15 | E6: 0.25 | F6: 0.028 | I6: 0 | J6: 0 | K6: 0 | L6: 0 | M6: 0 | O6: =+I6+J6+K6+L6+M6+N6-SUM(P6:AJ6) -> 0 | AK6: =+G6*SUM(I6:N6) -> 0 | AL6: 12.5X12.5X12.5 | AM6: 150 | AN6: VERDE | AO6: =+SUM(I6:N6)/AM6 -> 0 | AQ6: 0 | AR6: 0
A7: 2 | B7: RHEEM TRANSFERENCIA | C7: EZO / MIRIAM | D7: 82-104987-13 | E7: 0.25 | F7: 0.028 | I7: 0 | J7: 0 | K7: 0 | L7: 0 | M7: 0 | O7: =+I7+J7+K7+L7+M7+N7-SUM(P7:AJ7) -> 0 | AK7: =+G7*SUM(I7:N7) -> 0 | AL7: 12.5X12.5X12.5 | AM7: 200 | AN7: VERDE | AO7: =+SUM(I7:N7)/AM7 -> 0 | AQ7: 12.5X12.5X12.5 | AR7: 52
A8: 3 | B8: RHEEM TRANSFERENCIA | C8: EZO / MIRIAM | D8: 82-104987-14 | E8: 0.25 | F8: 0.028 | I8: 0 | J8: 0 | K8: 0 | L8: 0 | M8: 0 | O8: =+I8+J8+K8+L8+M8+N8-SUM(P8:AJ8) -> 0 | AK8: =+G8*SUM(I8:N8) -> 0 | AL8: 12.5X12.5X12.5 | AM8: 200 | AN8: VERDE | AO8: =+SUM(I8:N8)/AM8 -> 0 | AQ8: 25x20x12.5 | AR8: 0
A9: 4 | B9: RHEEM TRANSFERENCIA | C9: EZO / MIRIAM | D9: 82-104986-88 | E9: 0.375 | F9: 0.028 | I9: 0 | J9: 0 | K9: 0 | L9: 0 | M9: 0 | O9: =+I9+J9+K9+L9+M9+N9-SUM(P9:AJ9) -> 0 | AK9: =+G9*SUM(I9:N9) -> 0 | AL9: 12.5X12.5X12.5 | AM9: 100 | AN9: VERDE | AO9: =+SUM(I9:N9)/AM9 -> 0 | AQ9: 30X20X7 | AR9: 116
A10: 5 | B10: RHEEM TRANSFERENCIA | C10: EZO / MIRIAM | D10: 82-104986-61 | E10: 0.375 | F10: 0.028 | I10: 0 | J10: 0 | K10: 0 | L10: 0 | M10: 0 | O10: =+I10+J10+K10+L10+M10+N10-SUM(P10:AJ10) -> 0 | AK10: =+G10*SUM(I10:N10) -> 0 | AL10: 12.5X12.5X12.5 | AM10: 150 | AN10: VERDE | AO10: =+SUM(I10:N10)/AM10 -> 0 | AQ10: 42X45X20 | AR10: 2
A11: 6 | B11: RHEEM TRANSFERENCIA | C11: EZO / MIRIAM | D11: 82-104986-59 | E11: 0.375 | F11: 0.028 | I11: 0 | J11: 1200 | K11: 0 | L11: 0 | M11: 0 | O11: =+I11+J11+K11+L11+M11+N11-SUM(P11:AJ11) -> -700 | T11: 700 | V11: 1200 | AK11: =+G11*SUM(I11:N11) -> 0 | AL11: 12.5X12.5X12.5 | AM11: 150 | AN11: VERDE | AO11: =+SUM(I11:N11)/AM11 -> 8 | AQ11: 44x41x12 | AR11: 10
A12: 7 | B12: RHEEM TRANSFERENCIA | C12: EZO / MIRIAM | D12: 82-104986-72 | E12: 0.375 | F12: 0.028 | I12: -106 | J12: 0 | K12: 0 | L12: 0 | M12: 0 | O12: =+I12+J12+K12+L12+M12+N12-SUM(P12:AJ12) -> -106 | AK12: =+G12*SUM(I12:N12) -> 0 | AL12: 12.5X12.5X12.5 | AM12: 50 | AN12: VERDE | AO12: =+SUM(I12:N12)/AM12 -> -2.12 | AQ12: Grand Total | AR12: 180
A13: 8 | B13: RHEEM TRANSFERENCIA | C13: EZO / MIRIAM | D13: 82-104986-89 | E13: 0.375 | F13: 0.028 | I13: 0 | J13: 0 | K13: 0 | L13: 0 | M13: 0 | O13: =+I13+J13+K13+L13+M13+N13-SUM(P13:AJ13) -> 0 | AK13: =+G13*SUM(I13:N13) -> 0 | AL13: 12.5X12.5X12.5 | AM13: 100 | AN13: VERDE | AO13: =+SUM(I13:N13)/AM13 -> 0
A14: 9 | B14: RHEEM TRANSFERENCIA | C14: EZO / MIRIAM | D14: 82-104986-71 | E14: 0.375 | F14: 0.028 | I14: 0 | J14: 0 | K14: 0 | L14: 0 | M14: 0 | O14: =+I14+J14+K14+L14+M14+N14-SUM(P14:AJ14) -> 0 | AK14: =+G14*SUM(I14:N14) -> 0 | AL14: 12.5X12.5X12.5 | AM14: 50 | AN14: VERDE | AO14: =+SUM(I14:N14)/AM14 -> 0
A15: 10 | B15: RHEEM TRANSFERENCIA | C15: EZO / MIRIAM | D15: 82-104986-60 | E15: 0.375 | F15: 0.028 | I15: 0 | J15: 0 | K15: 0 | L15: 0 | M15: 0 | O15: =+I15+J15+K15+L15+M15+N15-SUM(P15:AJ15) -> 0 | AK15: =+G15*SUM(I15:N15) -> 0 | AL15: 30X20X7 | AM15: 60 | AN15: VERDE | AO15: =+SUM(I15:N15)/AM15 -> 0
A16: 11 | B16: RHEEM TRANSFERENCIA | C16: EZO / MIRIAM | D16: 82-104985-41 | E16: 0.5 | F16: 0.028 | I16: 0 | J16: 0 | K16: 0 | L16: 0 | M16: 0 | O16: =+I16+J16+K16+L16+M16+N16-SUM(P16:AJ16) -> 0 | AK16: =+G16*SUM(I16:N16) -> 0 | AL16: 12.5x12.5x12.5 | AM16: 100 | AN16: VERDE | AO16: =+SUM(I16:N16)/AM16 -> 0
A17: 12 | B17: RHEEM TRANSFERENCIA | C17: EZO / MIRIAM | D17: 82-104985-25 | E17: 0.5 | F17: 0.028 | I17: 0 | J17: 0 | K17: 0 | L17: 0 | M17: 0 | O17: =+I17+J17+K17+L17+M17+N17-SUM(P17:AJ17) -> 0 | AK17: =+G17*SUM(I17:N17) -> 0 | AL17: 44x41x12 | AM17: 100 | AN17: VERDE | AO17: =+SUM(I17:N17)/AM17 -> 0
A18: 13 | B18: RHEEM TRANSFERENCIA | C18: EZO / MIRIAM | D18: 82-104748-68 | E18: 0.5 | F18: 0.028 | I18: 0 | J18: 0 | K18: 0 | L18: 0 | M18: 0 | O18: =+I18+J18+K18+L18+M18+N18-SUM(P18:AJ18) -> 0 | AK18: =+G18*SUM(I18:N18) -> 0 | AL18: 44x41x12 | AM18: 100 | AN18: VERDE | AO18: =+SUM(I18:N18)/AM18 -> 0
A19: 14 | B19: RHEEM TRANSFERENCIA | C19: EZO / MIRIAM | D19: 82-104985-39 | E19: 0.5 | F19: 0.028 | I19: 0 | J19: 700 | K19: 0 | L19: 0 | M19: 0 | O19: =+I19+J19+K19+L19+M19+N19-SUM(P19:AJ19) -> 0 | V19: 700 | AK19: =+G19*SUM(I19:N19) -> 0 | AL19: 44x41x12 | AM19: 100 | AN19: VERDE | AO19: =+SUM(I19:N19)/AM19 -> 7
A20: 15 | B20: RHEEM TRANSFERENCIA | C20: EZO / MIRIAM | D20: 82-108427-01 | E20: 0.5 | F20: 0.028 | I20: 0 | J20: 0 | K20: 0 | L20: 0 | M20: 0 | O20: =+I20+J20+K20+L20+M20+N20-SUM(P20:AJ20) -> 0 | AK20: =+G20*SUM(I20:N20) -> 0 | AL20: 44x41x12 | AM20: 80 | AN20: VERDE | AO20: =+SUM(I20:N20)/AM20 -> 0
A21: 16 | B21: RHEEM TRANSFERENCIA | C21: EZO / MIRIAM | D21: 82-104748-69 | E21: 0.5 | F21: 0.028 | I21: 0 | J21: 500 | K21: 0 | L21: 0 | M21: 0 | O21: =+I21+J21+K21+L21+M21+N21-SUM(P21:AJ21) -> 500 | AK21: =+G21*SUM(I21:N21) -> 0 | AL21: 44x41x12 | AM21: 100 | AN21: VERDE | AO21: =+SUM(I21:N21)/AM21 -> 5
A22: 17 | B22: RHEEM TRANSFERENCIA | C22: EZO / MIRIAM | D22: 82-104894-08 | E22: 0.5 | F22: 0.028 | I22: 0 | J22: 0 | K22: 0 | L22: 0 | M22: 0 | O22: =+I22+J22+K22+L22+M22+N22-SUM(P22:AJ22) -> 0 | AK22: =+G22*SUM(I22:N22) -> 0 | AL22: 0 | AM22: 0 | AN22: VERDE | AO22: 0
A23: 18 | B23: RHEEM TRANSFERENCIA | C23: EZO / MIRIAM | D23: 82-104894-02 | E23: 0.5 | F23: 0.028 | I23: 0 | J23: 0 | K23: 0 | L23: 0 | M23: 0 | O23: =+I23+J23+K23+L23+M23+N23-SUM(P23:AJ23) -> 0 | AK23: =+G23*SUM(I23:N23) -> 0 | AL23: 0 | AM23: 0 | AN23: VERDE | AO23: 0
A24: 19 | B24: RHEEM TRANSFERENCIA | C24: EZO / MIRIAM | D24: 82-104895-02 | E24: 0.5 | F24: 0.028 | I24: 0 | J24: 0 | K24: 0 | L24: 0 | M24: 0 | O24: =+I24+J24+K24+L24+M24+N24-SUM(P24:AJ24) -> 0 | AK24: =+G24*SUM(I24:N24) -> 0 | AL24: 0 | AM24: 0 | AN24: VERDE | AO24: 0
A25: 20 | B25: RHEEM TRANSFERENCIA | C25: EZO / MIRIAM | D25: 82-100797-16 | E25: 0.5 | F25: 0.028 | I25: 0 | J25: 0 | K25: 0 | L25: 0 | M25: 0 | O25: =+I25+J25+K25+L25+M25+N25-SUM(P25:AJ25) -> 0 | AK25: =+G25*SUM(I25:N25) -> 0 | AL25: 0 | AM25: 0 | AN25: VERDE | AO25: 0
A26: 21 | B26: RHEEM TRANSFERENCIA | C26: EZO / MIRIAM | D26: 82-104895-06 | E26: 0.5 | F26: 0.028 | I26: 0 | J26: 0 | K26: 0 | L26: 0 | M26: 0 | O26: =+I26+J26+K26+L26+M26+N26-SUM(P26:AJ26) -> 0 | AK26: =+G26*SUM(I26:N26) -> 0 | AL26: 0 | AM26: 0 | AN26: VERDE | AO26: 0
A27: 22 | B27: RHEEM TRANSFERENCIA | C27: EZO / MIRIAM | D27: 82-104894-07 | E27: 0.5 | F27: 0.028 | I27: 0 | J27: 0 | K27: 0 | L27: 0 | M27: 0 | O27: =+I27+J27+K27+L27+M27+N27-SUM(P27:AJ27) -> 0 | AK27: =+G27*SUM(I27:N27) -> 0 | AL27: 0 | AM27: 0 | AN27: VERDE | AO27: 0
A28: 23 | B28: RHEEM TRANSFERENCIA | C28: EZO / MIRIAM | D28: 82-100797-23 | E28: 0.5 | F28: 0.028 | I28: 0 | J28: 0 | K28: 0 | L28: 0 | M28: 0 | O28: =+I28+J28+K28+L28+M28+N28-SUM(P28:AJ28) -> 0 | AK28: =+G28*SUM(I28:N28) -> 0 | AL28: 0 | AM28: 0 | AN28: VERDE | AO28: 0
A29: 24 | B29: RHEEM TRANSFERENCIA | C29: EZO / MIRIAM | D29: 82-104894-10 | E29: 0.5 | F29: 0.028 | I29: 0 | J29: 0 | K29: 0 | L29: 0 | M29: 0 | O29: =+I29+J29+K29+L29+M29+N29-SUM(P29:AJ29) -> 0 | AK29: =+G29*SUM(I29:N29) -> 0 | AL29: 0 | AM29: 0 | AN29: VERDE | AO29: 0
A30: 25 | B30: RHEEM TRANSFERENCIA | C30: EZO / MIRIAM | D30: 82-104895-07 | E30: 0.5 | F30: 0.028 | I30: 0 | J30: 0 | K30: 0 | L30: 0 | M30: 0 | O30: =+I30+J30+K30+L30+M30+N30-SUM(P30:AJ30) -> 0 | AK30: =+G30*SUM(I30:N30) -> 0 | AL30: 0 | AM30: 0 | AN30: VERDE | AO30: 0
A31: 26 | B31: RHEEM TRANSFERENCIA | C31: EZO / MIRIAM | D31: 82-104895-17 | E31: 0.5 | F31: 0.028 | I31: 0 | J31: 0 | K31: 0 | L31: 0 | M31: 0 | O31: =+I31+J31+K31+L31+M31+N31-SUM(P31:AJ31) -> 0 | AK31: =+G31*SUM(I31:N31) -> 0 | AL31: 0 | AM31: 0 | AN31: VERDE | AO31: 0
A32: 27 | B32: RHEEM TRANSFERENCIA | C32: EZO / MIRIAM | D32: 82-104894-13 | E32: 0.5 | F32: 0.028 | I32: 0 | J32: 0 | K32: 0 | L32: 0 | M32: 0 | O32: =+I32+J32+K32+L32+M32+N32-SUM(P32:AJ32) -> 0 | AK32: =+G32*SUM(I32:N32) -> 0 | AL32: 0 | AM32: 0 | AN32: VERDE | AO32: 0
A33: 28 | B33: RHEEM TRANSFERENCIA | C33: EZO / MIRIAM | D33: 82-104894-01 | E33: 0.5 | F33: 0.028 | I33: 0 | J33: 0 | K33: 0 | L33: 0 | M33: 0 | O33: =+I33+J33+K33+L33+M33+N33-SUM(P33:AJ33) -> 0 | AK33: =+G33*SUM(I33:N33) -> 0 | AL33: 0 | AM33: 0 | AN33: VERDE | AO33: 0
... A35: 30 | B35: RHEEM TRANSFERENCIA | C35: EZO / MIRIAM | D35: 82-104894-09 | E35: 0.5 | F35: 0.028 | I35: 0 | J35: 0 | K35: 0 | L35: 0 | M35: 0 | O35: =+I35+J35+K35+L35+M35+N35-SUM(P35:AJ35) -> 0 | AK35: =+G35*SUM(I35:N35) -> 0 | AL35: 0 | AM35: 0 | AN35: VERDE | AO35: 0
A36: 31 | B36: RHEEM TRANSFERENCIA | C36: EZO / MIRIAM | D36: 82-104984-140 | E36: 0.625 | F36: 0.035 | I36: 0 | J36: 800 | K36: 0 | L36: 0 | M36: 0 | O36: =+I36+J36+K36+L36+M36+N36-SUM(P36:AJ36) -> 0 | W36: 800 | AK36: =+G36*SUM(I36:N36) -> 0 | AL36: 44x41x12 | AM36: 200 | AN36: VERDE | AO36: =+SUM(I36:N36)/AM36 -> 4
A37: 32 | B37: RHEEM TRANSFERENCIA | C37: EZO / MIRIAM | D37: 82-104984-116 | E37: 0.625 | F37: 0.035 | I37: -181 | J37: 0 | K37: 0 | L37: 0 | M37: 0 | O37: =+I37+J37+K37+L37+M37+N37-SUM(P37:AJ37) -> -181 | AK37: =+G37*SUM(I37:N37) -> 0 | AL37: 44x41x12 | AM37: 100 | AN37: VERDE | AO37: =+SUM(I37:N37)/AM37 -> -1.81
A38: 33 | B38: RHEEM TRANSFERENCIA | C38: EZO / MIRIAM | D38: 82-104984-142 | E38: 0.625 | F38: 0.035 | I38: 0 | J38: 0 | K38: 0 | L38: 0 | M38: 0 | O38: =+I38+J38+K38+L38+M38+N38-SUM(P38:AJ38) -> 0 | AK38: =+G38*SUM(I38:N38) -> 0 | AL38: 44x41x12 | AM38: 100 | AN38: VERDE | AO38: =+SUM(I38:N38)/AM38 -> 0
A39: 34 | B39: RHEEM TRANSFERENCIA | C39: EZO / MIRIAM | D39: 82-104984-114 | E39: 0.75 | F39: 0.035 | I39: -960 | J39: 0 | K39: 0 | L39: 0 | M39: 0 | O39: =+I39+J39+K39+L39+M39+N39-SUM(P39:AJ39) -> -960 | AK39: =+G39*SUM(I39:N39) -> 0 | AL39: 42X45X20 | AM39: 2000 | AN39: VERDE | AO39: =+SUM(I39:N39)/AM39 -> -0.48
A40: 35 | B40: RHEEM TRANSFERENCIA | C40: EZO / MIRIAM | D40: 82-104984-147 | E40: 0.75 | F40: 0.035 | I40: 0 | J40: 0 | K40: 0 | L40: 0 | M40: 0 | O40: =+I40+J40+K40+L40+M40+N40-SUM(P40:AJ40) -> 0 | AK40: =+G40*SUM(I40:N40) -> 0 | AL40: 42X45X20 | AM40: 500 | AN40: VERDE | AO40: =+SUM(I40:N40)/AM40 -> 0
A41: 36 | B41: RHEEM TRANSFERENCIA | C41: EZO / MIRIAM | D41: 82-104984-122 | E41: 0.75 | F41: 0.035 | I41: 0 | J41: 0 | K41: 0 | L41: 0 | M41: 0 | O41: =+I41+J41+K41+L41+M41+N41-SUM(P41:AJ41) -> 0 | AK41: =+G41*SUM(I41:N41) -> 0 | AL41: 42X45X20 | AM41: 250 | AN41: VERDE | AO41: =+SUM(I41:N41)/AM41 -> 0
A42: 37 | B42: RHEEM TRANSFERENCIA | C42: EZO / MIRIAM | D42: 82-104984-189 | E42: 0.75 | F42: 0.035 | I42: 0 | J42: 0 | K42: 0 | L42: 0 | M42: 0 | O42: =+I42+J42+K42+L42+M42+N42-SUM(P42:AJ42) -> 0 | AK42: =+G42*SUM(I42:N42) -> 0 | AL42: 42X45X20 | AM42: 300 | AN42: VERDE | AO42: =+SUM(I42:N42)/AM42 -> 0
A43: 38 | B43: RHEEM TRANSFERENCIA | C43: EZO / MIRIAM | D43: 82-104984-190 | E43: 0.75 | F43: 0.035 | I43: 0 | J43: 0 | K43: 0 | L43: 0 | M43: 0 | O43: =+I43+J43+K43+L43+M43+N43-SUM(P43:AJ43) -> 0 | AK43: =+G43*SUM(I43:N43) -> 0 | AL43: 42X45X20 | AM43: 300 | AN43: VERDE | AO43: =+SUM(I43:N43)/AM43 -> 0
A44: 39 | B44: RHEEM TRANSFERENCIA | C44: EZO / MIRIAM | D44: 82-104984-124 | E44: 0.75 | F44: 0.035 | I44: 0 | J44: 0 | K44: 0 | L44: 0 | M44: 0 | O44: =+I44+J44+K44+L44+M44+N44-SUM(P44:AJ44) -> 0 | AK44: =+G44*SUM(I44:N44) -> 0 | AL44: 42X45X20 | AM44: 2000 | AN44: VERDE | AO44: =+SUM(I44:N44)/AM44 -> 0
A45: 40 | B45: RHEEM TRANSFERENCIA | C45: EZO / MIRIAM | D45: 82-104984-143 | E45: 0.75 | F45: 0.035 | I45: 0 | J45: 0 | K45: 0 | L45: 0 | M45: 0 | O45: =+I45+J45+K45+L45+M45+N45-SUM(P45:AJ45) -> 0 | AK45: =+G45*SUM(I45:N45) -> 0 | AL45: 42X45X20 | AM45: 1000 | AN45: VERDE | AO45: =+SUM(I45:N45)/AM45 -> 0
A46: 41 | B46: RHEEM TRANSFERENCIA | C46: EZO / MIRIAM | D46: 82-100351-01 | E46: 0.75 | F46: 0.035 | I46: 0 | J46: 0 | K46: 0 | L46: 0 | M46: 0 | O46: =+I46+J46+K46+L46+M46+N46-SUM(P46:AJ46) -> 0 | AK46: =+G46*SUM(I46:N46) -> 0 | AL46: 0 | AM46: 0 | AN46: VERDE | AO46: 0
A47: 42 | B47: RHEEM TRANSFERENCIA | C47: EZO / MIRIAM | D47: 82-103227-15 | E47: 0.75 | F47: 0.035 | I47: 0 | J47: 0 | K47: 0 | L47: 0 | M47: 0 | O47: =+I47+J47+K47+L47+M47+N47-SUM(P47:AJ47) -> 0 | AK47: =+G47*SUM(I47:N47) -> 0 | AL47: 0 | AM47: 0 | AN47: VERDE | AO47: 0
A48: 43 | B48: RHEEM TRANSFERENCIA | C48: EZO / MIRIAM | D48: 82-100351-02 | E48: 0.75 | F48: 0.035 | I48: -1940 | J48: 0 | K48: 0 | L48: 0 | M48: 0 | O48: =+I48+J48+K48+L48+M48+N48-SUM(P48:AJ48) -> -1940 | AK48: =+G48*SUM(I48:N48) -> 0 | AL48: 0 | AM48: 0 | AN48: VERDE | AO48: 0
A49: 44 | B49: RHEEM TRANSFERENCIA | C49: EZO / MIRIAM | D49: 82-104982-06 | E49: 0.75 | F49: 0.035 | I49: 0 | J49: 0 | K49: 0 | L49: 0 | M49: 0 | O49: =+I49+J49+K49+L49+M49+N49-SUM(P49:AJ49) -> 0 | AK49: =+G49*SUM(I49:N49) -> 0 | AL49: 0 | AM49: 0 | AN49: VERDE | AO49: 0
A50: 45 | B50: RHEEM TRANSFERENCIA | C50: EZO / MIRIAM | D50: 82-100797-02 | E50: 0.75 | F50: 0.035 | I50: 0 | J50: 0 | K50: 0 | L50: 0 | M50: 0 | O50: =+I50+J50+K50+L50+M50+N50-SUM(P50:AJ50) -> 0 | AK50: =+G50*SUM(I50:N50) -> 0 | AL50: 0 | AM50: 0 | AN50: VERDE | AO50: 0
A51: 46 | B51: RHEEM TRANSFERENCIA | C51: EZO / MIRIAM | D51: 82-100797-01 | E51: 0.75 | F51: 0.035 | I51: 0 | J51: 0 | K51: 0 | L51: 0 | M51: 0 | O51: =+I51+J51+K51+L51+M51+N51-SUM(P51:AJ51) -> 0 | AK51: =+G51*SUM(I51:N51) -> 0 | AL51: 0 | AM51: 0 | AN51: VERDE | AO51: 0
A52: 47 | B52: RHEEM TRANSFERENCIA | C52: EZO / MIRIAM | D52: 82-100797-06 | E52: 0.75 | F52: 0.035 | I52: 0 | J52: 0 | K52: 0 | L52: 0 | M52: 0 | O52: =+I52+J52+K52+L52+M52+N52-SUM(P52:AJ52) -> 0 | AK52: =+G52*SUM(I52:N52) -> 0 | AL52: 0 | AM52: 0 | AN52: VERDE | AO52: 0
A53: 48 | B53: RHEEM TRANSFERENCIA | C53: EZO / MIRIAM | D53: 82-101183-03 | E53: 0.75 | F53: 0.035 | I53: 0 | J53: 0 | K53: 0 | L53: 0 | M53: 0 | O53: =+I53+J53+K53+L53+M53+N53-SUM(P53:AJ53) -> 0 | AK53: =+G53*SUM(I53:N53) -> 0 | AL53: 0 | AM53: 0 | AN53: VERDE | AO53: 0
A54: 49 | B54: RHEEM TRANSFERENCIA | C54: EZO / MIRIAM | D54: 82-104982-02 | E54: 0.75 | F54: 0.035 | I54: 0 | J54: 0 | K54: 0 | L54: 0 | M54: 0 | O54: =+I54+J54+K54+L54+M54+N54-SUM(P54:AJ54) -> 0 | AK54: =+G54*SUM(I54:N54) -> 0 | AL54: 0 | AM54: 0 | AN54: VERDE | AO54: 0
A55: 50 | B55: RHEEM TRANSFERENCIA | C55: EZO / MIRIAM | D55: 82-104895-08 | E55: 0.75 | F55: 0.035 | I55: 0 | J55: 0 | K55: 0 | L55: 0 | M55: 0 | O55: =+I55+J55+K55+L55+M55+N55-SUM(P55:AJ55) -> 0 | AK55: =+G55*SUM(I55:N55) -> 0 | AL55: 0 | AM55: 0 | AN55: VERDE | AO55: 0
A56: 51 | B56: RHEEM TRANSFERENCIA | C56: EZO / MIRIAM | D56: 82-104982-01 | E56: 0.75 | F56: 0.035 | I56: 0 | J56: 0 | K56: 0 | L56: 0 | M56: 0 | O56: =+I56+J56+K56+L56+M56+N56-SUM(P56:AJ56) -> 0 | AK56: =+G56*SUM(I56:N56) -> 0 | AL56: 0 | AM56: 0 | AN56: VERDE | AO56: 0
A57: 52 | B57: RHEEM TRANSFERENCIA | C57: EZO / MIRIAM | D57: 82-104984-120 | E57: 0.875 | F57: 0.045 | I57: 0 | J57: 0 | K57: 0 | L57: 0 | M57: 0 | O57: =+I57+J57+K57+L57+M57+N57-SUM(P57:AJ57) -> 0 | AK57: =+G57*SUM(I57:N57) -> 0 | AL57: 42X45X20 | AM57: 1000 | AN57: VERDE | AO57: =+SUM(I57:N57)/AM57 -> 0
A58: 53 | B58: RHEEM TRANSFERENCIA | C58: EZO / MIRIAM | D58: 82-104984-118 | E58: 0.875 | F58: 0.045 | I58: 0 | J58: 0 | K58: 0 | L58: 0 | M58: 0 | O58: =+I58+J58+K58+L58+M58+N58-SUM(P58:AJ58) -> 0 | AK58: =+G58*SUM(I58:N58) -> 0 | AL58: 42x45x20 | AM58: 200 | AN58: VERDE | AO58: =+SUM(I58:N58)/AM58 -> 0
A59: 54 | B59: RHEEM TRANSFERENCIA | C59: EZO / MIRIAM | D59: 82-104984-149 | E59: 0.875 | F59: 0.045 | I59: 0 | J59: 0 | K59: 0 | L59: 0 | M59: 0 | O59: =+I59+J59+K59+L59+M59+N59-SUM(P59:AJ59) -> 0 | AK59: =+G59*SUM(I59:N59) -> 0 | AL59: 42X45X20 | AM59: 1000 | AN59: VERDE | AO59: =+SUM(I59:N59)/AM59 -> 0
A60: 55 | B60: RHEEM TRANSFERENCIA | C60: EZO / MIRIAM | D60: 82-104984-148 | E60: 0.875 | F60: 0.045 | I60: 0 | J60: 0 | K60: 0 | L60: 0 | M60: 0 | O60: =+I60+J60+K60+L60+M60+N60-SUM(P60:AJ60) -> 0 | AK60: =+G60*SUM(I60:N60) -> 0 | AL60: 42x45x20 | AM60: 500 | AN60: VERDE | AO60: =+SUM(I60:N60)/AM60 -> 0
A61: 56 | B61: RHEEM TRANSFERENCIA | C61: EZO / MIRIAM | D61: 82-104984-156 | E61: 0.875 | F61: 0.045 | I61: 0 | J61: 1000 | K61: 0 | L61: 0 | M61: 0 | O61: =+I61+J61+K61+L61+M61+N61-SUM(P61:AJ61) -> 99 | T61: 901 | AK61: =+G61*SUM(I61:N61) -> 0 | AL61: 42X45X20 | AM61: 1000 | AN61: VERDE | AO61: =+SUM(I61:N61)/AM61 -> 1
A62: 57 | B62: RHEEM TRANSFERENCIA | C62: EZO / MIRIAM | D62: 82-104984-126 | E62: 0.875 | F62: 0.045 | I62: 0 | J62: 600 | K62: 0 | L62: 0 | M62: 0 | O62: =+I62+J62+K62+L62+M62+N62-SUM(P62:AJ62) -> 600 | AK62: =+G62*SUM(I62:N62) -> 0 | AL62: 42x45x20 | AM62: 200 | AN62: VERDE | AO62: =+SUM(I62:N62)/AM62 -> 3
A63: 58 | B63: RHEEM TRANSFERENCIA | C63: EZO / MIRIAM | D63: 82-104984-191 | E63: 0.875 | F63: 0.045 | I63: 0 | J63: 500 | K63: 0 | L63: 0 | M63: 0 | O63: =+I63+J63+K63+L63+M63+N63-SUM(P63:AJ63) -> 500 | AK63: =+G63*SUM(I63:N63) -> 0 | AL63: 42x45x20 | AM63: 500 | AN63: VERDE | AO63: =+SUM(I63:N63)/AM63 -> 1
A64: 59 | B64: RHEEM TRANSFERENCIA | C64: EZO / MIRIAM | D64: 82-108426-01 | E64: 0.875 | F64: 0.045 | I64: 0 | J64: 0 | K64: 0 | L64: 0 | M64: 0 | O64: =+I64+J64+K64+L64+M64+N64-SUM(P64:AJ64) -> 0 | AK64: =+G64*SUM(I64:N64) -> 0 | AL64: 0 | AM64: 0 | AN64: VERDE | AO64: 0
A65: 60 | B65: RHEEM TRANSFERENCIA | C65: EZO / MIRIAM | D65: 82-100351-03 | E65: 0.875 | F65: 0.045 | I65: -2057 | J65: 0 | K65: 0 | L65: 0 | M65: 0 | O65: =+I65+J65+K65+L65+M65+N65-SUM(P65:AJ65) -> -2057 | AK65: =+G65*SUM(I65:N65) -> 0 | AL65: 0 | AM65: 0 | AN65: VERDE | AO65: 0
A66: 61 | B66: RHEEM TRANSFERENCIA | C66: EZO / MIRIAM | D66: 82-108451-01 | E66: 0.875 | F66: 0.045 | I66: 0 | J66: 0 | K66: 0 | L66: 0 | M66: 0 | O66: =+I66+J66+K66+L66+M66+N66-SUM(P66:AJ66) -> 0 | AK66: =+G66*SUM(I66:N66) -> 0 | AL66: 0 | AM66: 0 | AN66: VERDE | AO66: 0
A67: 62 | B67: RHEEM TRANSFERENCIA | C67: EZO / MIRIAM | D67: 82-108430-01 | E67: 0.875 | F67: 0.045 | I67: 0 | J67: 0 | K67: 0 | L67: 0 | M67: 0 | O67: =+I67+J67+K67+L67+M67+N67-SUM(P67:AJ67) -> 0 | AK67: =+G67*SUM(I67:N67) -> 0 | AL67: 42x45x20 | AM67: 200 | AN67: VERDE | AO67: =+SUM(I67:N67)/AM67 -> 0
A68: 63 | B68: RHEEM TRANSFERENCIA | C68: EZO / MIRIAM | D68: 82-100797-04 | E68: 0.875 | F68: 0.045 | I68: 0 | J68: 0 | K68: 0 | L68: 0 | M68: 0 | O68: =+I68+J68+K68+L68+M68+N68-SUM(P68:AJ68) -> 0 | AK68: =+G68*SUM(I68:N68) -> 0 | AL68: 0 | AM68: 0 | AN68: VERDE | AO68: 0
A69: 64 | B69: RHEEM TRANSFERENCIA | C69: EZO / MIRIAM | D69: 82-100351-04 | E69: 0.875 | F69: 0.045 | I69: -1243 | J69: 0 | K69: 0 | L69: 0 | M69: 0 | O69: =+I69+J69+K69+L69+M69+N69-SUM(P69:AJ69) -> -1243 | AK69: =+G69*SUM(I69:N69) -> 0 | AL69: 0 | AM69: 0 | AN69: VERDE | AO69: 0
A70: 65 | B70: RHEEM TRANSFERENCIA | C70: EZO / MIRIAM | D70: 82-108430-03 | E70: 0.875 | F70: 0.045 | I70: 0 | J70: 0 | K70: 0 | L70: 0 | M70: 0 | O70: =+I70+J70+K70+L70+M70+N70-SUM(P70:AJ70) -> 0 | AK70: =+G70*SUM(I70:N70) -> 0 | AL70: 42x45x20 | AM70: 200 | AN70: VERDE | AO70: =+SUM(I70:N70)/AM70 -> 0
A71: 66 | B71: RHEEM TRANSFERENCIA | C71: EZO / MIRIAM | D71: 82-104984-46 | E71: 0.875 | F71: 0.045 | I71: 0 | J71: 0 | K71: 0 | L71: 0 | M71: 0 | O71: =+I71+J71+K71+L71+M71+N71-SUM(P71:AJ71) -> 0 | AK71: =+G71*SUM(I71:N71) -> 0 | AL71: 42x45x20 | AM71: 500 | AN71: VERDE | AO71: =+SUM(I71:N71)/AM71 -> 0
A72: 67 | B72: RHEEM TRANSFERENCIA | C72: EZO / MIRIAM | D72: 82-104984-216 | E72: 0.875 | F72: 0.045 | I72: 0 | J72: 0 | K72: 0 | L72: 0 | M72: 0 | O72: =+I72+J72+K72+L72+M72+N72-SUM(P72:AJ72) -> 0 | AK72: =+G72*SUM(I72:N72) -> 0 | AL72: 42x45x20 | AM72: 200 | AN72: VERDE | AO72: =+SUM(I72:N72)/AM72 -> 0
A73: 68 | B73: RHEEM TRANSFERENCIA | C73: EZO / MIRIAM | D73: 82-101183-04 | E73: 0.875 | F73: 0.045 | I73: 0 | J73: 0 | K73: 0 | L73: 0 | M73: 0 | O73: =+I73+J73+K73+L73+M73+N73-SUM(P73:AJ73) -> 0 | AK73: =+G73*SUM(I73:N73) -> 0 | AL73: 0 | AM73: 0 | AN73: VERDE | AO73: 0
A74: 69 | B74: RHEEM TRANSFERENCIA | C74: EZO / MIRIAM | D74: 82-104982-04 | E74: 0.875 | F74: 0.045 | I74: 0 | J74: 0 | K74: 0 | L74: 0 | M74: 0 | O74: =+I74+J74+K74+L74+M74+N74-SUM(P74:AJ74) -> 0 | AK74: =+G74*SUM(I74:N74) -> 0 | AL74: 0 | AM74: 0 | AN74: VERDE | AO74: 0
A75: 70 | B75: RHEEM TRANSFERENCIA | C75: EZO / MIRIAM | D75: 82-104982-05 | E75: 0.875 | F75: 0.045 | I75: 0 | J75: 0 | K75: 0 | L75: 0 | M75: 0 | O75: =+I75+J75+K75+L75+M75+N75-SUM(P75:AJ75) -> 0 | AK75: =+G75*SUM(I75:N75) -> 0 | AL75: 0 | AM75: 0 | AN75: VERDE | AO75: 0
A76: 71 | B76: RHEEM TRANSFERENCIA | C76: EZO / MIRIAM | D76: 82-103015-09 | E76: 0.875 | F76: 0.045 | I76: 0 | J76: 0 | K76: 0 | L76: 0 | M76: 0 | O76: =+I76+J76+K76+L76+M76+N76-SUM(P76:AJ76) -> 0 | AK76: =+G76*SUM(I76:N76) -> 0 | AL76: 0 | AM76: 0 | AN76: VERDE | AO76: 0
A77: 72 | B77: RHEEM TRANSFERENCIA | C77: EZO / MIRIAM | D77: 82-106374-02 | E77: 0.875 | F77: 0.045 | I77: 0 | J77: 0 | K77: 0 | L77: 0 | M77: 0 | O77: =+I77+J77+K77+L77+M77+N77-SUM(P77:AJ77) -> 0 | AK77: =+G77*SUM(I77:N77) -> 0 | AL77: 0 | AM77: 0 | AN77: VERDE | AO77: 0
A78: 73 | B78: RHEEM TRANSFERENCIA | C78: EZO / MIRIAM | D78: 82-104982-08 | E78: 0.875 | F78: 0.045 | I78: 0 | J78: 0 | K78: 0 | L78: 0 | M78: 0 | O78: =+I78+J78+K78+L78+M78+N78-SUM(P78:AJ78) -> 0 | AK78: =+G78*SUM(I78:N78) -> 0 | AL78: 0 | AM78: 0 | AN78: VERDE | AO78: 0
A79: 74 | B79: RHEEM TRANSFERENCIA | C79: EZO / MIRIAM | D79: 82-100797-05 | E79: 0.875 | F79: 0.045 | I79: 0 | J79: 0 | K79: 0 | L79: 0 | M79: 0 | O79: =+I79+J79+K79+L79+M79+N79-SUM(P79:AJ79) -> 0 | AK79: =+G79*SUM(I79:N79) -> 0 | AL79: 0 | AM79: 0 | AN79: VERDE | AO79: 0
A80: 75 | B80: RHEEM TRANSFERENCIA | C80: EZO / MIRIAM | D80: 82-104982-03 | E80: 0.875 | F80: 0.045 | I80: 0 | J80: 0 | K80: 0 | L80: 0 | M80: 0 | O80: =+I80+J80+K80+L80+M80+N80-SUM(P80:AJ80) -> 0 | AK80: =+G80*SUM(I80:N80) -> 0 | AL80: 0 | AM80: 0 | AN80: VERDE | AO80: 0
A81: 76 | B81: RHEEM TRANSFERENCIA | C81: EZO / MIRIAM | D81: 82-101183-16 | E81: 0.875 | F81: 0.045 | I81: 0 | J81: 0 | K81: 0 | L81: 0 | M81: 0 | O81: =+I81+J81+K81+L81+M81+N81-SUM(P81:AJ81) -> 0 | AK81: =+G81*SUM(I81:N81) -> 0 | AL81: 0 | AM81: 0 | AN81: VERDE | AO81: 0
A82: 77 | B82: RHEEM TRANSFERENCIA | C82: EZO / MIRIAM | D82: 82-104895-09 | E82: 0.875 | F82: 0.045 | I82: 0 | J82: 0 | K82: 0 | L82: 0 | M82: 0 | O82: =+I82+J82+K82+L82+M82+N82-SUM(P82:AJ82) -> 0 | AK82: =+G82*SUM(I82:N82) -> 0 | AL82: 0 | AM82: 0 | AN82: VERDE | AO82: 0
A83: 78 | B83: RHEEM TRANSFERENCIA | C83: EZO / MIRIAM | D83: 82-109836-01 | E83: 0.875 | F83: 0.045 | I83: 0 | J83: 0 | K83: 0 | L83: 0 | M83: 0 | O83: =+I83+J83+K83+L83+M83+N83-SUM(P83:AJ83) -> 0 | AK83: =+G83*SUM(I83:N83) -> 0 | AL83: 0 | AM83: 0 | AN83: VERDE | AO83: 0
A84: 79 | B84: RHEEM FALCON | C84: EZO / MIRIAM | D84: 82-109026-21 | E84: 0.25 | I84: -1000 | J84: 0 | K84: 1200 | L84: 0 | M84: 0 | O84: =+I84+J84+K84+L84+M84+N84-SUM(P84:AJ84) -> 200 | AK84: =+G84*SUM(I84:N84) -> 0 | AL84: 12.5X12.5X12.5 | AM84: 200 | AN84: NARANJA | AO84: =+SUM(I84:N84)/AM84 -> 1
A85: 80 | B85: RHEEM FALCON | C85: EZO / MIRIAM | D85: 82-109026-22 | E85: 0.25 | I85: -3000 | J85: 0 | K85: 2200 | L85: 0 | M85: 0 | O85: =+I85+J85+K85+L85+M85+N85-SUM(P85:AJ85) -> -800 | AK85: =+G85*SUM(I85:N85) -> 0 | AL85: 12.5X12.5X12.5 | AM85: 200 | AN85: NARANJA | AO85: =+SUM(I85:N85)/AM85 -> -4
A86: 81 | B86: RHEEM FALCON | C86: EZO / MIRIAM | D86: 82-110968-01 | E86: 0.25 | I86: -1000 | J86: 0 | K86: 1200 | L86: 0 | M86: 0 | O86: =+I86+J86+K86+L86+M86+N86-SUM(P86:AJ86) -> 200 | AK86: =+G86*SUM(I86:N86) -> 0 | AL86: 12.5X12.5X12.5 | AM86: 200 | AN86: NARANJA | AO86: =+SUM(I86:N86)/AM86 -> 1
A87: 82 | B87: RHEEM FALCON | C87: EZO / MIRIAM | D87: 82-105077-15 | E87: 0.375 | I87: 0 | J87: 0 | K87: 0 | L87: 0 | M87: 0 | O87: =+I87+J87+K87+L87+M87+N87-SUM(P87:AJ87) -> 0 | AK87: =+G87*SUM(I87:N87) -> 0 | AL87: 0 | AM87: 0 | AN87: NARANJA | AO87: 0
A88: 83 | B88: RHEEM FALCON | C88: EZO / MIRIAM | D88: 82-105077-16 | E88: 0.375 | I88: 0 | J88: 0 | K88: 0 | L88: 0 | M88: 0 | O88: =+I88+J88+K88+L88+M88+N88-SUM(P88:AJ88) -> 0 | AK88: =+G88*SUM(I88:N88) -> 0 | AL88: 0 | AM88: 0 | AN88: NARANJA | AO88: 0
A89: 84 | B89: RHEEM FALCON | C89: EZO / MIRIAM | D89: 82-105077-17 | E89: 0.375 | I89: 0 | J89: 0 | K89: 0 | L89: 0 | M89: 0 | O89: =+I89+J89+K89+L89+M89+N89-SUM(P89:AJ89) -> 0 | AK89: =+G89*SUM(I89:N89) -> 0 | AL89: 0 | AM89: 0 | AN89: NARANJA | AO89: 0
A90: 85 | B90: RHEEM FALCON | C90: EZO / MIRIAM | D90: 82-105077-18 | E90: 0.375 | I90: 0 | J90: 0 | K90: 0 | L90: 0 | M90: 0 | O90: =+I90+J90+K90+L90+M90+N90-SUM(P90:AJ90) -> 0 | AK90: =+G90*SUM(I90:N90) -> 0 | AL90: 0 | AM90: 0 | AN90: NARANJA | AO90: 0
A91: 86 | B91: RHEEM FALCON | C91: EZO / MIRIAM | D91: 82-104985-49 | E91: 0.5 | I91: -400 | J91: 0 | K91: 0 | L91: 0 | M91: 2200 | O91: =+I91+J91+K91+L91+M91+N91-SUM(P91:AJ91) -> -300 | X91: 800 | Y91: 1300 | AK91: =+G91*SUM(I91:N91) -> 0 | AL91: 30X20X7 | AM91: 100 | AN91: NARANJA | AO91: =+SUM(I91:N91)/AM91 -> 18
A92: 87 | B92: RHEEM FALCON | C92: EZO / MIRIAM | D92: 82-104985-52 | E92: 0.5 | I92: 0 | J92: 0 | K92: 0 | L92: 0 | M92: 0 | O92: =+I92+J92+K92+L92+M92+N92-SUM(P92:AJ92) -> 0 | AK92: =+G92*SUM(I92:N92) -> 0 | AL92: 30X20X7 | AM92: 200 | AN92: NARANJA | AO92: =+SUM(I92:N92)/AM92 -> 0
A93: 88 | B93: RHEEM FALCON | C93: EZO / MIRIAM | D93: 82-104985-53 | E93: 0.5 | I93: 1200 | J93: 0 | K93: 0 | L93: 0 | M93: 1200 | O93: =+I93+J93+K93+L93+M93+N93-SUM(P93:AJ93) -> 2100 | P93: 300 | AK93: =+G93*SUM(I93:N93) -> 0 | AL93: 30X20X7 | AM93: 200 | AN93: NARANJA | AO93: =+SUM(I93:N93)/AM93 -> 12
A94: 89 | B94: RHEEM FALCON | C94: EZO / MIRIAM | D94: 82-104985-54 | E94: 0.5 | I94: 83 | J94: 0 | K94: 0 | L94: 0 | M94: 2200 | O94: =+I94+J94+K94+L94+M94+N94-SUM(P94:AJ94) -> 1366 | P94: 917 | AK94: =+G94*SUM(I94:N94) -> 0 | AL94: 30X20X7 | AM94: 200 | AN94: NARANJA | AO94: =+SUM(I94:N94)/AM94 -> 11.415
A95: 90 | B95: RHEEM FALCON | C95: EZO / MIRIAM | D95: 82-104985-55 | E95: 0.5 | I95: 600 | J95: 0 | K95: 0 | L95: 0 | M95: 600 | O95: =+I95+J95+K95+L95+M95+N95-SUM(P95:AJ95) -> 750 | R95: 250 | U95: 200 | AK95: =+G95*SUM(I95:N95) -> 0 | AL95: 30X20X7 | AM95: 200 | AN95: NARANJA | AO95: =+SUM(I95:N95)/AM95 -> 6
A96: 91 | B96: RHEEM FALCON | C96: EZO / MIRIAM | D96: 82-110939-01 | E96: 0.5 | I96: 200 | J96: 0 | K96: 0 | L96: 0 | M96: 200 | O96: =+I96+J96+K96+L96+M96+N96-SUM(P96:AJ96) -> 200 | V96: 200 | AK96: =+G96*SUM(I96:N96) -> 0 | AL96: 30X20X7 | AM96: 200 | AN96: NARANJA | AO96: =+SUM(I96:N96)/AM96 -> 2
A97: 92 | B97: RHEEM FALCON | C97: EZO / MIRIAM | D97: 82-110939-02 | E97: 0.5 | I97: 1200 | J97: 0 | K97: 0 | L97: 0 | M97: 1200 | O97: =+I97+J97+K97+L97+M97+N97-SUM(P97:AJ97) -> 1500 | R97: 300 | T97: 600 | AK97: =+G97*SUM(I97:N97) -> 0 | AL97: 30X20X7 | AM97: 200 | AN97: NARANJA | AO97: =+SUM(I97:N97)/AM97 -> 12
A98: 93 | B98: RHEEM FALCON | C98: EZO / MIRIAM | D98: 82-104984-249 | E98: 0.625 | I98: 0 | J98: 0 | K98: 0 | L98: 0 | M98: 0 | O98: =+I98+J98+K98+L98+M98+N98-SUM(P98:AJ98) -> 0 | AK98: =+G98*SUM(I98:N98) -> 0 | AL98: 30X20X7 | AM98: 150 | AN98: NARANJA | AO98: =+SUM(I98:N98)/AM98 -> 0
A99: 94 | B99: RHEEM FALCON | C99: EZO / MIRIAM | D99: 82-104984-250 | E99: 0.625 | I99: 0 | J99: 0 | K99: 1050 | L99: 0 | M99: 0 | O99: =+I99+J99+K99+L99+M99+N99-SUM(P99:AJ99) -> 0 | P99: 150 | Q99: 600 | R99: 300 | AK99: =+G99*SUM(I99:N99) -> 0 | AL99: 30X20X7 | AM99: 150 | AN99: NARANJA | AO99: =+SUM(I99:N99)/AM99 -> 7
A100: 95 | B100: RHEEM FALCON | C100: EZO / MIRIAM | D100: 82-104984-252 | E100: 0.625 | I100: -51 | J100: 0 | K100: 2100 | L100: 0 | M100: 0 | O100: =+I100+J100+K100+L100+M100+N100-SUM(P100:AJ100) -> 699 | R100: 150 | T100: 450 | U100: 450 | V100: 300 | AK100: =+G100*SUM(I100:N100) -> 0 | AL100: 30X20X7 | AM100: 150 | AN100: NARANJA | AO100: =+SUM(I100:N100)/AM100 -> 13.66
A101: 96 | B101: RHEEM FALCON | C101: EZO / MIRIAM | D101: 82-104984-255 | E101: 0.625 | I101: 0 | J101: 0 | K101: 1050 | L101: 0 | M101: 0 | O101: =+I101+J101+K101+L101+M101+N101-SUM(P101:AJ101) -> 0 | V101: 1050 | AK101: =+G101*SUM(I101:N101) -> 0 | AL101: 30X20X7 | AM101: 150 | AN101: NARANJA | AO101: =+SUM(I101:N101)/AM101 -> 7
A102: 97 | B102: RHEEM FALCON | C102: EZO / MIRIAM | D102: 82-104984-245 | E102: 0.75 | I102: 0 | J102: 0 | K102: 2160 | L102: 0 | M102: 0 | O102: =+I102+J102+K102+L102+M102+N102-SUM(P102:AJ102) -> 0 | R102: 240 | S102: 1120 | T102: 800 | AK102: =+G102*SUM(I102:N102) -> 0 | AL102: 30X20X7 | AM102: 80 | AN102: NARANJA | AO102: =+SUM(I102:N102)/AM102 -> 27
...

Sheet SEMANA 31
C2: DÍA | D2: TURNO
C3: =TODAY() -> 46308 | D3: A | E3: X | J3: PROGRAMA
D4: B | J4: SEMANA | K4: Convertirlo a horas | Q4: 46230 | S4: 46231 | U4: 46232 | W4: 46233 | Y4: 46234 | AA4: Ag1
C5: CLIENTE | D5: DESTINO | E5: NÚMERO DE PARTE | F5: DIAMETRO | G5: PARED | H5: PESO | I5: PRECIO | J5: 31 | K5: Ag1 | L5: Ag2 | M5: Ag3 | N5: Ag4 | O5: Ag5 | P5: BALANCE | Q5: A | R5: B | S5: A | T5: B | U5: A | V5: B | W5: A | X5: B | Y5: A | Z5: B | AA5: AYB | AB5: KG | AC5: CAJA | AD5: CANT. X CAJA | AE5: HOJA COLOR | AF5: TOTAL CAJAS | AH5: Row Labels | AI5: Sum of TOTAL CAJAS
B6: 1 | C6: RHEEM TRANSFERENCIA | D6: EZO / MIRIAM | E6: 82-104987-15 | F6: 0.25 | G6: 0.028 | J6: 0 | L6: 0 | P6: =+J6+K6+L6+M6+N6+O6-SUM(Q6:AA6) -> 0 | AB6: =+H6*SUM(J6:O6) -> 0 | AC6: 12.5X12.5X12.5 | AD6: 150 | AE6: VERDE | AF6: =+SUM(J6:O6)/AD6 -> 0 | AH6: 0 | AI6: 0
B7: 2 | C7: RHEEM TRANSFERENCIA | D7: EZO / MIRIAM | E7: 82-104987-13 | F7: 0.25 | G7: 0.028 | J7: 0 | L7: 0 | P7: =+J7+K7+L7+M7+N7+O7-SUM(Q7:AA7) -> 0 | AB7: =+H7*SUM(J7:O7) -> 0 | AC7: 12.5X12.5X12.5 | AD7: 200 | AE7: VERDE | AF7: =+SUM(J7:O7)/AD7 -> 0 | AH7: 12.5X12.5X12.5 | AI7: 52
B8: 3 | C8: RHEEM TRANSFERENCIA | D8: EZO / MIRIAM | E8: 82-104987-14 | F8: 0.25 | G8: 0.028 | J8: 0 | L8: 0 | P8: =+J8+K8+L8+M8+N8+O8-SUM(Q8:AA8) -> 0 | AB8: =+H8*SUM(J8:O8) -> 0 | AC8: 12.5X12.5X12.5 | AD8: 200 | AE8: VERDE | AF8: =+SUM(J8:O8)/AD8 -> 0 | AH8: 25x20x12.5 | AI8: 0
B9: 4 | C9: RHEEM TRANSFERENCIA | D9: EZO / MIRIAM | E9: 82-104986-88 | F9: 0.375 | G9: 0.028 | J9: 0 | L9: 0 | P9: =+J9+K9+L9+M9+N9+O9-SUM(Q9:AA9) -> 0 | AB9: =+H9*SUM(J9:O9) -> 0 | AC9: 12.5X12.5X12.5 | AD9: 100 | AE9: VERDE | AF9: =+SUM(J9:O9)/AD9 -> 0 | AH9: 30X20X7 | AI9: 116
B10: 5 | C10: RHEEM TRANSFERENCIA | D10: EZO / MIRIAM | E10: 82-104986-61 | F10: 0.375 | G10: 0.028 | J10: 0 | L10: 0 | P10: =+J10+K10+L10+M10+N10+O10-SUM(Q10:AA10) -> 0 | AB10: =+H10*SUM(J10:O10) -> 0 | AC10: 12.5X12.5X12.5 | AD10: 150 | AE10: VERDE | AF10: =+SUM(J10:O10)/AD10 -> 0 | AH10: 42X45X20 | AI10: 2
B11: 6 | C11: RHEEM TRANSFERENCIA | D11: EZO / MIRIAM | E11: 82-104986-59 | F11: 0.375 | G11: 0.028 | J11: 0 | K11: 100 | L11: 0 | P11: =+J11+K11+L11+M11+N11+O11-SUM(Q11:AA11) -> 0 | Q11: 100 | AB11: =+H11*SUM(J11:O11) -> 0 | AC11: 12.5X12.5X12.5 | AD11: 150 | AE11: VERDE | AF11: =+SUM(J11:O11)/AD11 -> 0.66666667 | AH11: 44x41x12 | AI11: 10
B12: 7 | C12: RHEEM TRANSFERENCIA | D12: EZO / MIRIAM | E12: 82-104986-72 | F12: 0.375 | G12: 0.028 | J12: 0 | L12: 0 | P12: =+J12+K12+L12+M12+N12+O12-SUM(Q12:AA12) -> 0 | AB12: =+H12*SUM(J12:O12) -> 0 | AC12: 12.5X12.5X12.5 | AD12: 50 | AE12: VERDE | AF12: =+SUM(J12:O12)/AD12 -> 0 | AH12: Grand Total | AI12: 180
B13: 8 | C13: RHEEM TRANSFERENCIA | D13: EZO / MIRIAM | E13: 82-104986-89 | F13: 0.375 | G13: 0.028 | J13: 0 | L13: 0 | P13: =+J13+K13+L13+M13+N13+O13-SUM(Q13:AA13) -> 0 | AB13: =+H13*SUM(J13:O13) -> 0 | AC13: 12.5X12.5X12.5 | AD13: 100 | AE13: VERDE | AF13: =+SUM(J13:O13)/AD13 -> 0
B14: 9 | C14: RHEEM TRANSFERENCIA | D14: EZO / MIRIAM | E14: 82-104986-71 | F14: 0.375 | G14: 0.028 | J14: 0 | L14: 0 | P14: =+J14+K14+L14+M14+N14+O14-SUM(Q14:AA14) -> 0 | AB14: =+H14*SUM(J14:O14) -> 0 | AC14: 12.5X12.5X12.5 | AD14: 50 | AE14: VERDE | AF14: =+SUM(J14:O14)/AD14 -> 0
B15: 10 | C15: RHEEM TRANSFERENCIA | D15: EZO / MIRIAM | E15: 82-104986-60 | F15: 0.375 | G15: 0.028 | J15: 0 | L15: 0 | P15: =+J15+K15+L15+M15+N15+O15-SUM(Q15:AA15) -> 0 | AB15: =+H15*SUM(J15:O15) -> 0 | AC15: 30X20X7 | AD15: 60 | AE15: VERDE | AF15: =+SUM(J15:O15)/AD15 -> 0
B16: 11 | C16: RHEEM TRANSFERENCIA | D16: EZO / MIRIAM | E16: 82-104985-41 | F16: 0.5 | G16: 0.028 | J16: 0 | L16: 0 | P16: =+J16+K16+L16+M16+N16+O16-SUM(Q16:AA16) -> 0 | AB16: =+H16*SUM(J16:O16) -> 0 | AC16: 12.5x12.5x12.5 | AD16: 100 | AE16: VERDE | AF16: =+SUM(J16:O16)/AD16 -> 0
B17: 12 | C17: RHEEM TRANSFERENCIA | D17: EZO / MIRIAM | E17: 82-104985-25 | F17: 0.5 | G17: 0.028 | J17: 0 | L17: 0 | P17: =+J17+K17+L17+M17+N17+O17-SUM(Q17:AA17) -> -756 | W17: 756 | AB17: =+H17*SUM(J17:O17) -> 0 | AC17: 44x41x12 | AD17: 100 | AE17: VERDE | AF17: =+SUM(J17:O17)/AD17 -> 0
B18: 13 | C18: RHEEM TRANSFERENCIA | D18: EZO / MIRIAM | E18: 82-104748-68 | F18: 0.5 | G18: 0.028 | J18: 0 | L18: 0 | P18: =+J18+K18+L18+M18+N18+O18-SUM(Q18:AA18) -> 0 | AB18: =+H18*SUM(J18:O18) -> 0 | AC18: 44x41x12 | AD18: 100 | AE18: VERDE | AF18: =+SUM(J18:O18)/AD18 -> 0
B19: 14 | C19: RHEEM TRANSFERENCIA | D19: EZO / MIRIAM | E19: 82-104985-39 | F19: 0.5 | G19: 0.028 | J19: 0 | L19: 0 | P19: =+J19+K19+L19+M19+N19+O19-SUM(Q19:AA19) -> 0 | AB19: =+H19*SUM(J19:O19) -> 0 | AC19: 44x41x12 | AD19: 100 | AE19: VERDE | AF19: =+SUM(J19:O19)/AD19 -> 0
B20: 15 | C20: RHEEM TRANSFERENCIA | D20: EZO / MIRIAM | E20: 82-108427-01 | F20: 0.5 | G20: 0.028 | J20: 0 | L20: 0 | P20: =+J20+K20+L20+M20+N20+O20-SUM(Q20:AA20) -> 0 | AB20: =+H20*SUM(J20:O20) -> 0 | AC20: 44x41x12 | AD20: 80 | AE20: VERDE | AF20: =+SUM(J20:O20)/AD20 -> 0
B21: 16 | C21: RHEEM TRANSFERENCIA | D21: EZO / MIRIAM | E21: 82-104748-69 | F21: 0.5 | G21: 0.028 | J21: 500 | L21: 0 | P21: =+J21+K21+L21+M21+N21+O21-SUM(Q21:AA21) -> 500 | AB21: =+H21*SUM(J21:O21) -> 0 | AC21: 44x41x12 | AD21: 100 | AE21: VERDE | AF21: =+SUM(J21:O21)/AD21 -> 5
B22: 17 | C22: RHEEM TRANSFERENCIA | D22: EZO / MIRIAM | E22: 82-104894-08 | F22: 0.5 | G22: 0.028 | J22: 0 | L22: 0 | P22: =+J22+K22+L22+M22+N22+O22-SUM(Q22:AA22) -> 0 | AB22: =+H22*SUM(J22:O22) -> 0 | AC22: 0 | AD22: 0 | AE22: VERDE | AF22: 0
B23: 18 | C23: RHEEM TRANSFERENCIA | D23: EZO / MIRIAM | E23: 82-104894-02 | F23: 0.5 | G23: 0.028 | J23: 0 | L23: 0 | P23: =+J23+K23+L23+M23+N23+O23-SUM(Q23:AA23) -> 0 | AB23: =+H23*SUM(J23:O23) -> 0 | AC23: 0 | AD23: 0 | AE23: VERDE | AF23: 0
B24: 19 | C24: RHEEM TRANSFERENCIA | D24: EZO / MIRIAM | E24: 82-104895-02 | F24: 0.5 | G24: 0.028 | J24: 0 | L24: 0 | P24: =+J24+K24+L24+M24+N24+O24-SUM(Q24:AA24) -> 0 | AB24: =+H24*SUM(J24:O24) -> 0 | AC24: 0 | AD24: 0 | AE24: VERDE | AF24: 0
B25: 20 | C25: RHEEM TRANSFERENCIA | D25: EZO / MIRIAM | E25: 82-100797-16 | F25: 0.5 | G25: 0.028 | J25: 0 | L25: 0 | P25: =+J25+K25+L25+M25+N25+O25-SUM(Q25:AA25) -> 0 | AB25: =+H25*SUM(J25:O25) -> 0 | AC25: 0 | AD25: 0 | AE25: VERDE | AF25: 0
B26: 21 | C26: RHEEM TRANSFERENCIA | D26: EZO / MIRIAM | E26: 82-104895-06 | F26: 0.5 | G26: 0.028 | J26: 0 | L26: 0 | P26: =+J26+K26+L26+M26+N26+O26-SUM(Q26:AA26) -> 0 | AB26: =+H26*SUM(J26:O26) -> 0 | AC26: 0 | AD26: 0 | AE26: VERDE | AF26: 0
B27: 22 | C27: RHEEM TRANSFERENCIA | D27: EZO / MIRIAM | E27: 82-104894-07 | F27: 0.5 | G27: 0.028 | J27: 0 | L27: 0 | P27: =+J27+K27+L27+M27+N27+O27-SUM(Q27:AA27) -> 0 | AB27: =+H27*SUM(J27:O27) -> 0 | AC27: 0 | AD27: 0 | AE27: VERDE | AF27: 0
B28: 23 | C28: RHEEM TRANSFERENCIA | D28: EZO / MIRIAM | E28: 82-100797-23 | F28: 0.5 | G28: 0.028 | J28: 0 | L28: 0 | P28: =+J28+K28+L28+M28+N28+O28-SUM(Q28:AA28) -> 0 | AB28: =+H28*SUM(J28:O28) -> 0 | AC28: 0 | AD28: 0 | AE28: VERDE | AF28: 0
B29: 24 | C29: RHEEM TRANSFERENCIA | D29: EZO / MIRIAM | E29: 82-104894-10 | F29: 0.5 | G29: 0.028 | J29: 0 | L29: 0 | P29: =+J29+K29+L29+M29+N29+O29-SUM(Q29:AA29) -> 0 | AB29: =+H29*SUM(J29:O29) -> 0 | AC29: 0 | AD29: 0 | AE29: VERDE | AF29: 0
B30: 25 | C30: RHEEM TRANSFERENCIA | D30: EZO / MIRIAM | E30: 82-104895-07 | F30: 0.5 | G30: 0.028 | J30: 0 | L30: 0 | P30: =+J30+K30+L30+M30+N30+O30-SUM(Q30:AA30) -> 0 | AB30: =+H30*SUM(J30:O30) -> 0 | AC30: 0 | AD30: 0 | AE30: VERDE | AF30: 0
B31: 26 | C31: RHEEM TRANSFERENCIA | D31: EZO / MIRIAM | E31: 82-104895-17 | F31: 0.5 | G31: 0.028 | J31: 0 | L31: 0 | P31: =+J31+K31+L31+M31+N31+O31-SUM(Q31:AA31) -> 0 | AB31: =+H31*SUM(J31:O31) -> 0 | AC31: 0 | AD31: 0 | AE31: VERDE | AF31: 0
B32: 27 | C32: RHEEM TRANSFERENCIA | D32: EZO / MIRIAM | E32: 82-104894-13 | F32: 0.5 | G32: 0.028 | J32: 0 | L32: 0 | P32: =+J32+K32+L32+M32+N32+O32-SUM(Q32:AA32) -> 0 | AB32: =+H32*SUM(J32:O32) -> 0 | AC32: 0 | AD32: 0 | AE32: VERDE | AF32: 0
B33: 28 | C33: RHEEM TRANSFERENCIA | D33: EZO / MIRIAM | E33: 82-104894-01 | F33: 0.5 | G33: 0.028 | J33: 0 | L33: 0 | P33: =+J33+K33+L33+M33+N33+O33-SUM(Q33:AA33) -> 0 | AB33: =+H33*SUM(J33:O33) -> 0 | AC33: 0 | AD33: 0 | AE33: VERDE | AF33: 0
... B35: 30 | C35: RHEEM TRANSFERENCIA | D35: EZO / MIRIAM | E35: 82-104894-09 | F35: 0.5 | G35: 0.028 | J35: 0 | L35: 0 | P35: =+J35+K35+L35+M35+N35+O35-SUM(Q35:AA35) -> 0 | AB35: =+H35*SUM(J35:O35) -> 0 | AC35: 0 | AD35: 0 | AE35: VERDE | AF35: 0
B36: 31 | C36: RHEEM TRANSFERENCIA | D36: EZO / MIRIAM | E36: 82-104984-140 | F36: 0.625 | G36: 0.035 | J36: 0 | L36: 0 | P36: =+J36+K36+L36+M36+N36+O36-SUM(Q36:AA36) -> 0 | AB36: =+H36*SUM(J36:O36) -> 0 | AC36: 44x41x12 | AD36: 200 | AE36: VERDE | AF36: =+SUM(J36:O36)/AD36 -> 0
B37: 32 | C37: RHEEM TRANSFERENCIA | D37: EZO / MIRIAM | E37: 82-104984-116 | F37: 0.625 | G37: 0.035 | J37: 0 | L37: 0 | P37: =+J37+K37+L37+M37+N37+O37-SUM(Q37:AA37) -> 0 | AB37: =+H37*SUM(J37:O37) -> 0 | AC37: 44x41x12 | AD37: 100 | AE37: VERDE | AF37: =+SUM(J37:O37)/AD37 -> 0
B38: 33 | C38: RHEEM TRANSFERENCIA | D38: EZO / MIRIAM | E38: 82-104984-142 | F38: 0.625 | G38: 0.035 | J38: 0 | L38: 0 | P38: =+J38+K38+L38+M38+N38+O38-SUM(Q38:AA38) -> 0 | AB38: =+H38*SUM(J38:O38) -> 0 | AC38: 44x41x12 | AD38: 100 | AE38: VERDE | AF38: =+SUM(J38:O38)/AD38 -> 0
B39: 34 | C39: RHEEM TRANSFERENCIA | D39: EZO / MIRIAM | E39: 82-104984-114 | F39: 0.75 | G39: 0.035 | J39: 0 | L39: 0 | P39: =+J39+K39+L39+M39+N39+O39-SUM(Q39:AA39) -> 0 | AB39: =+H39*SUM(J39:O39) -> 0 | AC39: 42X45X20 | AD39: 2000 | AE39: VERDE | AF39: =+SUM(J39:O39)/AD39 -> 0
B40: 35 | C40: RHEEM TRANSFERENCIA | D40: EZO / MIRIAM | E40: 82-104984-147 | F40: 0.75 | G40: 0.035 | J40: 0 | L40: 0 | P40: =+J40+K40+L40+M40+N40+O40-SUM(Q40:AA40) -> 0 | AB40: =+H40*SUM(J40:O40) -> 0 | AC40: 42X45X20 | AD40: 500 | AE40: VERDE | AF40: =+SUM(J40:O40)/AD40 -> 0
B41: 36 | C41: RHEEM TRANSFERENCIA | D41: EZO / MIRIAM | E41: 82-104984-122 | F41: 0.75 | G41: 0.035 | J41: 0 | L41: 0 | P41: =+J41+K41+L41+M41+N41+O41-SUM(Q41:AA41) -> 0 | AB41: =+H41*SUM(J41:O41) -> 0 | AC41: 42X45X20 | AD41: 250 | AE41: VERDE | AF41: =+SUM(J41:O41)/AD41 -> 0
B42: 37 | C42: RHEEM TRANSFERENCIA | D42: EZO / MIRIAM | E42: 82-104984-189 | F42: 0.75 | G42: 0.035 | J42: 0 | L42: 0 | P42: =+J42+K42+L42+M42+N42+O42-SUM(Q42:AA42) -> 0 | AB42: =+H42*SUM(J42:O42) -> 0 | AC42: 42X45X20 | AD42: 300 | AE42: VERDE | AF42: =+SUM(J42:O42)/AD42 -> 0
B43: 38 | C43: RHEEM TRANSFERENCIA | D43: EZO / MIRIAM | E43: 82-104984-190 | F43: 0.75 | G43: 0.035 | J43: 0 | L43: 0 | P43: =+J43+K43+L43+M43+N43+O43-SUM(Q43:AA43) -> 0 | AB43: =+H43*SUM(J43:O43) -> 0 | AC43: 42X45X20 | AD43: 300 | AE43: VERDE | AF43: =+SUM(J43:O43)/AD43 -> 0
B44: 39 | C44: RHEEM TRANSFERENCIA | D44: EZO / MIRIAM | E44: 82-104984-124 | F44: 0.75 | G44: 0.035 | J44: 0 | L44: 0 | P44: =+J44+K44+L44+M44+N44+O44-SUM(Q44:AA44) -> 0 | AB44: =+H44*SUM(J44:O44) -> 0 | AC44: 42X45X20 | AD44: 2000 | AE44: VERDE | AF44: =+SUM(J44:O44)/AD44 -> 0
B45: 40 | C45: RHEEM TRANSFERENCIA | D45: EZO / MIRIAM | E45: 82-104984-143 | F45: 0.75 | G45: 0.035 | J45: 0 | L45: 0 | P45: =+J45+K45+L45+M45+N45+O45-SUM(Q45:AA45) -> 0 | AB45: =+H45*SUM(J45:O45) -> 0 | AC45: 42X45X20 | AD45: 1000 | AE45: VERDE | AF45: =+SUM(J45:O45)/AD45 -> 0
B46: 41 | C46: RHEEM TRANSFERENCIA | D46: EZO / MIRIAM | E46: 82-100351-01 | F46: 0.75 | G46: 0.035 | J46: 0 | L46: 0 | P46: =+J46+K46+L46+M46+N46+O46-SUM(Q46:AA46) -> 0 | AB46: =+H46*SUM(J46:O46) -> 0 | AC46: 0 | AD46: 0 | AE46: VERDE | AF46: 0
B47: 42 | C47: RHEEM TRANSFERENCIA | D47: EZO / MIRIAM | E47: 82-103227-15 | F47: 0.75 | G47: 0.035 | J47: 0 | L47: 0 | P47: =+J47+K47+L47+M47+N47+O47-SUM(Q47:AA47) -> 0 | AB47: =+H47*SUM(J47:O47) -> 0 | AC47: 0 | AD47: 0 | AE47: VERDE | AF47: 0
B48: 43 | C48: RHEEM TRANSFERENCIA | D48: EZO / MIRIAM | E48: 82-100351-02 | F48: 0.75 | G48: 0.035 | J48: 0 | L48: 0 | P48: =+J48+K48+L48+M48+N48+O48-SUM(Q48:AA48) -> 0 | AB48: =+H48*SUM(J48:O48) -> 0 | AC48: 0 | AD48: 0 | AE48: VERDE | AF48: 0
B49: 44 | C49: RHEEM TRANSFERENCIA | D49: EZO / MIRIAM | E49: 82-104982-06 | F49: 0.75 | G49: 0.035 | J49: 0 | L49: 0 | P49: =+J49+K49+L49+M49+N49+O49-SUM(Q49:AA49) -> 0 | AB49: =+H49*SUM(J49:O49) -> 0 | AC49: 0 | AD49: 0 | AE49: VERDE | AF49: 0
B50: 45 | C50: RHEEM TRANSFERENCIA | D50: EZO / MIRIAM | E50: 82-100797-02 | F50: 0.75 | G50: 0.035 | J50: 0 | L50: 0 | P50: =+J50+K50+L50+M50+N50+O50-SUM(Q50:AA50) -> 0 | AB50: =+H50*SUM(J50:O50) -> 0 | AC50: 0 | AD50: 0 | AE50: VERDE | AF50: 0
B51: 46 | C51: RHEEM TRANSFERENCIA | D51: EZO / MIRIAM | E51: 82-100797-01 | F51: 0.75 | G51: 0.035 | J51: 0 | L51: 0 | P51: =+J51+K51+L51+M51+N51+O51-SUM(Q51:AA51) -> 0 | AB51: =+H51*SUM(J51:O51) -> 0 | AC51: 0 | AD51: 0 | AE51: VERDE | AF51: 0
B52: 47 | C52: RHEEM TRANSFERENCIA | D52: EZO / MIRIAM | E52: 82-100797-06 | F52: 0.75 | G52: 0.035 | J52: 0 | L52: 0 | P52: =+J52+K52+L52+M52+N52+O52-SUM(Q52:AA52) -> 0 | AB52: =+H52*SUM(J52:O52) -> 0 | AC52: 0 | AD52: 0 | AE52: VERDE | AF52: 0
B53: 48 | C53: RHEEM TRANSFERENCIA | D53: EZO / MIRIAM | E53: 82-101183-03 | F53: 0.75 | G53: 0.035 | J53: 0 | L53: 0 | P53: =+J53+K53+L53+M53+N53+O53-SUM(Q53:AA53) -> 0 | AB53: =+H53*SUM(J53:O53) -> 0 | AC53: 0 | AD53: 0 | AE53: VERDE | AF53: 0
B54: 49 | C54: RHEEM TRANSFERENCIA | D54: EZO / MIRIAM | E54: 82-104982-02 | F54: 0.75 | G54: 0.035 | J54: 0 | L54: 0 | P54: =+J54+K54+L54+M54+N54+O54-SUM(Q54:AA54) -> 0 | AB54: =+H54*SUM(J54:O54) -> 0 | AC54: 0 | AD54: 0 | AE54: VERDE | AF54: 0
B55: 50 | C55: RHEEM TRANSFERENCIA | D55: EZO / MIRIAM | E55: 82-104895-08 | F55: 0.75 | G55: 0.035 | J55: 0 | L55: 0 | P55: =+J55+K55+L55+M55+N55+O55-SUM(Q55:AA55) -> 0 | AB55: =+H55*SUM(J55:O55) -> 0 | AC55: 0 | AD55: 0 | AE55: VERDE | AF55: 0
B56: 51 | C56: RHEEM TRANSFERENCIA | D56: EZO / MIRIAM | E56: 82-104982-01 | F56: 0.75 | G56: 0.035 | J56: 0 | L56: 0 | P56: =+J56+K56+L56+M56+N56+O56-SUM(Q56:AA56) -> 0 | AB56: =+H56*SUM(J56:O56) -> 0 | AC56: 0 | AD56: 0 | AE56: VERDE | AF56: 0
B57: 52 | C57: RHEEM TRANSFERENCIA | D57: EZO / MIRIAM | E57: 82-104984-120 | F57: 0.875 | G57: 0.045 | J57: 0 | L57: 0 | P57: =+J57+K57+L57+M57+N57+O57-SUM(Q57:AA57) -> 0 | AB57: =+H57*SUM(J57:O57) -> 0 | AC57: 42X45X20 | AD57: 1000 | AE57: VERDE | AF57: =+SUM(J57:O57)/AD57 -> 0
B58: 53 | C58: RHEEM TRANSFERENCIA | D58: EZO / MIRIAM | E58: 82-104984-118 | F58: 0.875 | G58: 0.045 | J58: 0 | L58: 0 | P58: =+J58+K58+L58+M58+N58+O58-SUM(Q58:AA58) -> 0 | AB58: =+H58*SUM(J58:O58) -> 0 | AC58: 42x45x20 | AD58: 200 | AE58: VERDE | AF58: =+SUM(J58:O58)/AD58 -> 0
B59: 54 | C59: RHEEM TRANSFERENCIA | D59: EZO / MIRIAM | E59: 82-104984-149 | F59: 0.875 | G59: 0.045 | J59: 0 | L59: 0 | P59: =+J59+K59+L59+M59+N59+O59-SUM(Q59:AA59) -> 0 | AB59: =+H59*SUM(J59:O59) -> 0 | AC59: 42X45X20 | AD59: 1000 | AE59: VERDE | AF59: =+SUM(J59:O59)/AD59 -> 0
B60: 55 | C60: RHEEM TRANSFERENCIA | D60: EZO / MIRIAM | E60: 82-104984-148 | F60: 0.875 | G60: 0.045 | J60: 0 | L60: 0 | P60: =+J60+K60+L60+M60+N60+O60-SUM(Q60:AA60) -> 0 | AB60: =+H60*SUM(J60:O60) -> 0 | AC60: 42x45x20 | AD60: 500 | AE60: VERDE | AF60: =+SUM(J60:O60)/AD60 -> 0
B61: 56 | C61: RHEEM TRANSFERENCIA | D61: EZO / MIRIAM | E61: 82-104984-156 | F61: 0.875 | G61: 0.045 | J61: 99 | L61: 0 | P61: =+J61+K61+L61+M61+N61+O61-SUM(Q61:AA61) -> 99 | AB61: =+H61*SUM(J61:O61) -> 0 | AC61: 42X45X20 | AD61: 1000 | AE61: VERDE | AF61: =+SUM(J61:O61)/AD61 -> 0.099
B62: 57 | C62: RHEEM TRANSFERENCIA | D62: EZO / MIRIAM | E62: 82-104984-126 | F62: 0.875 | G62: 0.045 | J62: 600 | L62: 0 | P62: =+J62+K62+L62+M62+N62+O62-SUM(Q62:AA62) -> 50 | Q62: 300 | R62: 250 | AB62: =+H62*SUM(J62:O62) -> 0 | AC62: 42x45x20 | AD62: 200 | AE62: VERDE | AF62: =+SUM(J62:O62)/AD62 -> 3
B63: 58 | C63: RHEEM TRANSFERENCIA | D63: EZO / MIRIAM | E63: 82-104984-191 | F63: 0.875 | G63: 0.045 | J63: 500 | L63: 0 | P63: =+J63+K63+L63+M63+N63+O63-SUM(Q63:AA63) -> 500 | AB63: =+H63*SUM(J63:O63) -> 0 | AC63: 42x45x20 | AD63: 500 | AE63: VERDE | AF63: =+SUM(J63:O63)/AD63 -> 1
B64: 59 | C64: RHEEM TRANSFERENCIA | D64: EZO / MIRIAM | E64: 82-108426-01 | F64: 0.875 | G64: 0.045 | J64: 0 | L64: 0 | P64: =+J64+K64+L64+M64+N64+O64-SUM(Q64:AA64) -> 0 | AB64: =+H64*SUM(J64:O64) -> 0 | AC64: 0 | AD64: 0 | AE64: VERDE | AF64: 0
B65: 60 | C65: RHEEM TRANSFERENCIA | D65: EZO / MIRIAM | E65: 82-100351-03 | F65: 0.875 | G65: 0.045 | J65: 0 | L65: 0 | P65: =+J65+K65+L65+M65+N65+O65-SUM(Q65:AA65) -> 0 | AB65: =+H65*SUM(J65:O65) -> 0 | AC65: 0 | AD65: 0 | AE65: VERDE | AF65: 0
B66: 61 | C66: RHEEM TRANSFERENCIA | D66: EZO / MIRIAM | E66: 82-108451-01 | F66: 0.875 | G66: 0.045 | J66: 0 | L66: 0 | P66: =+J66+K66+L66+M66+N66+O66-SUM(Q66:AA66) -> 0 | AB66: =+H66*SUM(J66:O66) -> 0 | AC66: 0 | AD66: 0 | AE66: VERDE | AF66: 0
B67: 62 | C67: RHEEM TRANSFERENCIA | D67: EZO / MIRIAM | E67: 82-108430-01 | F67: 0.875 | G67: 0.045 | J67: 0 | L67: 0 | P67: =+J67+K67+L67+M67+N67+O67-SUM(Q67:AA67) -> 0 | AB67: =+H67*SUM(J67:O67) -> 0 | AC67: 42x45x20 | AD67: 200 | AE67: VERDE | AF67: =+SUM(J67:O67)/AD67 -> 0
B68: 63 | C68: RHEEM TRANSFERENCIA | D68: EZO / MIRIAM | E68: 82-100797-04 | F68: 0.875 | G68: 0.045 | J68: 0 | L68: 0 | P68: =+J68+K68+L68+M68+N68+O68-SUM(Q68:AA68) -> 0 | AB68: =+H68*SUM(J68:O68) -> 0 | AC68: 0 | AD68: 0 | AE68: VERDE | AF68: 0
B69: 64 | C69: RHEEM TRANSFERENCIA | D69: EZO / MIRIAM | E69: 82-100351-04 | F69: 0.875 | G69: 0.045 | J69: 0 | L69: 0 | P69: =+J69+K69+L69+M69+N69+O69-SUM(Q69:AA69) -> 0 | AB69: =+H69*SUM(J69:O69) -> 0 | AC69: 0 | AD69: 0 | AE69: VERDE | AF69: 0
B70: 65 | C70: RHEEM TRANSFERENCIA | D70: EZO / MIRIAM | E70: 82-108430-03 | F70: 0.875 | G70: 0.045 | J70: 0 | L70: 0 | P70: =+J70+K70+L70+M70+N70+O70-SUM(Q70:AA70) -> 0 | AB70: =+H70*SUM(J70:O70) -> 0 | AC70: 42x45x20 | AD70: 200 | AE70: VERDE | AF70: =+SUM(J70:O70)/AD70 -> 0
B71: 66 | C71: RHEEM TRANSFERENCIA | D71: EZO / MIRIAM | E71: 82-104984-46 | F71: 0.875 | G71: 0.045 | J71: 0 | L71: 0 | P71: =+J71+K71+L71+M71+N71+O71-SUM(Q71:AA71) -> 0 | AB71: =+H71*SUM(J71:O71) -> 0 | AC71: 42x45x20 | AD71: 500 | AE71: VERDE | AF71: =+SUM(J71:O71)/AD71 -> 0
B72: 67 | C72: RHEEM TRANSFERENCIA | D72: EZO / MIRIAM | E72: 82-104984-216 | F72: 0.875 | G72: 0.045 | J72: 0 | L72: 0 | P72: =+J72+K72+L72+M72+N72+O72-SUM(Q72:AA72) -> 0 | AB72: =+H72*SUM(J72:O72) -> 0 | AC72: 42x45x20 | AD72: 200 | AE72: VERDE | AF72: =+SUM(J72:O72)/AD72 -> 0
B73: 68 | C73: RHEEM TRANSFERENCIA | D73: EZO / MIRIAM | E73: 82-101183-04 | F73: 0.875 | G73: 0.045 | J73: 0 | L73: 0 | P73: =+J73+K73+L73+M73+N73+O73-SUM(Q73:AA73) -> 0 | AB73: =+H73*SUM(J73:O73) -> 0 | AC73: 0 | AD73: 0 | AE73: VERDE | AF73: 0
B74: 69 | C74: RHEEM TRANSFERENCIA | D74: EZO / MIRIAM | E74: 82-104982-04 | F74: 0.875 | G74: 0.045 | J74: 0 | L74: 0 | P74: =+J74+K74+L74+M74+N74+O74-SUM(Q74:AA74) -> 0 | AB74: =+H74*SUM(J74:O74) -> 0 | AC74: 0 | AD74: 0 | AE74: VERDE | AF74: 0
B75: 70 | C75: RHEEM TRANSFERENCIA | D75: EZO / MIRIAM | E75: 82-104982-05 | F75: 0.875 | G75: 0.045 | J75: 0 | L75: 0 | P75: =+J75+K75+L75+M75+N75+O75-SUM(Q75:AA75) -> 0 | AB75: =+H75*SUM(J75:O75) -> 0 | AC75: 0 | AD75: 0 | AE75: VERDE | AF75: 0
B76: 71 | C76: RHEEM TRANSFERENCIA | D76: EZO / MIRIAM | E76: 82-103015-09 | F76: 0.875 | G76: 0.045 | J76: 0 | L76: 0 | P76: =+J76+K76+L76+M76+N76+O76-SUM(Q76:AA76) -> 0 | AB76: =+H76*SUM(J76:O76) -> 0 | AC76: 0 | AD76: 0 | AE76: VERDE | AF76: 0
B77: 72 | C77: RHEEM TRANSFERENCIA | D77: EZO / MIRIAM | E77: 82-106374-02 | F77: 0.875 | G77: 0.045 | J77: 0 | L77: 0 | P77: =+J77+K77+L77+M77+N77+O77-SUM(Q77:AA77) -> 0 | AB77: =+H77*SUM(J77:O77) -> 0 | AC77: 0 | AD77: 0 | AE77: VERDE | AF77: 0
B78: 73 | C78: RHEEM TRANSFERENCIA | D78: EZO / MIRIAM | E78: 82-104982-08 | F78: 0.875 | G78: 0.045 | J78: 0 | L78: 0 | P78: =+J78+K78+L78+M78+N78+O78-SUM(Q78:AA78) -> 0 | AB78: =+H78*SUM(J78:O78) -> 0 | AC78: 0 | AD78: 0 | AE78: VERDE | AF78: 0
B79: 74 | C79: RHEEM TRANSFERENCIA | D79: EZO / MIRIAM | E79: 82-100797-05 | F79: 0.875 | G79: 0.045 | J79: 0 | L79: 0 | P79: =+J79+K79+L79+M79+N79+O79-SUM(Q79:AA79) -> 0 | AB79: =+H79*SUM(J79:O79) -> 0 | AC79: 0 | AD79: 0 | AE79: VERDE | AF79: 0
B80: 75 | C80: RHEEM TRANSFERENCIA | D80: EZO / MIRIAM | E80: 82-104982-03 | F80: 0.875 | G80: 0.045 | J80: 0 | L80: 0 | P80: =+J80+K80+L80+M80+N80+O80-SUM(Q80:AA80) -> 0 | AB80: =+H80*SUM(J80:O80) -> 0 | AC80: 0 | AD80: 0 | AE80: VERDE | AF80: 0
B81: 76 | C81: RHEEM TRANSFERENCIA | D81: EZO / MIRIAM | E81: 82-101183-16 | F81: 0.875 | G81: 0.045 | J81: 0 | L81: 0 | P81: =+J81+K81+L81+M81+N81+O81-SUM(Q81:AA81) -> 0 | AB81: =+H81*SUM(J81:O81) -> 0 | AC81: 0 | AD81: 0 | AE81: VERDE | AF81: 0
B82: 77 | C82: RHEEM TRANSFERENCIA | D82: EZO / MIRIAM | E82: 82-104895-09 | F82: 0.875 | G82: 0.045 | J82: 0 | L82: 0 | P82: =+J82+K82+L82+M82+N82+O82-SUM(Q82:AA82) -> 0 | AB82: =+H82*SUM(J82:O82) -> 0 | AC82: 0 | AD82: 0 | AE82: VERDE | AF82: 0
B83: 78 | C83: RHEEM TRANSFERENCIA | D83: EZO / MIRIAM | E83: 82-109836-01 | F83: 0.875 | G83: 0.045 | J83: 0 | L83: 0 | P83: =+J83+K83+L83+M83+N83+O83-SUM(Q83:AA83) -> 0 | AB83: =+H83*SUM(J83:O83) -> 0 | AC83: 0 | AD83: 0 | AE83: VERDE | AF83: 0
B84: 79 | C84: RHEEM FALCON | D84: EZO / MIRIAM | E84: 82-109026-21 | F84: 0.25 | J84: 200 | L84: 0 | P84: =+J84+K84+L84+M84+N84+O84-SUM(Q84:AA84) -> -2416 | W84: 616 | Y84: 1000 | Z84: 1000 | AB84: =+H84*SUM(J84:O84) -> 0 | AC84: 12.5X12.5X12.5 | AD84: 200 | AE84: NARANJA | AF84: =+SUM(J84:O84)/AD84 -> 1
B85: 80 | C85: RHEEM FALCON | D85: EZO / MIRIAM | E85: 82-109026-22 | F85: 0.25 | J85: 0 | L85: 0 | P85: =+J85+K85+L85+M85+N85+O85-SUM(Q85:AA85) -> -1710 | U85: 1299 | W85: 411 | AB85: =+H85*SUM(J85:O85) -> 0 | AC85: 12.5X12.5X12.5 | AD85: 200 | AE85: NARANJA | AF85: =+SUM(J85:O85)/AD85 -> 0
B86: 81 | C86: RHEEM FALCON | D86: EZO / MIRIAM | E86: 82-110968-01 | F86: 0.25 | J86: 200 | L86: 0 | P86: =+J86+K86+L86+M86+N86+O86-SUM(Q86:AA86) -> -193 | W86: 393 | AB86: =+H86*SUM(J86:O86) -> 0 | AC86: 12.5X12.5X12.5 | AD86: 200 | AE86: NARANJA | AF86: =+SUM(J86:O86)/AD86 -> 1
B87: 82 | C87: RHEEM FALCON | D87: EZO / MIRIAM | E87: 82-105077-15 | F87: 0.375 | J87: 0 | L87: 0 | P87: =+J87+K87+L87+M87+N87+O87-SUM(Q87:AA87) -> 0 | AB87: =+H87*SUM(J87:O87) -> 0 | AC87: 0 | AD87: 0 | AE87: NARANJA | AF87: 0
B88: 83 | C88: RHEEM FALCON | D88: EZO / MIRIAM | E88: 82-105077-16 | F88: 0.375 | J88: 0 | L88: 0 | P88: =+J88+K88+L88+M88+N88+O88-SUM(Q88:AA88) -> 0 | AB88: =+H88*SUM(J88:O88) -> 0 | AC88: 0 | AD88: 0 | AE88: NARANJA | AF88: 0
B89: 84 | C89: RHEEM FALCON | D89: EZO / MIRIAM | E89: 82-105077-17 | F89: 0.375 | J89: 0 | L89: 0 | P89: =+J89+K89+L89+M89+N89+O89-SUM(Q89:AA89) -> 0 | AB89: =+H89*SUM(J89:O89) -> 0 | AC89: 0 | AD89: 0 | AE89: NARANJA | AF89: 0
B90: 85 | C90: RHEEM FALCON | D90: EZO / MIRIAM | E90: 82-105077-18 | F90: 0.375 | J90: 0 | L90: 0 | P90: =+J90+K90+L90+M90+N90+O90-SUM(Q90:AA90) -> 0 | AB90: =+H90*SUM(J90:O90) -> 0 | AC90: 0 | AD90: 0 | AE90: NARANJA | AF90: 0
B91: 86 | C91: RHEEM FALCON | D91: EZO / MIRIAM | E91: 82-104985-49 | F91: 0.5 | J91: 0 | L91: 0 | P91: =+J91+K91+L91+M91+N91+O91-SUM(Q91:AA91) -> -2469 | Q91: 1300 | Z91: 1169 | AB91: =+H91*SUM(J91:O91) -> 0 | AC91: 30X20X7 | AD91: 100 | AE91: NARANJA | AF91: =+SUM(J91:O91)/AD91 -> 0
B92: 87 | C92: RHEEM FALCON | D92: EZO / MIRIAM | E92: 82-104985-52 | F92: 0.5 | J92: 0 | L92: 0 | P92: =+J92+K92+L92+M92+N92+O92-SUM(Q92:AA92) -> 0 | AB92: =+H92*SUM(J92:O92) -> 0 | AC92: 30X20X7 | AD92: 200 | AE92: NARANJA | AF92: =+SUM(J92:O92)/AD92 -> 0
B93: 88 | C93: RHEEM FALCON | D93: EZO / MIRIAM | E93: 82-104985-53 | F93: 0.5 | J93: 2100 | L93: 0 | P93: =+J93+K93+L93+M93+N93+O93-SUM(Q93:AA93) -> 100 | S93: 1400 | U93: 600 | AB93: =+H93*SUM(J93:O93) -> 0 | AC93: 30X20X7 | AD93: 200 | AE93: NARANJA | AF93: =+SUM(J93:O93)/AD93 -> 10.5
B94: 89 | C94: RHEEM FALCON | D94: EZO / MIRIAM | E94: 82-104985-54 | F94: 0.5 | J94: 1366 | L94: 0 | P94: =+J94+K94+L94+M94+N94+O94-SUM(Q94:AA94) -> 166 | U94: 1000 | Z94: 200 | AB94: =+H94*SUM(J94:O94) -> 0 | AC94: 30X20X7 | AD94: 200 | AE94: NARANJA | AF94: =+SUM(J94:O94)/AD94 -> 6.83
B95: 90 | C95: RHEEM FALCON | D95: EZO / MIRIAM | E95: 82-104985-55 | F95: 0.5 | J95: 750 | L95: 0 | P95: =+J95+K95+L95+M95+N95+O95-SUM(Q95:AA95) -> -131 | Y95: 750 | Z95: 131 | AB95: =+H95*SUM(J95:O95) -> 0 | AC95: 30X20X7 | AD95: 200 | AE95: NARANJA | AF95: =+SUM(J95:O95)/AD95 -> 3.75
B96: 91 | C96: RHEEM FALCON | D96: EZO / MIRIAM | E96: 82-110939-01 | F96: 0.5 | J96: 200 | K96: 200 | L96: 0 | P96: =+J96+K96+L96+M96+N96+O96-SUM(Q96:AA96) -> 52 | X96: 348 | AB96: =+H96*SUM(J96:O96) -> 0 | AC96: 30X20X7 | AD96: 200 | AE96: NARANJA | AF96: =+SUM(J96:O96)/AD96 -> 2
B97: 92 | C97: RHEEM FALCON | D97: EZO / MIRIAM | E97: 82-110939-02 | F97: 0.5 | J97: 1500 | K97: 900 | L97: 0 | P97: =+J97+K97+L97+M97+N97+O97-SUM(Q97:AA97) -> 101 | U97: 322 | V97: 600 | W97: 700 | X97: 677 | AB97: =+H97*SUM(J97:O97) -> 0 | AC97: 30X20X7 | AD97: 200 | AE97: NARANJA | AF97: =+SUM(J97:O97)/AD97 -> 12
B98: 93 | C98: RHEEM FALCON | D98: EZO / MIRIAM | E98: 82-104984-249 | F98: 0.625 | J98: 0 | L98: 0 | P98: =+J98+K98+L98+M98+N98+O98-SUM(Q98:AA98) -> 0 | AB98: =+H98*SUM(J98:O98) -> 0 | AC98: 30X20X7 | AD98: 150 | AE98: NARANJA | AF98: =+SUM(J98:O98)/AD98 -> 0
B99: 94 | C99: RHEEM FALCON | D99: EZO / MIRIAM | E99: 82-104984-250 | F99: 0.625 | J99: 0 | L99: 0 | P99: =+J99+K99+L99+M99+N99+O99-SUM(Q99:AA99) -> -1167 | W99: 1167 | AB99: =+H99*SUM(J99:O99) -> 0 | AC99: 30X20X7 | AD99: 150 | AE99: NARANJA | AF99: =+SUM(J99:O99)/AD99 -> 0
B100: 95 | C100: RHEEM FALCON | D100: EZO / MIRIAM | E100: 82-104984-252 | F100: 0.625 | J100: 699 | L100: 0 | P100: =+J100+K100+L100+M100+N100+O100-SUM(Q100:AA100) -> -101 | U100: 800 | AB100: =+H100*SUM(J100:O100) -> 0 | AC100: 30X20X7 | AD100: 150 | AE100: NARANJA | AF100: =+SUM(J100:O100)/AD100 -> 4.66
B101: 96 | C101: RHEEM FALCON | D101: EZO / MIRIAM | E101: 82-104984-255 | F101: 0.625 | J101: 0 | L101: 0 | P101: =+J101+K101+L101+M101+N101+O101-SUM(Q101:AA101) -> -1770 | U101: 1050 | W101: 720 | AB101: =+H101*SUM(J101:O101) -> 0 | AC101: 30X20X7 | AD101: 150 | AE101: NARANJA | AF101: =+SUM(J101:O101)/AD101 -> 0
B102: 97 | C102: RHEEM FALCON | D102: EZO / MIRIAM | E102: 82-104984-245 | F102: 0.75 | J102: 0 | L102: 0 | P102: =+J102+K102+L102+M102+N102+O102-SUM(Q102:AA102) -> 0 | AB102: =+H102*SUM(J102:O102) -> 0 | AC102: 30X20X7 | AD102: 80 | AE102: NARANJA | AF102: =+SUM(J102:O102)/AD102 -> 0
...

Sheet SEMANA 32
C2: DÍA | D2: TURNO
C3: =TODAY() -> 46308 | D3: A | E3: X | J3: PROGRAMA
D4: B | J4: SEMANA | K4: Convertirlo a horas | Q4: 46237 | S4: 46238 | U4: 46239 | W4: 46240 | Y4: 46241 | AA4: Ag1
C5: CLIENTE | D5: DESTINO | E5: NÚMERO DE PARTE | F5: DIAMETRO | G5: PARED | H5: PESO | I5: PRECIO | J5: 32 | K5: Ag1 | L5: Ag2 | M5: Ag3 | N5: Ag | O5: W31 | P5: BALANCE | Q5: A | R5: B | S5: A | T5: B | U5: A | V5: B | W5: A | X5: B | Y5: A | Z5: B | AA5: AYB | AB5: KG | AC5: CAJA | AD5: CANT. X CAJA | AE5: HOJA COLOR | AF5: TOTAL CAJAS | AH5: Row Labels | AI5: Sum of TOTAL CAJAS
B6: 1 | C6: RHEEM TRANSFERENCIA | D6: EZO / MIRIAM | E6: 82-104987-15 | F6: 0.25 | G6: 0.028 | P6: =+J6+K6+L6+M6+N6+O6-SUM(Q6:AA6) -> -3362 | W6: 3362 | AB6: =+H6*SUM(J6:O6) -> 0 | AC6: 12.5X12.5X12.5 | AD6: 150 | AE6: VERDE | AF6: =+SUM(J6:O6)/AD6 -> 0 | AH6: 0 | AI6: 0
B7: 2 | C7: RHEEM TRANSFERENCIA | D7: EZO / MIRIAM | E7: 82-104987-13 | F7: 0.25 | G7: 0.028 | P7: =+J7+K7+L7+M7+N7+O7-SUM(Q7:AA7) -> -2265 | W7: 1990 | Z7: 275 | AB7: =+H7*SUM(J7:O7) -> 0 | AC7: 12.5X12.5X12.5 | AD7: 200 | AE7: VERDE | AF7: =+SUM(J7:O7)/AD7 -> 0 | AH7: 12.5X12.5X12.5 | AI7: 52
B8: 3 | C8: RHEEM TRANSFERENCIA | D8: EZO / MIRIAM | E8: 82-104987-14 | F8: 0.25 | G8: 0.028 | P8: =+J8+K8+L8+M8+N8+O8-SUM(Q8:AA8) -> -2250 | Y8: 2250 | AB8: =+H8*SUM(J8:O8) -> 0 | AC8: 12.5X12.5X12.5 | AD8: 200 | AE8: VERDE | AF8: =+SUM(J8:O8)/AD8 -> 0 | AH8: 25x20x12.5 | AI8: 0
B9: 4 | C9: RHEEM TRANSFERENCIA | D9: EZO / MIRIAM | E9: 82-104986-88 | F9: 0.375 | G9: 0.028 | P9: =+J9+K9+L9+M9+N9+O9-SUM(Q9:AA9) -> -1308 | Y9: 900 | Z9: 408 | AB9: =+H9*SUM(J9:O9) -> 0 | AC9: 12.5X12.5X12.5 | AD9: 100 | AE9: VERDE | AF9: =+SUM(J9:O9)/AD9 -> 0 | AH9: 30X20X7 | AI9: 116
B10: 5 | C10: RHEEM TRANSFERENCIA | D10: EZO / MIRIAM | E10: 82-104986-61 | F10: 0.375 | G10: 0.028 | P10: =+J10+K10+L10+M10+N10+O10-SUM(Q10:AA10) -> -1930 | X10: 1669 | Y10: 261 | AB10: =+H10*SUM(J10:O10) -> 0 | AC10: 12.5X12.5X12.5 | AD10: 150 | AE10: VERDE | AF10: =+SUM(J10:O10)/AD10 -> 0 | AH10: 42X45X20 | AI10: 2
B11: 6 | C11: RHEEM TRANSFERENCIA | D11: EZO / MIRIAM | E11: 82-104986-59 | F11: 0.375 | G11: 0.028 | P11: =+J11+K11+L11+M11+N11+O11-SUM(Q11:AA11) -> -1497 | W11: 750 | X11: 747 | AB11: =+H11*SUM(J11:O11) -> 0 | AC11: 12.5X12.5X12.5 | AD11: 150 | AE11: VERDE | AF11: =+SUM(J11:O11)/AD11 -> 0 | AH11: 44x41x12 | AI11: 10
B12: 7 | C12: RHEEM TRANSFERENCIA | D12: EZO / MIRIAM | E12: 82-104986-72 | F12: 0.375 | G12: 0.028 | P12: =+J12+K12+L12+M12+N12+O12-SUM(Q12:AA12) -> -900 | X12: 900 | AB12: =+H12*SUM(J12:O12) -> 0 | AC12: 12.5X12.5X12.5 | AD12: 50 | AE12: VERDE | AF12: =+SUM(J12:O12)/AD12 -> 0 | AH12: Grand Total | AI12: 180
B13: 8 | C13: RHEEM TRANSFERENCIA | D13: EZO / MIRIAM | E13: 82-104986-89 | F13: 0.375 | G13: 0.028 | P13: =+J13+K13+L13+M13+N13+O13-SUM(Q13:AA13) -> -800 | Y13: 800 | AB13: =+H13*SUM(J13:O13) -> 0 | AC13: 12.5X12.5X12.5 | AD13: 100 | AE13: VERDE | AF13: =+SUM(J13:O13)/AD13 -> 0
B14: 9 | C14: RHEEM TRANSFERENCIA | D14: EZO / MIRIAM | E14: 82-104986-71 | F14: 0.375 | G14: 0.028 | P14: =+J14+K14+L14+M14+N14+O14-SUM(Q14:AA14) -> -100 | X14: 100 | AB14: =+H14*SUM(J14:O14) -> 0 | AC14: 12.5X12.5X12.5 | AD14: 50 | AE14: VERDE | AF14: =+SUM(J14:O14)/AD14 -> 0
B15: 10 | C15: RHEEM TRANSFERENCIA | D15: EZO / MIRIAM | E15: 82-104986-60 | F15: 0.375 | G15: 0.028 | P15: =+J15+K15+L15+M15+N15+O15-SUM(Q15:AA15) -> 0 | AB15: =+H15*SUM(J15:O15) -> 0 | AC15: 30X20X7 | AD15: 60 | AE15: VERDE | AF15: =+SUM(J15:O15)/AD15 -> 0
B16: 11 | C16: RHEEM TRANSFERENCIA | D16: EZO / MIRIAM | E16: 82-104985-41 | F16: 0.5 | G16: 0.028 | P16: =+J16+K16+L16+M16+N16+O16-SUM(Q16:AA16) -> -3542 | V16: 600 | W16: 928 | X16: 1322 | Y16: 692 | AB16: =+H16*SUM(J16:O16) -> 0 | AC16: 12.5x12.5x12.5 | AD16: 100 | AE16: VERDE | AF16: =+SUM(J16:O16)/AD16 -> 0
B17: 12 | C17: RHEEM TRANSFERENCIA | D17: EZO / MIRIAM | E17: 82-104985-25 | F17: 0.5 | G17: 0.028 | P17: =+J17+K17+L17+M17+N17+O17-SUM(Q17:AA17) -> 0 | AB17: =+H17*SUM(J17:O17) -> 0 | AC17: 44x41x12 | AD17: 100 | AE17: VERDE | AF17: =+SUM(J17:O17)/AD17 -> 0
B18: 13 | C18: RHEEM TRANSFERENCIA | D18: EZO / MIRIAM | E18: 82-104748-68 | F18: 0.5 | G18: 0.028 | P18: =+J18+K18+L18+M18+N18+O18-SUM(Q18:AA18) -> -1103 | Y18: 695 | Z18: 408 | AB18: =+H18*SUM(J18:O18) -> 0 | AC18: 44x41x12 | AD18: 100 | AE18: VERDE | AF18: =+SUM(J18:O18)/AD18 -> 0
B19: 14 | C19: RHEEM TRANSFERENCIA | D19: EZO / MIRIAM | E19: 82-104985-39 | F19: 0.5 | G19: 0.028 | P19: =+J19+K19+L19+M19+N19+O19-SUM(Q19:AA19) -> 0 | AB19: =+H19*SUM(J19:O19) -> 0 | AC19: 44x41x12 | AD19: 100 | AE19: VERDE | AF19: =+SUM(J19:O19)/AD19 -> 0
B20: 15 | C20: RHEEM TRANSFERENCIA | D20: EZO / MIRIAM | E20: 82-108427-01 | F20: 0.5 | G20: 0.028 | P20: =+J20+K20+L20+M20+N20+O20-SUM(Q20:AA20) -> 0 | AB20: =+H20*SUM(J20:O20) -> 0 | AC20: 44x41x12 | AD20: 80 | AE20: VERDE | AF20: =+SUM(J20:O20)/AD20 -> 0
B21: 16 | C21: RHEEM TRANSFERENCIA | D21: EZO / MIRIAM | E21: 82-104748-69 | F21: 0.5 | G21: 0.028 | P21: =+J21+K21+L21+M21+N21+O21-SUM(Q21:AA21) -> 0 | AB21: =+H21*SUM(J21:O21) -> 0 | AC21: 44x41x12 | AD21: 100 | AE21: VERDE | AF21: =+SUM(J21:O21)/AD21 -> 0
B22: 17 | C22: RHEEM TRANSFERENCIA | D22: EZO / MIRIAM | E22: 82-104894-08 | F22: 0.5 | G22: 0.028 | P22: =+J22+K22+L22+M22+N22+O22-SUM(Q22:AA22) -> 0 | AB22: =+H22*SUM(J22:O22) -> 0 | AC22: 0 | AD22: 0 | AE22: VERDE | AF22: 0
B23: 18 | C23: RHEEM TRANSFERENCIA | D23: EZO / MIRIAM | E23: 82-104894-02 | F23: 0.5 | G23: 0.028 | P23: =+J23+K23+L23+M23+N23+O23-SUM(Q23:AA23) -> 0 | AB23: =+H23*SUM(J23:O23) -> 0 | AC23: 0 | AD23: 0 | AE23: VERDE | AF23: 0
B24: 19 | C24: RHEEM TRANSFERENCIA | D24: EZO / MIRIAM | E24: 82-104895-02 | F24: 0.5 | G24: 0.028 | P24: =+J24+K24+L24+M24+N24+O24-SUM(Q24:AA24) -> 0 | AB24: =+H24*SUM(J24:O24) -> 0 | AC24: 0 | AD24: 0 | AE24: VERDE | AF24: 0
B25: 20 | C25: RHEEM TRANSFERENCIA | D25: EZO / MIRIAM | E25: 82-100797-16 | F25: 0.5 | G25: 0.028 | P25: =+J25+K25+L25+M25+N25+O25-SUM(Q25:AA25) -> 0 | AB25: =+H25*SUM(J25:O25) -> 0 | AC25: 0 | AD25: 0 | AE25: VERDE | AF25: 0
B26: 21 | C26: RHEEM TRANSFERENCIA | D26: EZO / MIRIAM | E26: 82-104895-06 | F26: 0.5 | G26: 0.028 | P26: =+J26+K26+L26+M26+N26+O26-SUM(Q26:AA26) -> 0 | AB26: =+H26*SUM(J26:O26) -> 0 | AC26: 0 | AD26: 0 | AE26: VERDE | AF26: 0
B27: 22 | C27: RHEEM TRANSFERENCIA | D27: EZO / MIRIAM | E27: 82-104894-07 | F27: 0.5 | G27: 0.028 | P27: =+J27+K27+L27+M27+N27+O27-SUM(Q27:AA27) -> 0 | AB27: =+H27*SUM(J27:O27) -> 0 | AC27: 0 | AD27: 0 | AE27: VERDE | AF27: 0
B28: 23 | C28: RHEEM TRANSFERENCIA | D28: EZO / MIRIAM | E28: 82-100797-23 | F28: 0.5 | G28: 0.028 | P28: =+J28+K28+L28+M28+N28+O28-SUM(Q28:AA28) -> 0 | AB28: =+H28*SUM(J28:O28) -> 0 | AC28: 0 | AD28: 0 | AE28: VERDE | AF28: 0
B29: 24 | C29: RHEEM TRANSFERENCIA | D29: EZO / MIRIAM | E29: 82-104894-10 | F29: 0.5 | G29: 0.028 | P29: =+J29+K29+L29+M29+N29+O29-SUM(Q29:AA29) -> 0 | AB29: =+H29*SUM(J29:O29) -> 0 | AC29: 0 | AD29: 0 | AE29: VERDE | AF29: 0
B30: 25 | C30: RHEEM TRANSFERENCIA | D30: EZO / MIRIAM | E30: 82-104895-07 | F30: 0.5 | G30: 0.028 | P30: =+J30+K30+L30+M30+N30+O30-SUM(Q30:AA30) -> 0 | AB30: =+H30*SUM(J30:O30) -> 0 | AC30: 0 | AD30: 0 | AE30: VERDE | AF30: 0
B31: 26 | C31: RHEEM TRANSFERENCIA | D31: EZO / MIRIAM | E31: 82-104895-17 | F31: 0.5 | G31: 0.028 | P31: =+J31+K31+L31+M31+N31+O31-SUM(Q31:AA31) -> 0 | AB31: =+H31*SUM(J31:O31) -> 0 | AC31: 0 | AD31: 0 | AE31: VERDE | AF31: 0
B32: 27 | C32: RHEEM TRANSFERENCIA | D32: EZO / MIRIAM | E32: 82-104894-13 | F32: 0.5 | G32: 0.028 | P32: =+J32+K32+L32+M32+N32+O32-SUM(Q32:AA32) -> 0 | AB32: =+H32*SUM(J32:O32) -> 0 | AC32: 0 | AD32: 0 | AE32: VERDE | AF32: 0
B33: 28 | C33: RHEEM TRANSFERENCIA | D33: EZO / MIRIAM | E33: 82-104894-01 | F33: 0.5 | G33: 0.028 | P33: =+J33+K33+L33+M33+N33+O33-SUM(Q33:AA33) -> 0 | AB33: =+H33*SUM(J33:O33) -> 0 | AC33: 0 | AD33: 0 | AE33: VERDE | AF33: 0
... B35: 30 | C35: RHEEM TRANSFERENCIA | D35: EZO / MIRIAM | E35: 82-104894-09 | F35: 0.5 | G35: 0.028 | P35: =+J35+K35+L35+M35+N35+O35-SUM(Q35:AA35) -> 0 | AB35: =+H35*SUM(J35:O35) -> 0 | AC35: 0 | AD35: 0 | AE35: VERDE | AF35: 0
B36: 31 | C36: RHEEM TRANSFERENCIA | D36: EZO / MIRIAM | E36: 82-104984-140 | F36: 0.625 | G36: 0.035 | P36: =+J36+K36+L36+M36+N36+O36-SUM(Q36:AA36) -> 0 | AB36: =+H36*SUM(J36:O36) -> 0 | AC36: 44x41x12 | AD36: 200 | AE36: VERDE | AF36: =+SUM(J36:O36)/AD36 -> 0
B37: 32 | C37: RHEEM TRANSFERENCIA | D37: EZO / MIRIAM | E37: 82-104984-116 | F37: 0.625 | G37: 0.035 | P37: =+J37+K37+L37+M37+N37+O37-SUM(Q37:AA37) -> -660 | W37: 60 | X37: 600 | AB37: =+H37*SUM(J37:O37) -> 0 | AC37: 44x41x12 | AD37: 100 | AE37: VERDE | AF37: =+SUM(J37:O37)/AD37 -> 0
B38: 33 | C38: RHEEM TRANSFERENCIA | D38: EZO / MIRIAM | E38: 82-104984-142 | F38: 0.625 | G38: 0.035 | P38: =+J38+K38+L38+M38+N38+O38-SUM(Q38:AA38) -> 0 | AB38: =+H38*SUM(J38:O38) -> 0 | AC38: 44x41x12 | AD38: 100 | AE38: VERDE | AF38: =+SUM(J38:O38)/AD38 -> 0
B39: 34 | C39: RHEEM TRANSFERENCIA | D39: EZO / MIRIAM | E39: 82-104984-114 | F39: 0.75 | G39: 0.035 | P39: =+J39+K39+L39+M39+N39+O39-SUM(Q39:AA39) -> 0 | AB39: =+H39*SUM(J39:O39) -> 0 | AC39: 42X45X20 | AD39: 2000 | AE39: VERDE | AF39: =+SUM(J39:O39)/AD39 -> 0
B40: 35 | C40: RHEEM TRANSFERENCIA | D40: EZO / MIRIAM | E40: 82-104984-147 | F40: 0.75 | G40: 0.035 | P40: =+J40+K40+L40+M40+N40+O40-SUM(Q40:AA40) -> 0 | AB40: =+H40*SUM(J40:O40) -> 0 | AC40: 42X45X20 | AD40: 500 | AE40: VERDE | AF40: =+SUM(J40:O40)/AD40 -> 0
B41: 36 | C41: RHEEM TRANSFERENCIA | D41: EZO / MIRIAM | E41: 82-104984-122 | F41: 0.75 | G41: 0.035 | P41: =+J41+K41+L41+M41+N41+O41-SUM(Q41:AA41) -> 0 | AB41: =+H41*SUM(J41:O41) -> 0 | AC41: 42X45X20 | AD41: 250 | AE41: VERDE | AF41: =+SUM(J41:O41)/AD41 -> 0
B42: 37 | C42: RHEEM TRANSFERENCIA | D42: EZO / MIRIAM | E42: 82-104984-189 | F42: 0.75 | G42: 0.035 | P42: =+J42+K42+L42+M42+N42+O42-SUM(Q42:AA42) -> 0 | AB42: =+H42*SUM(J42:O42) -> 0 | AC42: 42X45X20 | AD42: 300 | AE42: VERDE | AF42: =+SUM(J42:O42)/AD42 -> 0
B43: 38 | C43: RHEEM TRANSFERENCIA | D43: EZO / MIRIAM | E43: 82-104984-190 | F43: 0.75 | G43: 0.035 | P43: =+J43+K43+L43+M43+N43+O43-SUM(Q43:AA43) -> 0 | AB43: =+H43*SUM(J43:O43) -> 0 | AC43: 42X45X20 | AD43: 300 | AE43: VERDE | AF43: =+SUM(J43:O43)/AD43 -> 0
B44: 39 | C44: RHEEM TRANSFERENCIA | D44: EZO / MIRIAM | E44: 82-104984-124 | F44: 0.75 | G44: 0.035 | P44: =+J44+K44+L44+M44+N44+O44-SUM(Q44:AA44) -> 0 | AB44: =+H44*SUM(J44:O44) -> 0 | AC44: 42X45X20 | AD44: 2000 | AE44: VERDE | AF44: =+SUM(J44:O44)/AD44 -> 0
B45: 40 | C45: RHEEM TRANSFERENCIA | D45: EZO / MIRIAM | E45: 82-104984-143 | F45: 0.75 | G45: 0.035 | P45: =+J45+K45+L45+M45+N45+O45-SUM(Q45:AA45) -> 0 | AB45: =+H45*SUM(J45:O45) -> 0 | AC45: 42X45X20 | AD45: 1000 | AE45: VERDE | AF45: =+SUM(J45:O45)/AD45 -> 0
B46: 41 | C46: RHEEM TRANSFERENCIA | D46: EZO / MIRIAM | E46: 82-100351-01 | F46: 0.75 | G46: 0.035 | P46: =+J46+K46+L46+M46+N46+O46-SUM(Q46:AA46) -> 0 | AB46: =+H46*SUM(J46:O46) -> 0 | AC46: 0 | AD46: 0 | AE46: VERDE | AF46: 0
B47: 42 | C47: RHEEM TRANSFERENCIA | D47: EZO / MIRIAM | E47: 82-103227-15 | F47: 0.75 | G47: 0.035 | P47: =+J47+K47+L47+M47+N47+O47-SUM(Q47:AA47) -> 0 | AB47: =+H47*SUM(J47:O47) -> 0 | AC47: 0 | AD47: 0 | AE47: VERDE | AF47: 0
B48: 43 | C48: RHEEM TRANSFERENCIA | D48: EZO / MIRIAM | E48: 82-100351-02 | F48: 0.75 | G48: 0.035 | P48: =+J48+K48+L48+M48+N48+O48-SUM(Q48:AA48) -> 0 | AB48: =+H48*SUM(J48:O48) -> 0 | AC48: 0 | AD48: 0 | AE48: VERDE | AF48: 0
B49: 44 | C49: RHEEM TRANSFERENCIA | D49: EZO / MIRIAM | E49: 82-104982-06 | F49: 0.75 | G49: 0.035 | P49: =+J49+K49+L49+M49+N49+O49-SUM(Q49:AA49) -> 0 | AB49: =+H49*SUM(J49:O49) -> 0 | AC49: 0 | AD49: 0 | AE49: VERDE | AF49: 0
B50: 45 | C50: RHEEM TRANSFERENCIA | D50: EZO / MIRIAM | E50: 82-100797-02 | F50: 0.75 | G50: 0.035 | P50: =+J50+K50+L50+M50+N50+O50-SUM(Q50:AA50) -> 0 | AB50: =+H50*SUM(J50:O50) -> 0 | AC50: 0 | AD50: 0 | AE50: VERDE | AF50: 0
B51: 46 | C51: RHEEM TRANSFERENCIA | D51: EZO / MIRIAM | E51: 82-100797-01 | F51: 0.75 | G51: 0.035 | P51: =+J51+K51+L51+M51+N51+O51-SUM(Q51:AA51) -> 0 | AB51: =+H51*SUM(J51:O51) -> 0 | AC51: 0 | AD51: 0 | AE51: VERDE | AF51: 0
B52: 47 | C52: RHEEM TRANSFERENCIA | D52: EZO / MIRIAM | E52: 82-100797-06 | F52: 0.75 | G52: 0.035 | P52: =+J52+K52+L52+M52+N52+O52-SUM(Q52:AA52) -> 0 | AB52: =+H52*SUM(J52:O52) -> 0 | AC52: 0 | AD52: 0 | AE52: VERDE | AF52: 0
B53: 48 | C53: RHEEM TRANSFERENCIA | D53: EZO / MIRIAM | E53: 82-101183-03 | F53: 0.75 | G53: 0.035 | P53: =+J53+K53+L53+M53+N53+O53-SUM(Q53:AA53) -> 0 | AB53: =+H53*SUM(J53:O53) -> 0 | AC53: 0 | AD53: 0 | AE53: VERDE | AF53: 0
B54: 49 | C54: RHEEM TRANSFERENCIA | D54: EZO / MIRIAM | E54: 82-104982-02 | F54: 0.75 | G54: 0.035 | P54: =+J54+K54+L54+M54+N54+O54-SUM(Q54:AA54) -> 0 | AB54: =+H54*SUM(J54:O54) -> 0 | AC54: 0 | AD54: 0 | AE54: VERDE | AF54: 0
B55: 50 | C55: RHEEM TRANSFERENCIA | D55: EZO / MIRIAM | E55: 82-104895-08 | F55: 0.75 | G55: 0.035 | P55: =+J55+K55+L55+M55+N55+O55-SUM(Q55:AA55) -> 0 | AB55: =+H55*SUM(J55:O55) -> 0 | AC55: 0 | AD55: 0 | AE55: VERDE | AF55: 0
B56: 51 | C56: RHEEM TRANSFERENCIA | D56: EZO / MIRIAM | E56: 82-104982-01 | F56: 0.75 | G56: 0.035 | P56: =+J56+K56+L56+M56+N56+O56-SUM(Q56:AA56) -> 0 | AB56: =+H56*SUM(J56:O56) -> 0 | AC56: 0 | AD56: 0 | AE56: VERDE | AF56: 0
B57: 52 | C57: RHEEM TRANSFERENCIA | D57: EZO / MIRIAM | E57: 82-104984-120 | F57: 0.875 | G57: 0.045 | P57: =+J57+K57+L57+M57+N57+O57-SUM(Q57:AA57) -> 0 | AB57: =+H57*SUM(J57:O57) -> 0 | AC57: 42X45X20 | AD57: 1000 | AE57: VERDE | AF57: =+SUM(J57:O57)/AD57 -> 0
B58: 53 | C58: RHEEM TRANSFERENCIA | D58: EZO / MIRIAM | E58: 82-104984-118 | F58: 0.875 | G58: 0.045 | P58: =+J58+K58+L58+M58+N58+O58-SUM(Q58:AA58) -> 0 | AB58: =+H58*SUM(J58:O58) -> 0 | AC58: 42x45x20 | AD58: 200 | AE58: VERDE | AF58: =+SUM(J58:O58)/AD58 -> 0
B59: 54 | C59: RHEEM TRANSFERENCIA | D59: EZO / MIRIAM | E59: 82-104984-149 | F59: 0.875 | G59: 0.045 | P59: =+J59+K59+L59+M59+N59+O59-SUM(Q59:AA59) -> 0 | AB59: =+H59*SUM(J59:O59) -> 0 | AC59: 42X45X20 | AD59: 1000 | AE59: VERDE | AF59: =+SUM(J59:O59)/AD59 -> 0
B60: 55 | C60: RHEEM TRANSFERENCIA | D60: EZO / MIRIAM | E60: 82-104984-148 | F60: 0.875 | G60: 0.045 | P60: =+J60+K60+L60+M60+N60+O60-SUM(Q60:AA60) -> 0 | AB60: =+H60*SUM(J60:O60) -> 0 | AC60: 42x45x20 | AD60: 500 | AE60: VERDE | AF60: =+SUM(J60:O60)/AD60 -> 0
B61: 56 | C61: RHEEM TRANSFERENCIA | D61: EZO / MIRIAM | E61: 82-104984-156 | F61: 0.875 | G61: 0.045 | P61: =+J61+K61+L61+M61+N61+O61-SUM(Q61:AA61) -> 0 | AB61: =+H61*SUM(J61:O61) -> 0 | AC61: 42X45X20 | AD61: 1000 | AE61: VERDE | AF61: =+SUM(J61:O61)/AD61 -> 0
B62: 57 | C62: RHEEM TRANSFERENCIA | D62: EZO / MIRIAM | E62: 82-104984-126 | F62: 0.875 | G62: 0.045 | P62: =+J62+K62+L62+M62+N62+O62-SUM(Q62:AA62) -> 0 | AB62: =+H62*SUM(J62:O62) -> 0 | AC62: 42x45x20 | AD62: 200 | AE62: VERDE | AF62: =+SUM(J62:O62)/AD62 -> 0
B63: 58 | C63: RHEEM TRANSFERENCIA | D63: EZO / MIRIAM | E63: 82-104984-191 | F63: 0.875 | G63: 0.045 | P63: =+J63+K63+L63+M63+N63+O63-SUM(Q63:AA63) -> 0 | AB63: =+H63*SUM(J63:O63) -> 0 | AC63: 42x45x20 | AD63: 500 | AE63: VERDE | AF63: =+SUM(J63:O63)/AD63 -> 0
B64: 59 | C64: RHEEM TRANSFERENCIA | D64: EZO / MIRIAM | E64: 82-108426-01 | F64: 0.875 | G64: 0.045 | P64: =+J64+K64+L64+M64+N64+O64-SUM(Q64:AA64) -> 0 | AB64: =+H64*SUM(J64:O64) -> 0 | AC64: 0 | AD64: 0 | AE64: VERDE | AF64: 0
B65: 60 | C65: RHEEM TRANSFERENCIA | D65: EZO / MIRIAM | E65: 82-100351-03 | F65: 0.875 | G65: 0.045 | P65: =+J65+K65+L65+M65+N65+O65-SUM(Q65:AA65) -> 0 | AB65: =+H65*SUM(J65:O65) -> 0 | AC65: 0 | AD65: 0 | AE65: VERDE | AF65: 0
B66: 61 | C66: RHEEM TRANSFERENCIA | D66: EZO / MIRIAM | E66: 82-108451-01 | F66: 0.875 | G66: 0.045 | P66: =+J66+K66+L66+M66+N66+O66-SUM(Q66:AA66) -> 0 | AB66: =+H66*SUM(J66:O66) -> 0 | AC66: 0 | AD66: 0 | AE66: VERDE | AF66: 0
B67: 62 | C67: RHEEM TRANSFERENCIA | D67: EZO / MIRIAM | E67: 82-108430-01 | F67: 0.875 | G67: 0.045 | P67: =+J67+K67+L67+M67+N67+O67-SUM(Q67:AA67) -> 0 | AB67: =+H67*SUM(J67:O67) -> 0 | AC67: 42x45x20 | AD67: 200 | AE67: VERDE | AF67: =+SUM(J67:O67)/AD67 -> 0
B68: 63 | C68: RHEEM TRANSFERENCIA | D68: EZO / MIRIAM | E68: 82-100797-04 | F68: 0.875 | G68: 0.045 | P68: =+J68+K68+L68+M68+N68+O68-SUM(Q68:AA68) -> 0 | AB68: =+H68*SUM(J68:O68) -> 0 | AC68: 0 | AD68: 0 | AE68: VERDE | AF68: 0
B69: 64 | C69: RHEEM TRANSFERENCIA | D69: EZO / MIRIAM | E69: 82-100351-04 | F69: 0.875 | G69: 0.045 | P69: =+J69+K69+L69+M69+N69+O69-SUM(Q69:AA69) -> 0 | AB69: =+H69*SUM(J69:O69) -> 0 | AC69: 0 | AD69: 0 | AE69: VERDE | AF69: 0
B70: 65 | C70: RHEEM TRANSFERENCIA | D70: EZO / MIRIAM | E70: 82-108430-03 | F70: 0.875 | G70: 0.045 | P70: =+J70+K70+L70+M70+N70+O70-SUM(Q70:AA70) -> 0 | AB70: =+H70*SUM(J70:O70) -> 0 | AC70: 42x45x20 | AD70: 200 | AE70: VERDE | AF70: =+SUM(J70:O70)/AD70 -> 0
B71: 66 | C71: RHEEM TRANSFERENCIA | D71: EZO / MIRIAM | E71: 82-104984-46 | F71: 0.875 | G71: 0.045 | P71: =+J71+K71+L71+M71+N71+O71-SUM(Q71:AA71) -> 0 | AB71: =+H71*SUM(J71:O71) -> 0 | AC71: 42x45x20 | AD71: 500 | AE71: VERDE | AF71: =+SUM(J71:O71)/AD71 -> 0
B72: 67 | C72: RHEEM TRANSFERENCIA | D72: EZO / MIRIAM | E72: 82-104984-216 | F72: 0.875 | G72: 0.045 | P72: =+J72+K72+L72+M72+N72+O72-SUM(Q72:AA72) -> 0 | AB72: =+H72*SUM(J72:O72) -> 0 | AC72: 42x45x20 | AD72: 200 | AE72: VERDE | AF72: =+SUM(J72:O72)/AD72 -> 0
B73: 68 | C73: RHEEM TRANSFERENCIA | D73: EZO / MIRIAM | E73: 82-101183-04 | F73: 0.875 | G73: 0.045 | P73: =+J73+K73+L73+M73+N73+O73-SUM(Q73:AA73) -> 0 | AB73: =+H73*SUM(J73:O73) -> 0 | AC73: 0 | AD73: 0 | AE73: VERDE | AF73: 0
B74: 69 | C74: RHEEM TRANSFERENCIA | D74: EZO / MIRIAM | E74: 82-104982-04 | F74: 0.875 | G74: 0.045 | P74: =+J74+K74+L74+M74+N74+O74-SUM(Q74:AA74) -> 0 | AB74: =+H74*SUM(J74:O74) -> 0 | AC74: 0 | AD74: 0 | AE74: VERDE | AF74: 0
B75: 70 | C75: RHEEM TRANSFERENCIA | D75: EZO / MIRIAM | E75: 82-104982-05 | F75: 0.875 | G75: 0.045 | P75: =+J75+K75+L75+M75+N75+O75-SUM(Q75:AA75) -> 0 | AB75: =+H75*SUM(J75:O75) -> 0 | AC75: 0 | AD75: 0 | AE75: VERDE | AF75: 0
B76: 71 | C76: RHEEM TRANSFERENCIA | D76: EZO / MIRIAM | E76: 82-103015-09 | F76: 0.875 | G76: 0.045 | P76: =+J76+K76+L76+M76+N76+O76-SUM(Q76:AA76) -> 0 | AB76: =+H76*SUM(J76:O76) -> 0 | AC76: 0 | AD76: 0 | AE76: VERDE | AF76: 0
B77: 72 | C77: RHEEM TRANSFERENCIA | D77: EZO / MIRIAM | E77: 82-106374-02 | F77: 0.875 | G77: 0.045 | P77: =+J77+K77+L77+M77+N77+O77-SUM(Q77:AA77) -> 0 | AB77: =+H77*SUM(J77:O77) -> 0 | AC77: 0 | AD77: 0 | AE77: VERDE | AF77: 0
B78: 73 | C78: RHEEM TRANSFERENCIA | D78: EZO / MIRIAM | E78: 82-104982-08 | F78: 0.875 | G78: 0.045 | P78: =+J78+K78+L78+M78+N78+O78-SUM(Q78:AA78) -> 0 | AB78: =+H78*SUM(J78:O78) -> 0 | AC78: 0 | AD78: 0 | AE78: VERDE | AF78: 0
B79: 74 | C79: RHEEM TRANSFERENCIA | D79: EZO / MIRIAM | E79: 82-100797-05 | F79: 0.875 | G79: 0.045 | P79: =+J79+K79+L79+M79+N79+O79-SUM(Q79:AA79) -> 0 | AB79: =+H79*SUM(J79:O79) -> 0 | AC79: 0 | AD79: 0 | AE79: VERDE | AF79: 0
B80: 75 | C80: RHEEM TRANSFERENCIA | D80: EZO / MIRIAM | E80: 82-104982-03 | F80: 0.875 | G80: 0.045 | P80: =+J80+K80+L80+M80+N80+O80-SUM(Q80:AA80) -> 0 | AB80: =+H80*SUM(J80:O80) -> 0 | AC80: 0 | AD80: 0 | AE80: VERDE | AF80: 0
B81: 76 | C81: RHEEM TRANSFERENCIA | D81: EZO / MIRIAM | E81: 82-101183-16 | F81: 0.875 | G81: 0.045 | P81: =+J81+K81+L81+M81+N81+O81-SUM(Q81:AA81) -> 0 | AB81: =+H81*SUM(J81:O81) -> 0 | AC81: 0 | AD81: 0 | AE81: VERDE | AF81: 0
B82: 77 | C82: RHEEM TRANSFERENCIA | D82: EZO / MIRIAM | E82: 82-104895-09 | F82: 0.875 | G82: 0.045 | P82: =+J82+K82+L82+M82+N82+O82-SUM(Q82:AA82) -> 0 | AB82: =+H82*SUM(J82:O82) -> 0 | AC82: 0 | AD82: 0 | AE82: VERDE | AF82: 0
B83: 78 | C83: RHEEM TRANSFERENCIA | D83: EZO / MIRIAM | E83: 82-109836-01 | F83: 0.875 | G83: 0.045 | J83: 0 | P83: =+J83+K83+L83+M83+N83+O83-SUM(Q83:AA83) -> 0 | AB83: =+H83*SUM(J83:O83) -> 0 | AC83: 0 | AD83: 0 | AE83: VERDE | AF83: 0
B84: 79 | C84: RHEEM FALCON | D84: EZO / MIRIAM | E84: 82-109026-21 | F84: 0.25 | J84: 0 | P84: =+J84+K84+L84+M84+N84+O84-SUM(Q84:AA84) -> 0 | AB84: =+H84*SUM(J84:O84) -> 0 | AC84: 12.5X12.5X12.5 | AD84: 200 | AE84: NARANJA | AF84: =+SUM(J84:O84)/AD84 -> 0
B85: 80 | C85: RHEEM FALCON | D85: EZO / MIRIAM | E85: 82-109026-22 | F85: 0.25 | J85: 400 | P85: =+J85+K85+L85+M85+N85+O85-SUM(Q85:AA85) -> -1310 | AA85: 1710 | AB85: =+H85*SUM(J85:O85) -> 0 | AC85: 12.5X12.5X12.5 | AD85: 200 | AE85: NARANJA | AF85: =+SUM(J85:O85)/AD85 -> 2
B86: 81 | C86: RHEEM FALCON | D86: EZO / MIRIAM | E86: 82-110968-01 | F86: 0.25 | J86: 0 | P86: =+J86+K86+L86+M86+N86+O86-SUM(Q86:AA86) -> 0 | AB86: =+H86*SUM(J86:O86) -> 0 | AC86: 12.5X12.5X12.5 | AD86: 200 | AE86: NARANJA | AF86: =+SUM(J86:O86)/AD86 -> 0
B87: 82 | C87: RHEEM FALCON | D87: EZO / MIRIAM | E87: 82-105077-15 | F87: 0.375 | J87: 0 | P87: =+J87+K87+L87+M87+N87+O87-SUM(Q87:AA87) -> 0 | AB87: =+H87*SUM(J87:O87) -> 0 | AC87: 0 | AD87: 0 | AE87: NARANJA | AF87: 0
B88: 83 | C88: RHEEM FALCON | D88: EZO / MIRIAM | E88: 82-105077-16 | F88: 0.375 | J88: 0 | P88: =+J88+K88+L88+M88+N88+O88-SUM(Q88:AA88) -> 0 | AB88: =+H88*SUM(J88:O88) -> 0 | AC88: 0 | AD88: 0 | AE88: NARANJA | AF88: 0
B89: 84 | C89: RHEEM FALCON | D89: EZO / MIRIAM | E89: 82-105077-17 | F89: 0.375 | J89: 0 | P89: =+J89+K89+L89+M89+N89+O89-SUM(Q89:AA89) -> 0 | AB89: =+H89*SUM(J89:O89) -> 0 | AC89: 0 | AD89: 0 | AE89: NARANJA | AF89: 0
B90: 85 | C90: RHEEM FALCON | D90: EZO / MIRIAM | E90: 82-105077-18 | F90: 0.375 | J90: 0 | P90: =+J90+K90+L90+M90+N90+O90-SUM(Q90:AA90) -> 0 | AB90: =+H90*SUM(J90:O90) -> 0 | AC90: 0 | AD90: 0 | AE90: NARANJA | AF90: 0
B91: 86 | C91: RHEEM FALCON | D91: EZO / MIRIAM | E91: 82-104985-49 | F91: 0.5 | J91: 0 | P91: =+J91+K91+L91+M91+N91+O91-SUM(Q91:AA91) -> -65 | Z91: 65 | AB91: =+H91*SUM(J91:O91) -> 0 | AC91: 30X20X7 | AD91: 100 | AE91: NARANJA | AF91: =+SUM(J91:O91)/AD91 -> 0
B92: 87 | C92: RHEEM FALCON | D92: EZO / MIRIAM | E92: 82-104985-52 | F92: 0.5 | J92: 0 | P92: =+J92+K92+L92+M92+N92+O92-SUM(Q92:AA92) -> 0 | AB92: =+H92*SUM(J92:O92) -> 0 | AC92: 30X20X7 | AD92: 200 | AE92: NARANJA | AF92: =+SUM(J92:O92)/AD92 -> 0
B93: 88 | C93: RHEEM FALCON | D93: EZO / MIRIAM | E93: 82-104985-53 | F93: 0.5 | J93: 1600 | O93: 100 | P93: =+J93+K93+L93+M93+N93+O93-SUM(Q93:AA93) -> 126 | R93: 1574 | AB93: =+H93*SUM(J93:O93) -> 0 | AC93: 30X20X7 | AD93: 200 | AE93: NARANJA | AF93: =+SUM(J93:O93)/AD93 -> 8.5
B94: 89 | C94: RHEEM FALCON | D94: EZO / MIRIAM | E94: 82-104985-54 | F94: 0.5 | J94: 1000 | O94: 166 | P94: =+J94+K94+L94+M94+N94+O94-SUM(Q94:AA94) -> 221 | T94: 945 | AB94: =+H94*SUM(J94:O94) -> 0 | AC94: 30X20X7 | AD94: 200 | AE94: NARANJA | AF94: =+SUM(J94:O94)/AD94 -> 5.83
B95: 90 | C95: RHEEM FALCON | D95: EZO / MIRIAM | E95: 82-104985-55 | F95: 0.5 | J95: 200 | P95: =+J95+K95+L95+M95+N95+O95-SUM(Q95:AA95) -> -131 | T95: 200 | AA95: 131 | AB95: =+H95*SUM(J95:O95) -> 0 | AC95: 30X20X7 | AD95: 200 | AE95: NARANJA | AF95: =+SUM(J95:O95)/AD95 -> 1
B96: 91 | C96: RHEEM FALCON | D96: EZO / MIRIAM | E96: 82-110939-01 | F96: 0.5 | J96: 200 | O96: 52 | P96: =+J96+K96+L96+M96+N96+O96-SUM(Q96:AA96) -> 52 | V96: 200 | AB96: =+H96*SUM(J96:O96) -> 0 | AC96: 30X20X7 | AD96: 200 | AE96: NARANJA | AF96: =+SUM(J96:O96)/AD96 -> 1.26
B97: 92 | C97: RHEEM FALCON | D97: EZO / MIRIAM | E97: 82-110939-02 | F97: 0.5 | J97: 800 | O97: 101 | P97: =+J97+K97+L97+M97+N97+O97-SUM(Q97:AA97) -> 101 | T97: 800 | AB97: =+H97*SUM(J97:O97) -> 0 | AC97: 30X20X7 | AD97: 200 | AE97: NARANJA | AF97: =+SUM(J97:O97)/AD97 -> 4.505
B98: 93 | C98: RHEEM FALCON | D98: EZO / MIRIAM | E98: 82-104984-249 | F98: 0.625 | J98: 0 | P98: =+J98+K98+L98+M98+N98+O98-SUM(Q98:AA98) -> 0 | AB98: =+H98*SUM(J98:O98) -> 0 | AC98: 30X20X7 | AD98: 150 | AE98: NARANJA | AF98: =+SUM(J98:O98)/AD98 -> 0
B99: 94 | C99: RHEEM FALCON | D99: EZO / MIRIAM | E99: 82-104984-250 | F99: 0.625 | J99: 0 | P99: =+J99+K99+L99+M99+N99+O99-SUM(Q99:AA99) -> 0 | AB99: =+H99*SUM(J99:O99) -> 0 | AC99: 30X20X7 | AD99: 150 | AE99: NARANJA | AF99: =+SUM(J99:O99)/AD99 -> 0
B100: 95 | C100: RHEEM FALCON | D100: EZO / MIRIAM | E100: 82-104984-252 | F100: 0.625 | J100: 0 | P100: =+J100+K100+L100+M100+N100+O100-SUM(Q100:AA100) -> -317 | Y100: 317 | AB100: =+H100*SUM(J100:O100) -> 0 | AC100: 30X20X7 | AD100: 150 | AE100: NARANJA | AF100: =+SUM(J100:O100)/AD100 -> 0
B101: 96 | C101: RHEEM FALCON | D101: EZO / MIRIAM | E101: 82-104984-255 | F101: 0.625 | J101: 750 | P101: =+J101+K101+L101+M101+N101+O101-SUM(Q101:AA101) -> -1020 | AA101: 1770 | AB101: =+H101*SUM(J101:O101) -> 0 | AC101: 30X20X7 | AD101: 150 | AE101: NARANJA | AF101: =+SUM(J101:O101)/AD101 -> 5
B102: 97 | C102: RHEEM FALCON | D102: EZO / MIRIAM | E102: 82-104984-245 | F102: 0.75 | J102: 0 | N102: 880 | P102: =+J102+K102+L102+M102+N102+O102-SUM(Q102:AA102) -> 880 | AB102: =+H102*SUM(J102:O102) -> 0 | AC102: 30X20X7 | AD102: 80 | AE102: NARANJA | AF102: =+SUM(J102:O102)/AD102 -> 11
...

Sheet SEMANA 33
B2: DÍA | C2: TURNO
B3: =TODAY() -> 46308 | C3: A | D3: X | I3: PROGRAMA
C4: B | I4: SEMANA | J4: Convertirlo a horas | P4: 46244 | R4: 46245 | T4: 46246 | V4: 46247 | X4: 46248 | AB4: Ag1
B5: CLIENTE | C5: DESTINO | D5: NÚMERO DE PARTE | E5: DIAMETRO | F5: PARED | G5: PESO | H5: PRECIO | I5: 33 | J5: Atraso W32 | K5: Ag2 | L5: Ag3 | M5: Ag4 | O5: BALANCE | P5: A | Q5: B | R5: A | S5: B | T5: A | U5: B | V5: A | W5: B | X5: A | Y5: B | AB5: AYB | AC5: KG | AD5: CAJA | AE5: CANT. X CAJA | AF5: HOJA COLOR | AG5: TOTAL CAJAS | AI5: Row Labels | AJ5: Sum of TOTAL CAJAS
A6: 1 | B6: RHEEM TRANSFERENCIA | C6: EZO / MIRIAM | D6: 82-104987-15 | E6: 0.25 | F6: 0.028 | I6: =VLOOKUP(D6,'[1]PROGRAMA S33 TRANSF'!$B$3:$K$58,2,0) -> 1860 | O6: =+I6+J6+K6+L6+M6+N6-SUM(P6:AB6) -> -1502 | AB6: 3362 | AC6: =+G6*SUM(I6:N6) -> 0 | AD6: 12.5X12.5X12.5 | AE6: 150 | AF6: VERDE | AG6: =+SUM(I6:N6)/AE6 -> 12.4 | AI6: 0 | AJ6: 0
A7: 2 | B7: RHEEM TRANSFERENCIA | C7: EZO / MIRIAM | D7: 82-104987-13 | E7: 0.25 | F7: 0.028 | I7: =VLOOKUP(D7,'[1]PROGRAMA S33 TRANSF'!$B$3:$K$58,2,0) -> 3669 | O7: =+I7+J7+K7+L7+M7+N7-SUM(P7:AB7) -> -896 | P7: 1300 | X7: 1000 | AB7: 2265 | AC7: =+G7*SUM(I7:N7) -> 0 | AD7: 12.5X12.5X12.5 | AE7: 200 | AF7: VERDE | AG7: =+SUM(I7:N7)/AE7 -> 18.345 | AI7: 12.5X12.5X12.5 | AJ7: 52
A8: 3 | B8: RHEEM TRANSFERENCIA | C8: EZO / MIRIAM | D8: 82-104987-14 | E8: 0.25 | F8: 0.028 | I8: =VLOOKUP(D8,'[1]PROGRAMA S33 TRANSF'!$B$3:$K$58,2,0) -> 2239 | O8: =+I8+J8+K8+L8+M8+N8-SUM(P8:AB8) -> -1561 | X8: 1550 | AB8: 2250 | AC8: =+G8*SUM(I8:N8) -> 0 | AD8: 12.5X12.5X12.5 | AE8: 200 | AF8: VERDE | AG8: =+SUM(I8:N8)/AE8 -> 11.195 | AI8: 25x20x12.5 | AJ8: 0
A9: 4 | B9: RHEEM TRANSFERENCIA | C9: EZO / MIRIAM | D9: 82-104986-88 | E9: 0.375 | F9: 0.028 | I9: =VLOOKUP(D9,'[1]PROGRAMA S33 TRANSF'!$B$3:$K$58,2,0) -> 875 | O9: =+I9+J9+K9+L9+M9+N9-SUM(P9:AB9) -> -433 | AB9: 1308 | AC9: =+G9*SUM(I9:N9) -> 0 | AD9: 12.5X12.5X12.5 | AE9: 100 | AF9: VERDE | AG9: =+SUM(I9:N9)/AE9 -> 8.75 | AI9: 30X20X7 | AJ9: 116
A10: 5 | B10: RHEEM TRANSFERENCIA | C10: EZO / MIRIAM | D10: 82-104986-61 | E10: 0.375 | F10: 0.028 | I10: =VLOOKUP(D10,'[1]PROGRAMA S33 TRANSF'!$B$3:$K$58,2,0) -> 1908 | O10: =+I10+J10+K10+L10+M10+N10-SUM(P10:AB10) -> -22 | AB10: 1930 | AC10: =+G10*SUM(I10:N10) -> 0 | AD10: 12.5X12.5X12.5 | AE10: 150 | AF10: VERDE | AG10: =+SUM(I10:N10)/AE10 -> 12.72 | AI10: 42X45X20 | AJ10: 2
A11: 6 | B11: RHEEM TRANSFERENCIA | C11: EZO / MIRIAM | D11: 82-104986-59 | E11: 0.375 | F11: 0.028 | I11: =VLOOKUP(D11,'[1]PROGRAMA S33 TRANSF'!$B$3:$K$58,2,0) -> 855 | O11: =+I11+J11+K11+L11+M11+N11-SUM(P11:AB11) -> -642 | AB11: 1497 | AC11: =+G11*SUM(I11:N11) -> 0 | AD11: 12.5X12.5X12.5 | AE11: 150 | AF11: VERDE | AG11: =+SUM(I11:N11)/AE11 -> 5.7 | AI11: 44x41x12 | AJ11: 10
A12: 7 | B12: RHEEM TRANSFERENCIA | C12: EZO / MIRIAM | D12: 82-104986-72 | E12: 0.375 | F12: 0.028 | I12: =VLOOKUP(D12,'[1]PROGRAMA S33 TRANSF'!$B$3:$K$58,2,0) -> 855 | O12: =+I12+J12+K12+L12+M12+N12-SUM(P12:AB12) -> -45 | AB12: 900 | AC12: =+G12*SUM(I12:N12) -> 0 | AD12: 12.5X12.5X12.5 | AE12: 50 | AF12: VERDE | AG12: =+SUM(I12:N12)/AE12 -> 17.1 | AI12: Grand Total | AJ12: 180
A13: 8 | B13: RHEEM TRANSFERENCIA | C13: EZO / MIRIAM | D13: 82-104986-89 | E13: 0.375 | F13: 0.028 | I13: =VLOOKUP(D13,'[1]PROGRAMA S33 TRANSF'!$B$3:$K$58,2,0) -> 875 | O13: =+I13+J13+K13+L13+M13+N13-SUM(P13:AB13) -> 75 | AB13: 800 | AC13: =+G13*SUM(I13:N13) -> 0 | AD13: 12.5X12.5X12.5 | AE13: 100 | AF13: VERDE | AG13: =+SUM(I13:N13)/AE13 -> 8.75
A14: 9 | B14: RHEEM TRANSFERENCIA | C14: EZO / MIRIAM | D14: 82-104986-71 | E14: 0.375 | F14: 0.028 | I14: =VLOOKUP(D14,'[1]PROGRAMA S33 TRANSF'!$B$3:$K$58,2,0) -> 100 | O14: =+I14+J14+K14+L14+M14+N14-SUM(P14:AB14) -> 0 | AB14: 100 | AC14: =+G14*SUM(I14:N14) -> 0 | AD14: 12.5X12.5X12.5 | AE14: 50 | AF14: VERDE | AG14: =+SUM(I14:N14)/AE14 -> 2
A15: 10 | B15: RHEEM TRANSFERENCIA | C15: EZO / MIRIAM | D15: 82-104986-60 | E15: 0.375 | F15: 0.028 | I15: =VLOOKUP(D15,'[1]PROGRAMA S33 TRANSF'!$B$3:$K$58,2,0) -> 455 | O15: =+I15+J15+K15+L15+M15+N15-SUM(P15:AB15) -> 28 | R15: 427 | AC15: =+G15*SUM(I15:N15) -> 0 | AD15: 30X20X7 | AE15: 60 | AF15: VERDE | AG15: =+SUM(I15:N15)/AE15 -> 7.5833333
A16: 11 | B16: RHEEM TRANSFERENCIA | C16: EZO / MIRIAM | D16: 82-104985-41 | E16: 0.5 | F16: 0.028 | I16: =VLOOKUP(D16,'[1]PROGRAMA S33 TRANSF'!$B$3:$K$58,2,0) -> 3599 | O16: =+I16+J16+K16+L16+M16+N16-SUM(P16:AB16) -> 57 | AB16: 3542 | AC16: =+G16*SUM(I16:N16) -> 0 | AD16: 12.5x12.5x12.5 | AE16: 100 | AF16: VERDE | AG16: =+SUM(I16:N16)/AE16 -> 35.99
A17: 12 | B17: RHEEM TRANSFERENCIA | C17: EZO / MIRIAM | D17: 82-104985-25 | E17: 0.5 | F17: 0.028 | I17: =VLOOKUP(D17,'[1]PROGRAMA S33 TRANSF'!$B$3:$K$58,2,0) -> 100 | O17: =+I17+J17+K17+L17+M17+N17-SUM(P17:AB17) -> -12 | V17: 112 | AC17: =+G17*SUM(I17:N17) -> 0 | AD17: 44x41x12 | AE17: 100 | AF17: VERDE | AG17: =+SUM(I17:N17)/AE17 -> 1
A18: 13 | B18: RHEEM TRANSFERENCIA | C18: EZO / MIRIAM | D18: 82-104748-68 | E18: 0.5 | F18: 0.028 | I18: =VLOOKUP(D18,'[1]PROGRAMA S33 TRANSF'!$B$3:$K$58,2,0) -> 1134 | O18: =+I18+J18+K18+L18+M18+N18-SUM(P18:AB18) -> 31 | AB18: 1103 | AC18: =+G18*SUM(I18:N18) -> 0 | AD18: 44x41x12 | AE18: 100 | AF18: VERDE | AG18: =+SUM(I18:N18)/AE18 -> 11.34
A19: 14 | B19: RHEEM TRANSFERENCIA | C19: EZO / MIRIAM | D19: 82-104985-39 | E19: 0.5 | F19: 0.028 | I19: =VLOOKUP(D19,'[1]PROGRAMA S33 TRANSF'!$B$3:$K$58,2,0) -> 162 | O19: =+I19+J19+K19+L19+M19+N19-SUM(P19:AB19) -> 45 | T19: 117 | AC19: =+G19*SUM(I19:N19) -> 0 | AD19: 44x41x12 | AE19: 100 | AF19: VERDE | AG19: =+SUM(I19:N19)/AE19 -> 1.62
A20: 15 | B20: RHEEM TRANSFERENCIA | C20: EZO / MIRIAM | D20: 82-108427-01 | E20: 0.5 | F20: 0.028 | I20: =VLOOKUP(D20,'[1]PROGRAMA S33 TRANSF'!$B$3:$K$58,2,0) -> 100 | O20: =+I20+J20+K20+L20+M20+N20-SUM(P20:AB20) -> 100 | AC20: =+G20*SUM(I20:N20) -> 0 | AD20: 44x41x12 | AE20: 80 | AF20: VERDE | AG20: =+SUM(I20:N20)/AE20 -> 1.25
A21: 16 | B21: RHEEM TRANSFERENCIA | C21: EZO / MIRIAM | D21: 82-104748-69 | E21: 0.5 | F21: 0.028 | I21: =VLOOKUP(D21,'[1]PROGRAMA S33 TRANSF'!$B$3:$K$58,2,0) -> 200 | O21: =+I21+J21+K21+L21+M21+N21-SUM(P21:AB21) -> -20 | S21: 187 | W21: 33 | AC21: =+G21*SUM(I21:N21) -> 0 | AD21: 44x41x12 | AE21: 100 | AF21: VERDE | AG21: =+SUM(I21:N21)/AE21 -> 2
A22: 17 | B22: RHEEM TRANSFERENCIA | C22: EZO / MIRIAM | D22: 82-104894-08 | E22: 0.5 | F22: 0.028 | I22: =VLOOKUP(D22,'[1]PROGRAMA S33 TRANSF'!$B$3:$K$58,2,0) -> 180 | O22: =+I22+J22+K22+L22+M22+N22-SUM(P22:AB22) -> 180 | AC22: =+G22*SUM(I22:N22) -> 0 | AD22: 0 | AE22: 0 | AF22: VERDE | AG22: 0
A23: 18 | B23: RHEEM TRANSFERENCIA | C23: EZO / MIRIAM | D23: 82-104894-02 | E23: 0.5 | F23: 0.028 | O23: =+I23+J23+K23+L23+M23+N23-SUM(P23:AB23) -> 0 | AC23: =+G23*SUM(I23:N23) -> 0 | AD23: 0 | AE23: 0 | AF23: VERDE | AG23: 0
A24: 19 | B24: RHEEM TRANSFERENCIA | C24: EZO / MIRIAM | D24: 82-104895-02 | E24: 0.5 | F24: 0.028 | O24: =+I24+J24+K24+L24+M24+N24-SUM(P24:AB24) -> 0 | AC24: =+G24*SUM(I24:N24) -> 0 | AD24: 0 | AE24: 0 | AF24: VERDE | AG24: 0
A25: 20 | B25: RHEEM TRANSFERENCIA | C25: EZO / MIRIAM | D25: 82-100797-16 | E25: 0.5 | F25: 0.028 | O25: =+I25+J25+K25+L25+M25+N25-SUM(P25:AB25) -> 0 | AC25: =+G25*SUM(I25:N25) -> 0 | AD25: 0 | AE25: 0 | AF25: VERDE | AG25: 0
A26: 21 | B26: RHEEM TRANSFERENCIA | C26: EZO / MIRIAM | D26: 82-104895-06 | E26: 0.5 | F26: 0.028 | O26: =+I26+J26+K26+L26+M26+N26-SUM(P26:AB26) -> 0 | AC26: =+G26*SUM(I26:N26) -> 0 | AD26: 0 | AE26: 0 | AF26: VERDE | AG26: 0
A27: 22 | B27: RHEEM TRANSFERENCIA | C27: EZO / MIRIAM | D27: 82-104894-07 | E27: 0.5 | F27: 0.028 | O27: =+I27+J27+K27+L27+M27+N27-SUM(P27:AB27) -> 0 | AC27: =+G27*SUM(I27:N27) -> 0 | AD27: 0 | AE27: 0 | AF27: VERDE | AG27: 0
A28: 23 | B28: RHEEM TRANSFERENCIA | C28: EZO / MIRIAM | D28: 82-100797-23 | E28: 0.5 | F28: 0.028 | O28: =+I28+J28+K28+L28+M28+N28-SUM(P28:AB28) -> 0 | AC28: =+G28*SUM(I28:N28) -> 0 | AD28: 0 | AE28: 0 | AF28: VERDE | AG28: 0
A29: 24 | B29: RHEEM TRANSFERENCIA | C29: EZO / MIRIAM | D29: 82-104894-10 | E29: 0.5 | F29: 0.028 | O29: =+I29+J29+K29+L29+M29+N29-SUM(P29:AB29) -> 0 | AC29: =+G29*SUM(I29:N29) -> 0 | AD29: 0 | AE29: 0 | AF29: VERDE | AG29: 0
A30: 25 | B30: RHEEM TRANSFERENCIA | C30: EZO / MIRIAM | D30: 82-104895-07 | E30: 0.5 | F30: 0.028 | I30: =VLOOKUP(D30,'[1]PROGRAMA S33 TRANSF'!$B$3:$K$58,2,0) -> 180 | O30: =+I30+J30+K30+L30+M30+N30-SUM(P30:AB30) -> 180 | AC30: =+G30*SUM(I30:N30) -> 0 | AD30: 0 | AE30: 0 | AF30: VERDE | AG30: 0
A31: 26 | B31: RHEEM TRANSFERENCIA | C31: EZO / MIRIAM | D31: 82-104895-17 | E31: 0.5 | F31: 0.028 | I31: =VLOOKUP(D31,'[1]PROGRAMA S33 TRANSF'!$B$3:$K$58,2,0) -> 100 | O31: =+I31+J31+K31+L31+M31+N31-SUM(P31:AB31) -> 100 | AC31: =+G31*SUM(I31:N31) -> 0 | AD31: 0 | AE31: 0 | AF31: VERDE | AG31: 0
A32: 27 | B32: RHEEM TRANSFERENCIA | C32: EZO / MIRIAM | D32: 82-104894-13 | E32: 0.5 | F32: 0.028 | I32: =VLOOKUP(D32,'[1]PROGRAMA S33 TRANSF'!$B$3:$K$58,2,0) -> 100 | O32: =+I32+J32+K32+L32+M32+N32-SUM(P32:AB32) -> 100 | AC32: =+G32*SUM(I32:N32) -> 0 | AD32: 0 | AE32: 0 | AF32: VERDE | AG32: 0
A33: 28 | B33: RHEEM TRANSFERENCIA | C33: EZO / MIRIAM | D33: 82-104894-01 | E33: 0.5 | F33: 0.028 | O33: =+I33+J33+K33+L33+M33+N33-SUM(P33:AB33) -> 0 | AC33: =+G33*SUM(I33:N33) -> 0 | AD33: 0 | AE33: 0 | AF33: VERDE | AG33: 0
A34: 29 | B34: RHEEM TRANSFERENCIA | C34: EZO / MIRIAM | D34: 82-104895-01 | E34: 0.5 | F34: 0.028 | O34: =+I34+J34+K34+L34+M34+N34-SUM(P34:AB34) -> 0 | AC34: =+G34*SUM(I34:N34) -> 0 | AD34: 0 | AE34: 0 | AF34: VERDE | AG34: 0
A35: 30 | B35: RHEEM TRANSFERENCIA | C35: EZO / MIRIAM | D35: 82-104894-09 | E35: 0.5 | F35: 0.028 | I35: =VLOOKUP(D35,'[1]PROGRAMA S33 TRANSF'!$B$3:$K$58,2,0) -> 100 | O35: =+I35+J35+K35+L35+M35+N35-SUM(P35:AB35) -> 100 | AC35: =+G35*SUM(I35:N35) -> 0 | AD35: 0 | AE35: 0 | AF35: VERDE | AG35: 0
A36: 31 | B36: RHEEM TRANSFERENCIA | C36: EZO / MIRIAM | D36: 82-104984-140 | E36: 0.625 | F36: 0.035 | I36: =VLOOKUP(D36,'[1]PROGRAMA S33 TRANSF'!$B$3:$K$58,2,0) -> 855 | O36: =+I36+J36+K36+L36+M36+N36-SUM(P36:AB36) -> 57 | Q36: 798 | AC36: =+G36*SUM(I36:N36) -> 0 | AD36: 44x41x12 | AE36: 200 | AF36: VERDE | AG36: =+SUM(I36:N36)/AE36 -> 4.275
A37: 32 | B37: RHEEM TRANSFERENCIA | C37: EZO / MIRIAM | D37: 82-104984-116 | E37: 0.625 | F37: 0.035 | I37: =VLOOKUP(D37,'[1]PROGRAMA S33 TRANSF'!$B$3:$K$58,2,0) -> 855 | O37: =+I37+J37+K37+L37+M37+N37-SUM(P37:AB37) -> -105 | V37: 300 | AB37: 660 | AC37: =+G37*SUM(I37:N37) -> 0 | AD37: 44x41x12 | AE37: 100 | AF37: VERDE | AG37: =+SUM(I37:N37)/AE37 -> 8.55
A38: 33 | B38: RHEEM TRANSFERENCIA | C38: EZO / MIRIAM | D38: 82-104984-142 | E38: 0.625 | F38: 0.035 | I38: =VLOOKUP(D38,'[1]PROGRAMA S33 TRANSF'!$B$3:$K$58,2,0) -> 1438 | O38: =+I38+J38+K38+L38+M38+N38-SUM(P38:AB38) -> 48 | U38: 984 | V38: 406 | AC38: =+G38*SUM(I38:N38) -> 0 | AD38: 44x41x12 | AE38: 100 | AF38: VERDE | AG38: =+SUM(I38:N38)/AE38 -> 14.38
A39: 34 | B39: RHEEM TRANSFERENCIA | C39: EZO / MIRIAM | D39: 82-104984-114 | E39: 0.75 | F39: 0.035 | I39: =VLOOKUP(D39,'[1]PROGRAMA S33 TRANSF'!$B$3:$K$58,2,0) -> 855 | O39: =+I39+J39+K39+L39+M39+N39-SUM(P39:AB39) -> 0 | T39: 855 | AC39: =+G39*SUM(I39:N39) -> 0 | AD39: 42X45X20 | AE39: 2000 | AF39: VERDE | AG39: =+SUM(I39:N39)/AE39 -> 0.4275
A40: 35 | B40: RHEEM TRANSFERENCIA | C40: EZO / MIRIAM | D40: 82-104984-147 | E40: 0.75 | F40: 0.035 | I40: =VLOOKUP(D40,'[1]PROGRAMA S33 TRANSF'!$B$3:$K$58,2,0) -> 1174 | O40: =+I40+J40+K40+L40+M40+N40-SUM(P40:AB40) -> 43 | Q40: 1131 | AC40: =+G40*SUM(I40:N40) -> 0 | AD40: 42X45X20 | AE40: 500 | AF40: VERDE | AG40: =+SUM(I40:N40)/AE40 -> 2.348
A41: 36 | B41: RHEEM TRANSFERENCIA | C41: EZO / MIRIAM | D41: 82-104984-122 | E41: 0.75 | F41: 0.035 | I41: =VLOOKUP(D41,'[1]PROGRAMA S33 TRANSF'!$B$3:$K$58,2,0) -> 100 | O41: =+I41+J41+K41+L41+M41+N41-SUM(P41:AB41) -> 100 | AC41: =+G41*SUM(I41:N41) -> 0 | AD41: 42X45X20 | AE41: 250 | AF41: VERDE | AG41: =+SUM(I41:N41)/AE41 -> 0.4
A42: 37 | B42: RHEEM TRANSFERENCIA | C42: EZO / MIRIAM | D42: 82-104984-189 | E42: 0.75 | F42: 0.035 | I42: =VLOOKUP(D42,'[1]PROGRAMA S33 TRANSF'!$B$3:$K$58,2,0) -> 875 | O42: =+I42+J42+K42+L42+M42+N42-SUM(P42:AB42) -> 875 | AC42: =+G42*SUM(I42:N42) -> 0 | AD42: 42X45X20 | AE42: 300 | AF42: VERDE | AG42: =+SUM(I42:N42)/AE42 -> 2.9166667
A43: 38 | B43: RHEEM TRANSFERENCIA | C43: EZO / MIRIAM | D43: 82-104984-190 | E43: 0.75 | F43: 0.035 | I43: =VLOOKUP(D43,'[1]PROGRAMA S33 TRANSF'!$B$3:$K$58,2,0) -> 875 | O43: =+I43+J43+K43+L43+M43+N43-SUM(P43:AB43) -> 875 | AC43: =+G43*SUM(I43:N43) -> 0 | AD43: 42X45X20 | AE43: 300 | AF43: VERDE | AG43: =+SUM(I43:N43)/AE43 -> 2.9166667
A44: 39 | B44: RHEEM TRANSFERENCIA | C44: EZO / MIRIAM | D44: 82-104984-124 | E44: 0.75 | F44: 0.035 | I44: =VLOOKUP(D44,'[1]PROGRAMA S33 TRANSF'!$B$3:$K$58,2,0) -> 100 | O44: =+I44+J44+K44+L44+M44+N44-SUM(P44:AB44) -> 100 | AC44: =+G44*SUM(I44:N44) -> 0 | AD44: 42X45X20 | AE44: 2000 | AF44: VERDE | AG44: =+SUM(I44:N44)/AE44 -> 0.05
A45: 40 | B45: RHEEM TRANSFERENCIA | C45: EZO / MIRIAM | D45: 82-104984-143 | E45: 0.75 | F45: 0.035 | I45: =VLOOKUP(D45,'[1]PROGRAMA S33 TRANSF'!$B$3:$K$58,2,0) -> 100 | O45: =+I45+J45+K45+L45+M45+N45-SUM(P45:AB45) -> 100 | AC45: =+G45*SUM(I45:N45) -> 0 | AD45: 42X45X20 | AE45: 1000 | AF45: VERDE | AG45: =+SUM(I45:N45)/AE45 -> 0.1
A46: 41 | B46: RHEEM TRANSFERENCIA | C46: EZO / MIRIAM | D46: 82-100351-01 | E46: 0.75 | F46: 0.035 | O46: =+I46+J46+K46+L46+M46+N46-SUM(P46:AB46) -> 0 | AC46: =+G46*SUM(I46:N46) -> 0 | AD46: 0 | AE46: 0 | AF46: VERDE | AG46: 0
A47: 42 | B47: RHEEM TRANSFERENCIA | C47: EZO / MIRIAM | D47: 82-103227-15 | E47: 0.75 | F47: 0.035 | O47: =+I47+J47+K47+L47+M47+N47-SUM(P47:AB47) -> 0 | AC47: =+G47*SUM(I47:N47) -> 0 | AD47: 0 | AE47: 0 | AF47: VERDE | AG47: 0
A48: 43 | B48: RHEEM TRANSFERENCIA | C48: EZO / MIRIAM | D48: 82-100351-02 | E48: 0.75 | F48: 0.035 | I48: =VLOOKUP(D48,'[1]PROGRAMA S33 TRANSF'!$B$3:$K$58,2,0) -> 100 | O48: =+I48+J48+K48+L48+M48+N48-SUM(P48:AB48) -> 100 | AC48: =+G48*SUM(I48:N48) -> 0 | AD48: 0 | AE48: 0 | AF48: VERDE | AG48: 0
A49: 44 | B49: RHEEM TRANSFERENCIA | C49: EZO / MIRIAM | D49: 82-104982-06 | E49: 0.75 | F49: 0.035 | I49: =VLOOKUP(D49,'[1]PROGRAMA S33 TRANSF'!$B$3:$K$58,2,0) -> 163 | O49: =+I49+J49+K49+L49+M49+N49-SUM(P49:AB49) -> 163 | AC49: =+G49*SUM(I49:N49) -> 0 | AD49: 0 | AE49: 0 | AF49: VERDE | AG49: 0
A50: 45 | B50: RHEEM TRANSFERENCIA | C50: EZO / MIRIAM | D50: 82-100797-02 | E50: 0.75 | F50: 0.035 | I50: =VLOOKUP(D50,'[1]PROGRAMA S33 TRANSF'!$B$3:$K$58,2,0) -> 100 | O50: =+I50+J50+K50+L50+M50+N50-SUM(P50:AB50) -> 100 | AC50: =+G50*SUM(I50:N50) -> 0 | AD50: 0 | AE50: 0 | AF50: VERDE | AG50: 0
A51: 46 | B51: RHEEM TRANSFERENCIA | C51: EZO / MIRIAM | D51: 82-100797-01 | E51: 0.75 | F51: 0.035 | O51: =+I51+J51+K51+L51+M51+N51-SUM(P51:AB51) -> 0 | AC51: =+G51*SUM(I51:N51) -> 0 | AD51: 0 | AE51: 0 | AF51: VERDE | AG51: 0
A52: 47 | B52: RHEEM TRANSFERENCIA | C52: EZO / MIRIAM | D52: 82-100797-06 | E52: 0.75 | F52: 0.035 | O52: =+I52+J52+K52+L52+M52+N52-SUM(P52:AB52) -> 0 | AC52: =+G52*SUM(I52:N52) -> 0 | AD52: 0 | AE52: 0 | AF52: VERDE | AG52: 0
A53: 48 | B53: RHEEM TRANSFERENCIA | C53: EZO / MIRIAM | D53: 82-101183-03 | E53: 0.75 | F53: 0.035 | O53: =+I53+J53+K53+L53+M53+N53-SUM(P53:AB53) -> 0 | AC53: =+G53*SUM(I53:N53) -> 0 | AD53: 0 | AE53: 0 | AF53: VERDE | AG53: 0
A54: 49 | B54: RHEEM TRANSFERENCIA | C54: EZO / MIRIAM | D54: 82-104982-02 | E54: 0.75 | F54: 0.035 | I54: =VLOOKUP(D54,'[1]PROGRAMA S33 TRANSF'!$B$3:$K$58,2,0) -> 100 | O54: =+I54+J54+K54+L54+M54+N54-SUM(P54:AB54) -> 100 | AC54: =+G54*SUM(I54:N54) -> 0 | AD54: 0 | AE54: 0 | AF54: VERDE | AG54: 0
A55: 50 | B55: RHEEM TRANSFERENCIA | C55: EZO / MIRIAM | D55: 82-104895-08 | E55: 0.75 | F55: 0.035 | I55: =VLOOKUP(D55,'[1]PROGRAMA S33 TRANSF'!$B$3:$K$58,2,0) -> 100 | O55: =+I55+J55+K55+L55+M55+N55-SUM(P55:AB55) -> 100 | AC55: =+G55*SUM(I55:N55) -> 0 | AD55: 0 | AE55: 0 | AF55: VERDE | AG55: 0
A56: 51 | B56: RHEEM TRANSFERENCIA | C56: EZO / MIRIAM | D56: 82-104982-01 | E56: 0.75 | F56: 0.035 | I56: =VLOOKUP(D56,'[1]PROGRAMA S33 TRANSF'!$B$3:$K$58,2,0) -> 100 | O56: =+I56+J56+K56+L56+M56+N56-SUM(P56:AB56) -> 100 | AC56: =+G56*SUM(I56:N56) -> 0 | AD56: 0 | AE56: 0 | AF56: VERDE | AG56: 0
A57: 52 | B57: RHEEM TRANSFERENCIA | C57: EZO / MIRIAM | D57: 82-104984-120 | E57: 0.875 | F57: 0.045 | I57: =VLOOKUP(D57,'[1]PROGRAMA S33 TRANSF'!$B$3:$K$58,2,0) -> 2239 | O57: =+I57+J57+K57+L57+M57+N57-SUM(P57:AB57) -> -461 | P57: 2000 | Q57: 700 | AC57: =+G57*SUM(I57:N57) -> 0 | AD57: 42X45X20 | AE57: 1000 | AF57: VERDE | AG57: =+SUM(I57:N57)/AE57 -> 2.239
A58: 53 | B58: RHEEM TRANSFERENCIA | C58: EZO / MIRIAM | D58: 82-104984-118 | E58: 0.875 | F58: 0.045 | I58: =VLOOKUP(D58,'[1]PROGRAMA S33 TRANSF'!$B$3:$K$58,2,0) -> 461 | O58: =+I58+J58+K58+L58+M58+N58-SUM(P58:AB58) -> 39 | U58: 422 | AC58: =+G58*SUM(I58:N58) -> 0 | AD58: 42x45x20 | AE58: 200 | AF58: VERDE | AG58: =+SUM(I58:N58)/AE58 -> 2.305
A59: 54 | B59: RHEEM TRANSFERENCIA | C59: EZO / MIRIAM | D59: 82-104984-149 | E59: 0.875 | F59: 0.045 | I59: =VLOOKUP(D59,'[1]PROGRAMA S33 TRANSF'!$B$3:$K$58,2,0) -> 455 | O59: =+I59+J59+K59+L59+M59+N59-SUM(P59:AB59) -> -17 | U59: 472 | AC59: =+G59*SUM(I59:N59) -> 0 | AD59: 42X45X20 | AE59: 1000 | AF59: VERDE | AG59: =+SUM(I59:N59)/AE59 -> 0.455
A60: 55 | B60: RHEEM TRANSFERENCIA | C60: EZO / MIRIAM | D60: 82-104984-148 | E60: 0.875 | F60: 0.045 | I60: =VLOOKUP(D60,'[1]PROGRAMA S33 TRANSF'!$B$3:$K$58,2,0) -> 435 | O60: =+I60+J60+K60+L60+M60+N60-SUM(P60:AB60) -> 435 | AC60: =+G60*SUM(I60:N60) -> 0 | AD60: 42x45x20 | AE60: 500 | AF60: VERDE | AG60: =+SUM(I60:N60)/AE60 -> 0.87
A61: 56 | B61: RHEEM TRANSFERENCIA | C61: EZO / MIRIAM | D61: 82-104984-156 | E61: 0.875 | F61: 0.045 | I61: =VLOOKUP(D61,'[1]PROGRAMA S33 TRANSF'!$B$3:$K$58,2,0) -> 342 | O61: =+I61+J61+K61+L61+M61+N61-SUM(P61:AB61) -> 244 | W61: 98 | AC61: =+G61*SUM(I61:N61) -> 0 | AD61: 42X45X20 | AE61: 1000 | AF61: VERDE | AG61: =+SUM(I61:N61)/AE61 -> 0.342
A62: 57 | B62: RHEEM TRANSFERENCIA | C62: EZO / MIRIAM | D62: 82-104984-126 | E62: 0.875 | F62: 0.045 | I62: =VLOOKUP(D62,'[1]PROGRAMA S33 TRANSF'!$B$3:$K$58,2,0) -> 179 | O62: =+I62+J62+K62+L62+M62+N62-SUM(P62:AB62) -> 179 | AC62: =+G62*SUM(I62:N62) -> 0 | AD62: 42x45x20 | AE62: 200 | AF62: VERDE | AG62: =+SUM(I62:N62)/AE62 -> 0.895
A63: 58 | B63: RHEEM TRANSFERENCIA | C63: EZO / MIRIAM | D63: 82-104984-191 | E63: 0.875 | F63: 0.045 | I63: =VLOOKUP(D63,'[1]PROGRAMA S33 TRANSF'!$B$3:$K$58,2,0) -> 179 | O63: =+I63+J63+K63+L63+M63+N63-SUM(P63:AB63) -> 179 | AC63: =+G63*SUM(I63:N63) -> 0 | AD63: 42x45x20 | AE63: 500 | AF63: VERDE | AG63: =+SUM(I63:N63)/AE63 -> 0.358
A64: 59 | B64: RHEEM TRANSFERENCIA | C64: EZO / MIRIAM | D64: 82-108426-01 | E64: 0.875 | F64: 0.045 | I64: =VLOOKUP(D64,'[1]PROGRAMA S33 TRANSF'!$B$3:$K$58,2,0) -> 100 | O64: =+I64+J64+K64+L64+M64+N64-SUM(P64:AB64) -> -31 | T64: 131 | AC64: =+G64*SUM(I64:N64) -> 0 | AD64: 0 | AE64: 0 | AF64: VERDE | AG64: 0
A65: 60 | B65: RHEEM TRANSFERENCIA | C65: EZO / MIRIAM | D65: 82-100351-03 | E65: 0.875 | F65: 0.045 | I65: =VLOOKUP(D65,'[1]PROGRAMA S33 TRANSF'!$B$3:$K$58,2,0) -> 313 | O65: =+I65+J65+K65+L65+M65+N65-SUM(P65:AB65) -> 313 | AC65: =+G65*SUM(I65:N65) -> 0 | AD65: 0 | AE65: 0 | AF65: VERDE | AG65: 0
A66: 61 | B66: RHEEM TRANSFERENCIA | C66: EZO / MIRIAM | D66: 82-108451-01 | E66: 0.875 | F66: 0.045 | I66: =VLOOKUP(D66,'[1]PROGRAMA S33 TRANSF'!$B$3:$K$58,2,0) -> 100 | O66: =+I66+J66+K66+L66+M66+N66-SUM(P66:AB66) -> 100 | AC66: =+G66*SUM(I66:N66) -> 0 | AD66: 0 | AE66: 0 | AF66: VERDE | AG66: 0
A67: 62 | B67: RHEEM TRANSFERENCIA | C67: EZO / MIRIAM | D67: 82-108430-01 | E67: 0.875 | F67: 0.045 | O67: =+I67+J67+K67+L67+M67+N67-SUM(P67:AB67) -> 0 | AC67: =+G67*SUM(I67:N67) -> 0 | AD67: 42x45x20 | AE67: 200 | AF67: VERDE | AG67: =+SUM(I67:N67)/AE67 -> 0
A68: 63 | B68: RHEEM TRANSFERENCIA | C68: EZO / MIRIAM | D68: 82-100797-04 | E68: 0.875 | F68: 0.045 | I68: =VLOOKUP(D68,'[1]PROGRAMA S33 TRANSF'!$B$3:$K$58,2,0) -> 134 | O68: =+I68+J68+K68+L68+M68+N68-SUM(P68:AB68) -> 2 | T68: 132 | AC68: =+G68*SUM(I68:N68) -> 0 | AD68: 0 | AE68: 0 | AF68: VERDE | AG68: 0
A69: 64 | B69: RHEEM TRANSFERENCIA | C69: EZO / MIRIAM | D69: 82-100351-04 | E69: 0.875 | F69: 0.045 | I69: =VLOOKUP(D69,'[1]PROGRAMA S33 TRANSF'!$B$3:$K$58,2,0) -> 493 | O69: =+I69+J69+K69+L69+M69+N69-SUM(P69:AB69) -> 493 | AC69: =+G69*SUM(I69:N69) -> 0 | AD69: 0 | AE69: 0 | AF69: VERDE | AG69: 0
A70: 65 | B70: RHEEM TRANSFERENCIA | C70: EZO / MIRIAM | D70: 82-108430-03 | E70: 0.875 | F70: 0.045 | I70: =VLOOKUP(D70,'[1]PROGRAMA S33 TRANSF'!$B$3:$K$58,2,0) -> 100 | O70: =+I70+J70+K70+L70+M70+N70-SUM(P70:AB70) -> 100 | AC70: =+G70*SUM(I70:N70) -> 0 | AD70: 42x45x20 | AE70: 200 | AF70: VERDE | AG70: =+SUM(I70:N70)/AE70 -> 0.5
A71: 66 | B71: RHEEM TRANSFERENCIA | C71: EZO / MIRIAM | D71: 82-104984-46 | E71: 0.875 | F71: 0.045 | I71: =VLOOKUP(D71,'[1]PROGRAMA S33 TRANSF'!$B$3:$K$58,2,0) -> 100 | O71: =+I71+J71+K71+L71+M71+N71-SUM(P71:AB71) -> 100 | AC71: =+G71*SUM(I71:N71) -> 0 | AD71: 42x45x20 | AE71: 500 | AF71: VERDE | AG71: =+SUM(I71:N71)/AE71 -> 0.2
A72: 67 | B72: RHEEM TRANSFERENCIA | C72: EZO / MIRIAM | D72: 82-104984-216 | E72: 0.875 | F72: 0.045 | I72: =VLOOKUP(D72,'[1]PROGRAMA S33 TRANSF'!$B$3:$K$58,2,0) -> 100 | O72: =+I72+J72+K72+L72+M72+N72-SUM(P72:AB72) -> 100 | AC72: =+G72*SUM(I72:N72) -> 0 | AD72: 42x45x20 | AE72: 200 | AF72: VERDE | AG72: =+SUM(I72:N72)/AE72 -> 0.5
A73: 68 | B73: RHEEM TRANSFERENCIA | C73: EZO / MIRIAM | D73: 82-101183-04 | E73: 0.875 | F73: 0.045 | O73: =+I73+J73+K73+L73+M73+N73-SUM(P73:AB73) -> 0 | AC73: =+G73*SUM(I73:N73) -> 0 | AD73: 0 | AE73: 0 | AF73: VERDE | AG73: 0
A74: 69 | B74: RHEEM TRANSFERENCIA | C74: EZO / MIRIAM | D74: 82-104982-04 | E74: 0.875 | F74: 0.045 | I74: =VLOOKUP(D74,'[1]PROGRAMA S33 TRANSF'!$B$3:$K$58,2,0) -> 100 | O74: =+I74+J74+K74+L74+M74+N74-SUM(P74:AB74) -> -6 | T74: 106 | AC74: =+G74*SUM(I74:N74) -> 0 | AD74: 0 | AE74: 0 | AF74: VERDE | AG74: 0
A75: 70 | B75: RHEEM TRANSFERENCIA | C75: EZO / MIRIAM | D75: 82-104982-05 | E75: 0.875 | F75: 0.045 | O75: =+I75+J75+K75+L75+M75+N75-SUM(P75:AB75) -> 0 | AC75: =+G75*SUM(I75:N75) -> 0 | AD75: 0 | AE75: 0 | AF75: VERDE | AG75: 0
A76: 71 | B76: RHEEM TRANSFERENCIA | C76: EZO / MIRIAM | D76: 82-103015-09 | E76: 0.875 | F76: 0.045 | O76: =+I76+J76+K76+L76+M76+N76-SUM(P76:AB76) -> 0 | AC76: =+G76*SUM(I76:N76) -> 0 | AD76: 0 | AE76: 0 | AF76: VERDE | AG76: 0
A77: 72 | B77: RHEEM TRANSFERENCIA | C77: EZO / MIRIAM | D77: 82-106374-02 | E77: 0.875 | F77: 0.045 | O77: =+I77+J77+K77+L77+M77+N77-SUM(P77:AB77) -> 0 | AC77: =+G77*SUM(I77:N77) -> 0 | AD77: 0 | AE77: 0 | AF77: VERDE | AG77: 0
A78: 73 | B78: RHEEM TRANSFERENCIA | C78: EZO / MIRIAM | D78: 82-104982-08 | E78: 0.875 | F78: 0.045 | O78: =+I78+J78+K78+L78+M78+N78-SUM(P78:AB78) -> 0 | AC78: =+G78*SUM(I78:N78) -> 0 | AD78: 0 | AE78: 0 | AF78: VERDE | AG78: 0
A79: 74 | B79: RHEEM TRANSFERENCIA | C79: EZO / MIRIAM | D79: 82-100797-05 | E79: 0.875 | F79: 0.045 | O79: =+I79+J79+K79+L79+M79+N79-SUM(P79:AB79) -> 0 | AC79: =+G79*SUM(I79:N79) -> 0 | AD79: 0 | AE79: 0 | AF79: VERDE | AG79: 0
A80: 75 | B80: RHEEM TRANSFERENCIA | C80: EZO / MIRIAM | D80: 82-104982-03 | E80: 0.875 | F80: 0.045 | I80: =VLOOKUP(D80,'[1]PROGRAMA S33 TRANSF'!$B$3:$K$58,2,0) -> 100 | O80: =+I80+J80+K80+L80+M80+N80-SUM(P80:AB80) -> 0 | T80: 100 | AC80: =+G80*SUM(I80:N80) -> 0 | AD80: 0 | AE80: 0 | AF80: VERDE | AG80: 0
A81: 76 | B81: RHEEM TRANSFERENCIA | C81: EZO / MIRIAM | D81: 82-101183-16 | E81: 0.875 | F81: 0.045 | O81: =+I81+J81+K81+L81+M81+N81-SUM(P81:AB81) -> 0 | AC81: =+G81*SUM(I81:N81) -> 0 | AD81: 0 | AE81: 0 | AF81: VERDE | AG81: 0
A82: 77 | B82: RHEEM TRANSFERENCIA | C82: EZO / MIRIAM | D82: 82-104895-09 | E82: 0.875 | F82: 0.045 | I82: =VLOOKUP(D82,'[1]PROGRAMA S33 TRANSF'!$B$3:$K$58,2,0) -> 100 | O82: =+I82+J82+K82+L82+M82+N82-SUM(P82:AB82) -> 100 | AC82: =+G82*SUM(I82:N82) -> 0 | AD82: 0 | AE82: 0 | AF82: VERDE | AG82: 0
A83: 78 | B83: RHEEM TRANSFERENCIA | C83: EZO / MIRIAM | D83: 82-109836-01 | E83: 0.875 | F83: 0.045 | I83: =VLOOKUP(D83,'[1]PROGRAMA S33 TRANSF'!$B$3:$K$58,2,0) -> 100 | O83: =+I83+J83+K83+L83+M83+N83-SUM(P83:AB83) -> 100 | AC83: =+G83*SUM(I83:N83) -> 0 | AD83: 0 | AE83: 0 | AF83: VERDE | AG83: 0
A84: 79 | B84: RHEEM FALCON | C84: EZO / MIRIAM | D84: 82-109026-21 | E84: 0.25 | I84: =VLOOKUP(D84,'[1]PROGRAMA S33 FALCON'!$B$3:$J$10,2,0) -> 600 | O84: =+I84+J84+K84+L84+M84+N84-SUM(P84:AB84) -> -30 | X84: 630 | AC84: =+G84*SUM(I84:N84) -> 0 | AD84: 12.5X12.5X12.5 | AE84: 200 | AF84: NARANJA | AG84: =+SUM(I84:N84)/AE84 -> 3
A85: 80 | B85: RHEEM FALCON | C85: EZO / MIRIAM | D85: 82-109026-22 | E85: 0.25 | I85: =VLOOKUP(D85,'[1]PROGRAMA S33 FALCON'!$B$3:$J$10,2,0) -> 2000 | O85: =+I85+J85+K85+L85+M85+N85-SUM(P85:AB85) -> 700 | X85: 1300 | AC85: =+G85*SUM(I85:N85) -> 0 | AD85: 12.5X12.5X12.5 | AE85: 200 | AF85: NARANJA | AG85: =+SUM(I85:N85)/AE85 -> 10
A86: 81 | B86: RHEEM FALCON | C86: EZO / MIRIAM | D86: 82-110968-01 | E86: 0.25 | O86: =+I86+J86+K86+L86+M86+N86-SUM(P86:AB86) -> 0 | AC86: =+G86*SUM(I86:N86) -> 0 | AD86: 12.5X12.5X12.5 | AE86: 200 | AF86: NARANJA | AG86: =+SUM(I86:N86)/AE86 -> 0
A87: 82 | B87: RHEEM FALCON | C87: EZO / MIRIAM | D87: 82-105077-15 | E87: 0.375 | O87: =+I87+J87+K87+L87+M87+N87-SUM(P87:AB87) -> 0 | AC87: =+G87*SUM(I87:N87) -> 0 | AD87: 0 | AE87: 0 | AF87: NARANJA | AG87: 0
A88: 83 | B88: RHEEM FALCON | C88: EZO / MIRIAM | D88: 82-105077-16 | E88: 0.375 | O88: =+I88+J88+K88+L88+M88+N88-SUM(P88:AB88) -> 0 | AC88: =+G88*SUM(I88:N88) -> 0 | AD88: 0 | AE88: 0 | AF88: NARANJA | AG88: 0
A89: 84 | B89: RHEEM FALCON | C89: EZO / MIRIAM | D89: 82-105077-17 | E89: 0.375 | O89: =+I89+J89+K89+L89+M89+N89-SUM(P89:AB89) -> 0 | AC89: =+G89*SUM(I89:N89) -> 0 | AD89: 0 | AE89: 0 | AF89: NARANJA | AG89: 0
A90: 85 | B90: RHEEM FALCON | C90: EZO / MIRIAM | D90: 82-105077-18 | E90: 0.375 | O90: =+I90+J90+K90+L90+M90+N90-SUM(P90:AB90) -> 0 | AC90: =+G90*SUM(I90:N90) -> 0 | AD90: 0 | AE90: 0 | AF90: NARANJA | AG90: 0
A91: 86 | B91: RHEEM FALCON | C91: EZO / MIRIAM | D91: 82-104985-49 | E91: 0.5 | O91: =+I91+J91+K91+L91+M91+N91-SUM(P91:AB91) -> -89 | V91: 89 | AC91: =+G91*SUM(I91:N91) -> 0 | AD91: 30X20X7 | AE91: 100 | AF91: NARANJA | AG91: =+SUM(I91:N91)/AE91 -> 0
A92: 87 | B92: RHEEM FALCON | C92: EZO / MIRIAM | D92: 82-104985-52 | E92: 0.5 | O92: =+I92+J92+K92+L92+M92+N92-SUM(P92:AB92) -> 0 | AC92: =+G92*SUM(I92:N92) -> 0 | AD92: 30X20X7 | AE92: 200 | AF92: NARANJA | AG92: =+SUM(I92:N92)/AE92 -> 0
A93: 88 | B93: RHEEM FALCON | C93: EZO / MIRIAM | D93: 82-104985-53 | E93: 0.5 | J93: =VLOOKUP(D93,[2]Hoja1!$A$2:$G$20,7,0) -> #N/A | O93: =+I93+J93+K93+L93+M93+N93-SUM(P93:AB93) -> #N/A | V93: 128 | AC93: =+G93*SUM(I93:N93) -> #N/A | AD93: 30X20X7 | AE93: 200 | AF93: NARANJA | AG93: =+SUM(I93:N93)/AE93 -> #N/A
A94: 89 | B94: RHEEM FALCON | C94: EZO / MIRIAM | D94: 82-104985-54 | E94: 0.5 | I94: =VLOOKUP(D94,'[1]PROGRAMA S33 FALCON'!$B$3:$J$10,2,0) -> 800 | J94: =VLOOKUP(D94,[2]Hoja1!$A$2:$G$20,7,0) -> #N/A | O94: =+I94+J94+K94+L94+M94+N94-SUM(P94:AB94) -> #N/A | P94: 221 | Q94: 400 | R94: 400 | V94: 145 | AC94: =+G94*SUM(I94:N94) -> #N/A | AD94: 30X20X7 | AE94: 200 | AF94: NARANJA | AG94: =+SUM(I94:N94)/AE94 -> #N/A
A95: 90 | B95: RHEEM FALCON | C95: EZO / MIRIAM | D95: 82-104985-55 | E95: 0.5 | I95: =VLOOKUP(D95,'[1]PROGRAMA S33 FALCON'!$B$3:$J$10,2,0) -> 400 | O95: =+I95+J95+K95+L95+M95+N95-SUM(P95:AB95) -> 400 | AC95: =+G95*SUM(I95:N95) -> 0 | AD95: 30X20X7 | AE95: 200 | AF95: NARANJA | AG95: =+SUM(I95:N95)/AE95 -> 2
A96: 91 | B96: RHEEM FALCON | C96: EZO / MIRIAM | D96: 82-110939-01 | E96: 0.5 | J96: =VLOOKUP(D96,[2]Hoja1!$A$2:$G$20,7,0) -> #N/A | O96: =+I96+J96+K96+L96+M96+N96-SUM(P96:AB96) -> #N/A | W96: 48 | AC96: =+G96*SUM(I96:N96) -> #N/A | AD96: 30X20X7 | AE96: 200 | AF96: NARANJA | AG96: =+SUM(I96:N96)/AE96 -> #N/A
A97: 92 | B97: RHEEM FALCON | C97: EZO / MIRIAM | D97: 82-110939-02 | E97: 0.5 | J97: =VLOOKUP(D97,[2]Hoja1!$A$2:$G$20,7,0) -> #N/A | O97: =+I97+J97+K97+L97+M97+N97-SUM(P97:AB97) -> #N/A | V97: 99 | AC97: =+G97*SUM(I97:N97) -> #N/A | AD97: 30X20X7 | AE97: 200 | AF97: NARANJA | AG97: =+SUM(I97:N97)/AE97 -> #N/A
A98: 93 | B98: RHEEM FALCON | C98: EZO / MIRIAM | D98: 82-104984-249 | E98: 0.625 | O98: =+I98+J98+K98+L98+M98+N98-SUM(P98:AB98) -> 0 | AC98: =+G98*SUM(I98:N98) -> 0 | AD98: 30X20X7 | AE98: 150 | AF98: NARANJA | AG98: =+SUM(I98:N98)/AE98 -> 0
A99: 94 | B99: RHEEM FALCON | C99: EZO / MIRIAM | D99: 82-104984-250 | E99: 0.625 | O99: =+I99+J99+K99+L99+M99+N99-SUM(P99:AB99) -> 0 | AC99: =+G99*SUM(I99:N99) -> 0 | AD99: 30X20X7 | AE99: 150 | AF99: NARANJA | AG99: =+SUM(I99:N99)/AE99 -> 0
A100: 95 | B100: RHEEM FALCON | C100: EZO / MIRIAM | D100: 82-104984-252 | E100: 0.625 | I100: =VLOOKUP(D100,'[1]PROGRAMA S33 FALCON'!$B$3:$J$10,2,0) -> 300 | O100: =+I100+J100+K100+L100+M100+N100-SUM(P100:AB100) -> 0 | R100: 300 | AC100: =+G100*SUM(I100:N100) -> 0 | AD100: 30X20X7 | AE100: 150 | AF100: NARANJA | AG100: =+SUM(I100:N100)/AE100 -> 2
A101: 96 | B101: RHEEM FALCON | C101: EZO / MIRIAM | D101: 82-104984-255 | E101: 0.625 | I101: =VLOOKUP(D101,'[1]PROGRAMA S33 FALCON'!$B$3:$J$10,2,0) -> 150 | O101: =+I101+J101+K101+L101+M101+N101-SUM(P101:AB101) -> 0 | P101: 150 | AC101: =+G101*SUM(I101:N101) -> 0 | AD101: 30X20X7 | AE101: 150 | AF101: NARANJA | AG101: =+SUM(I101:N101)/AE101 -> 1
...

Sheet SEMANA 34
B2: DÍA | C2: TURNO
B3: =TODAY() -> 46308 | C3: A | D3: X | I3: PROGRAMA
C4: B | I4: SEMANA | J4: Convertirlo a horas | P4: 46251 | R4: 46252 | T4: 46253 | V4: 46254 | X4: 46255 | Z4: Ag1
B5: CLIENTE | C5: DESTINO | D5: NÚMERO DE PARTE | E5: DIAMETRO | F5: PARED | G5: PESO | H5: PRECIO | I5: 34 | J5: W35 | K5: Ag2 | L5: Ag3 | M5: Ag4 | O5: BALANCE | P5: A | Q5: B | R5: A | S5: B | T5: A | U5: B | V5: A | W5: B | X5: A | Y5: B | Z5: AYB | AA5: KG | AB5: CAJA | AC5: CANT. X CAJA | AD5: HOJA COLOR | AE5: TOTAL CAJAS | AG5: Row Labels | AH5: Sum of TOTAL CAJAS
A6: 1 | B6: RHEEM TRANSFERENCIA | C6: EZO / MIRIAM | D6: 82-104987-15 | E6: 0.25 | F6: 0.028 | J6: =IFERROR(VLOOKUP(D6,'[3]Programa produccion Transferenc'!$C:$D,2,0),0) -> 0 | O6: =+I6+J6+K6+L6+M6+N6-SUM(P6:Z6) -> 0 | AA6: =+G6*SUM(I6:N6) -> 0 | AB6: 12.5X12.5X12.5 | AC6: 150 | AD6: VERDE | AE6: =+SUM(I6:N6)/AC6 -> 0 | AG6: 0 | AH6: 0
A7: 2 | B7: RHEEM TRANSFERENCIA | C7: EZO / MIRIAM | D7: 82-104987-13 | E7: 0.25 | F7: 0.028 | J7: =IFERROR(VLOOKUP(D7,'[3]Programa produccion Transferenc'!$C:$D,2,0),0) -> 950 | O7: =+I7+J7+K7+L7+M7+N7-SUM(P7:Z7) -> -50 | P7: 1000 | AA7: =+G7*SUM(I7:N7) -> 0 | AB7: 12.5X12.5X12.5 | AC7: 200 | AD7: VERDE | AE7: =+SUM(I7:N7)/AC7 -> 4.75 | AG7: 12.5X12.5X12.5 | AH7: 52
A8: 3 | B8: RHEEM TRANSFERENCIA | C8: EZO / MIRIAM | D8: 82-104987-14 | E8: 0.25 | F8: 0.028 | J8: =IFERROR(VLOOKUP(D8,'[3]Programa produccion Transferenc'!$C:$D,2,0),0) -> 1500 | O8: =+I8+J8+K8+L8+M8+N8-SUM(P8:Z8) -> -50 | P8: 1550 | AA8: =+G8*SUM(I8:N8) -> 0 | AB8: 12.5X12.5X12.5 | AC8: 200 | AD8: VERDE | AE8: =+SUM(I8:N8)/AC8 -> 7.5 | AG8: 25x20x12.5 | AH8: 0
A9: 4 | B9: RHEEM TRANSFERENCIA | C9: EZO / MIRIAM | D9: 82-104986-88 | E9: 0.375 | F9: 0.028 | I9: 300 | J9: =IFERROR(VLOOKUP(D9,'[3]Programa produccion Transferenc'!$C:$D,2,0),0) -> 247 | O9: =+I9+J9+K9+L9+M9+N9-SUM(P9:Z9) -> -774 | P9: 300 | T9: 350 | U9: 671 | AA9: =+G9*SUM(I9:N9) -> 0 | AB9: 12.5X12.5X12.5 | AC9: 100 | AD9: VERDE | AE9: =+SUM(I9:N9)/AC9 -> 5.47 | AG9: 30X20X7 | AH9: 116
A10: 5 | B10: RHEEM TRANSFERENCIA | C10: EZO / MIRIAM | D10: 82-104986-61 | E10: 0.375 | F10: 0.028 | J10: =IFERROR(VLOOKUP(D10,'[3]Programa produccion Transferenc'!$C:$D,2,0),0) -> 800 | O10: =+I10+J10+K10+L10+M10+N10-SUM(P10:Z10) -> 55 | R10: 300 | S10: 130 | T10: 315 | AA10: =+G10*SUM(I10:N10) -> 0 | AB10: 12.5X12.5X12.5 | AC10: 150 | AD10: VERDE | AE10: =+SUM(I10:N10)/AC10 -> 5.3333333 | AG10: 42X45X20 | AH10: 2
A11: 6 | B11: RHEEM TRANSFERENCIA | C11: EZO / MIRIAM | D11: 82-104986-59 | E11: 0.375 | F11: 0.028 | J11: =IFERROR(VLOOKUP(D11,'[3]Programa produccion Transferenc'!$C:$D,2,0),0) -> 1300 | O11: =+I11+J11+K11+L11+M11+N11-SUM(P11:Z11) -> -165 | R11: 1300 | X11: 165 | AA11: =+G11*SUM(I11:N11) -> 0 | AB11: 12.5X12.5X12.5 | AC11: 150 | AD11: VERDE | AE11: =+SUM(I11:N11)/AC11 -> 8.6666667 | AG11: 44x41x12 | AH11: 10
A12: 7 | B12: RHEEM TRANSFERENCIA | C12: EZO / MIRIAM | D12: 82-104986-72 | E12: 0.375 | F12: 0.028 | J12: =IFERROR(VLOOKUP(D12,'[3]Programa produccion Transferenc'!$C:$D,2,0),0) -> 1300 | O12: =+I12+J12+K12+L12+M12+N12-SUM(P12:Z12) -> -2230 | R12: 1200 | S12: 180 | X12: 1600 | Y12: 550 | AA12: =+G12*SUM(I12:N12) -> 0 | AB12: 12.5X12.5X12.5 | AC12: 50 | AD12: VERDE | AE12: =+SUM(I12:N12)/AC12 -> 26 | AG12: Grand Total | AH12: 180
A13: 8 | B13: RHEEM TRANSFERENCIA | C13: EZO / MIRIAM | D13: 82-104986-89 | E13: 0.375 | F13: 0.028 | I13: 500 | J13: =IFERROR(VLOOKUP(D13,'[3]Programa produccion Transferenc'!$C:$D,2,0),0) -> 247 | O13: =+I13+J13+K13+L13+M13+N13-SUM(P13:Z13) -> 0 | P13: 500 | T13: 247 | AA13: =+G13*SUM(I13:N13) -> 0 | AB13: 12.5X12.5X12.5 | AC13: 100 | AD13: VERDE | AE13: =+SUM(I13:N13)/AC13 -> 7.47
A14: 9 | B14: RHEEM TRANSFERENCIA | C14: EZO / MIRIAM | D14: 82-104986-71 | E14: 0.375 | F14: 0.028 | I14: 1000 | J14: =IFERROR(VLOOKUP(D14,'[3]Programa produccion Transferenc'!$C:$D,2,0),0) -> 100 | O14: =+I14+J14+K14+L14+M14+N14-SUM(P14:Z14) -> -6 | P14: 1106 | AA14: =+G14*SUM(I14:N14) -> 0 | AB14: 12.5X12.5X12.5 | AC14: 50 | AD14: VERDE | AE14: =+SUM(I14:N14)/AC14 -> 22
A15: 10 | B15: RHEEM TRANSFERENCIA | C15: EZO / MIRIAM | D15: 82-104986-60 | E15: 0.375 | F15: 0.028 | J15: =IFERROR(VLOOKUP(D15,'[3]Programa produccion Transferenc'!$C:$D,2,0),0) -> 500 | O15: =+I15+J15+K15+L15+M15+N15-SUM(P15:Z15) -> 0 | R15: 500 | AA15: =+G15*SUM(I15:N15) -> 0 | AB15: 30X20X7 | AC15: 60 | AD15: VERDE | AE15: =+SUM(I15:N15)/AC15 -> 8.3333333
A16: 11 | B16: RHEEM TRANSFERENCIA | C16: EZO / MIRIAM | D16: 82-104985-41 | E16: 0.5 | F16: 0.028 | J16: =IFERROR(VLOOKUP(D16,'[3]Programa produccion Transferenc'!$C:$D,2,0),0) -> 3487 | O16: =+I16+J16+K16+L16+M16+N16-SUM(P16:Z16) -> 3487 | AA16: =+G16*SUM(I16:N16) -> 0 | AB16: 12.5x12.5x12.5 | AC16: 100 | AD16: VERDE | AE16: =+SUM(I16:N16)/AC16 -> 34.87
A17: 12 | B17: RHEEM TRANSFERENCIA | C17: EZO / MIRIAM | D17: 82-104985-25 | E17: 0.5 | F17: 0.028 | J17: =IFERROR(VLOOKUP(D17,'[3]Programa produccion Transferenc'!$C:$D,2,0),0) -> 125 | O17: =+I17+J17+K17+L17+M17+N17-SUM(P17:Z17) -> -14 | V17: 139 | AA17: =+G17*SUM(I17:N17) -> 0 | AB17: 44x41x12 | AC17: 100 | AD17: VERDE | AE17: =+SUM(I17:N17)/AC17 -> 1.25
A18: 13 | B18: RHEEM TRANSFERENCIA | C18: EZO / MIRIAM | D18: 82-104748-68 | E18: 0.5 | F18: 0.028 | J18: =IFERROR(VLOOKUP(D18,'[3]Programa produccion Transferenc'!$C:$D,2,0),0) -> 0 | O18: =+I18+J18+K18+L18+M18+N18-SUM(P18:Z18) -> 0 | AA18: =+G18*SUM(I18:N18) -> 0 | AB18: 44x41x12 | AC18: 100 | AD18: VERDE | AE18: =+SUM(I18:N18)/AC18 -> 0
A19: 14 | B19: RHEEM TRANSFERENCIA | C19: EZO / MIRIAM | D19: 82-104985-39 | E19: 0.5 | F19: 0.028 | I19: 650 | J19: =IFERROR(VLOOKUP(D19,'[3]Programa produccion Transferenc'!$C:$D,2,0),0) -> 150 | O19: =+I19+J19+K19+L19+M19+N19-SUM(P19:Z19) -> 0 | V19: 800 | AA19: =+G19*SUM(I19:N19) -> 0 | AB19: 44x41x12 | AC19: 100 | AD19: VERDE | AE19: =+SUM(I19:N19)/AC19 -> 8
A20: 15 | B20: RHEEM TRANSFERENCIA | C20: EZO / MIRIAM | D20: 82-108427-01 | E20: 0.5 | F20: 0.028 | J20: =IFERROR(VLOOKUP(D20,'[3]Programa produccion Transferenc'!$C:$D,2,0),0) -> 0 | O20: =+I20+J20+K20+L20+M20+N20-SUM(P20:Z20) -> 0 | AA20: =+G20*SUM(I20:N20) -> 0 | AB20: 44x41x12 | AC20: 80 | AD20: VERDE | AE20: =+SUM(I20:N20)/AC20 -> 0
A21: 16 | B21: RHEEM TRANSFERENCIA | C21: EZO / MIRIAM | D21: 82-104748-69 | E21: 0.5 | F21: 0.028 | J21: =IFERROR(VLOOKUP(D21,'[3]Programa produccion Transferenc'!$C:$D,2,0),0) -> 0 | O21: =+I21+J21+K21+L21+M21+N21-SUM(P21:Z21) -> 0 | AA21: =+G21*SUM(I21:N21) -> 0 | AB21: 44x41x12 | AC21: 100 | AD21: VERDE | AE21: =+SUM(I21:N21)/AC21 -> 0
A22: 17 | B22: RHEEM TRANSFERENCIA | C22: EZO / MIRIAM | D22: 82-104894-08 | E22: 0.5 | F22: 0.028 | I22: 180 | J22: =IFERROR(VLOOKUP(D22,'[3]Programa produccion Transferenc'!$C:$D,2,0),0) -> 0 | O22: =+I22+J22+K22+L22+M22+N22-SUM(P22:Z22) -> 0 | Z22: 180 | AA22: =+G22*SUM(I22:N22) -> 0 | AB22: 0 | AC22: 0 | AD22: VERDE | AE22: 0
A23: 18 | B23: RHEEM TRANSFERENCIA | C23: EZO / MIRIAM | D23: 82-104894-02 | E23: 0.5 | F23: 0.028 | J23: =IFERROR(VLOOKUP(D23,'[3]Programa produccion Transferenc'!$C:$D,2,0),0) -> 0 | O23: =+I23+J23+K23+L23+M23+N23-SUM(P23:Z23) -> 0 | AA23: =+G23*SUM(I23:N23) -> 0 | AB23: 0 | AC23: 0 | AD23: VERDE | AE23: 0
A24: 19 | B24: RHEEM TRANSFERENCIA | C24: EZO / MIRIAM | D24: 82-104895-02 | E24: 0.5 | F24: 0.028 | J24: =IFERROR(VLOOKUP(D24,'[3]Programa produccion Transferenc'!$C:$D,2,0),0) -> 0 | O24: =+I24+J24+K24+L24+M24+N24-SUM(P24:Z24) -> 0 | AA24: =+G24*SUM(I24:N24) -> 0 | AB24: 0 | AC24: 0 | AD24: VERDE | AE24: 0
A25: 20 | B25: RHEEM TRANSFERENCIA | C25: EZO / MIRIAM | D25: 82-100797-16 | E25: 0.5 | F25: 0.028 | J25: =IFERROR(VLOOKUP(D25,'[3]Programa produccion Transferenc'!$C:$D,2,0),0) -> 0 | O25: =+I25+J25+K25+L25+M25+N25-SUM(P25:Z25) -> 0 | AA25: =+G25*SUM(I25:N25) -> 0 | AB25: 0 | AC25: 0 | AD25: VERDE | AE25: 0
A26: 21 | B26: RHEEM TRANSFERENCIA | C26: EZO / MIRIAM | D26: 82-104895-06 | E26: 0.5 | F26: 0.028 | I26: 100 | J26: =IFERROR(VLOOKUP(D26,'[3]Programa produccion Transferenc'!$C:$D,2,0),0) -> 0 | O26: =+I26+J26+K26+L26+M26+N26-SUM(P26:Z26) -> 0 | Z26: 100 | AA26: =+G26*SUM(I26:N26) -> 0 | AB26: 0 | AC26: 0 | AD26: VERDE | AE26: 0
A27: 22 | B27: RHEEM TRANSFERENCIA | C27: EZO / MIRIAM | D27: 82-104894-07 | E27: 0.5 | F27: 0.028 | J27: =IFERROR(VLOOKUP(D27,'[3]Programa produccion Transferenc'!$C:$D,2,0),0) -> 0 | O27: =+I27+J27+K27+L27+M27+N27-SUM(P27:Z27) -> 0 | AA27: =+G27*SUM(I27:N27) -> 0 | AB27: 0 | AC27: 0 | AD27: VERDE | AE27: 0
A28: 23 | B28: RHEEM TRANSFERENCIA | C28: EZO / MIRIAM | D28: 82-100797-23 | E28: 0.5 | F28: 0.028 | J28: =IFERROR(VLOOKUP(D28,'[3]Programa produccion Transferenc'!$C:$D,2,0),0) -> 0 | O28: =+I28+J28+K28+L28+M28+N28-SUM(P28:Z28) -> 0 | AA28: =+G28*SUM(I28:N28) -> 0 | AB28: 0 | AC28: 0 | AD28: VERDE | AE28: 0
A29: 24 | B29: RHEEM TRANSFERENCIA | C29: EZO / MIRIAM | D29: 82-104894-10 | E29: 0.5 | F29: 0.028 | J29: =IFERROR(VLOOKUP(D29,'[3]Programa produccion Transferenc'!$C:$D,2,0),0) -> 0 | O29: =+I29+J29+K29+L29+M29+N29-SUM(P29:Z29) -> 0 | AA29: =+G29*SUM(I29:N29) -> 0 | AB29: 0 | AC29: 0 | AD29: VERDE | AE29: 0
A30: 25 | B30: RHEEM TRANSFERENCIA | C30: EZO / MIRIAM | D30: 82-104895-07 | E30: 0.5 | F30: 0.028 | I30: 180 | J30: =IFERROR(VLOOKUP(D30,'[3]Programa produccion Transferenc'!$C:$D,2,0),0) -> 0 | O30: =+I30+J30+K30+L30+M30+N30-SUM(P30:Z30) -> 0 | Z30: 180 | AA30: =+G30*SUM(I30:N30) -> 0 | AB30: 0 | AC30: 0 | AD30: VERDE | AE30: 0
A31: 26 | B31: RHEEM TRANSFERENCIA | C31: EZO / MIRIAM | D31: 82-104895-17 | E31: 0.5 | F31: 0.028 | I31: 100 | J31: =IFERROR(VLOOKUP(D31,'[3]Programa produccion Transferenc'!$C:$D,2,0),0) -> 0 | O31: =+I31+J31+K31+L31+M31+N31-SUM(P31:Z31) -> 0 | Z31: 100 | AA31: =+G31*SUM(I31:N31) -> 0 | AB31: 0 | AC31: 0 | AD31: VERDE | AE31: 0
A32: 27 | B32: RHEEM TRANSFERENCIA | C32: EZO / MIRIAM | D32: 82-104894-13 | E32: 0.5 | F32: 0.028 | I32: 100 | J32: =IFERROR(VLOOKUP(D32,'[3]Programa produccion Transferenc'!$C:$D,2,0),0) -> 0 | O32: =+I32+J32+K32+L32+M32+N32-SUM(P32:Z32) -> 0 | Z32: 100 | AA32: =+G32*SUM(I32:N32) -> 0 | AB32: 0 | AC32: 0 | AD32: VERDE | AE32: 0
A33: 28 | B33: RHEEM TRANSFERENCIA | C33: EZO / MIRIAM | D33: 82-104894-01 | E33: 0.5 | F33: 0.028 | J33: =IFERROR(VLOOKUP(D33,'[3]Programa produccion Transferenc'!$C:$D,2,0),0) -> 0 | O33: =+I33+J33+K33+L33+M33+N33-SUM(P33:Z33) -> 0 | AA33: =+G33*SUM(I33:N33) -> 0 | AB33: 0 | AC33: 0 | AD33: VERDE | AE33: 0
A34: 29 | B34: RHEEM TRANSFERENCIA | C34: EZO / MIRIAM | D34: 82-104895-01 | E34: 0.5 | F34: 0.028 | J34: =IFERROR(VLOOKUP(D34,'[3]Programa produccion Transferenc'!$C:$D,2,0),0) -> 0 | O34: =+I34+J34+K34+L34+M34+N34-SUM(P34:Z34) -> 0 | AA34: =+G34*SUM(I34:N34) -> 0 | AB34: 0 | AC34: 0 | AD34: VERDE | AE34: 0
A35: 30 | B35: RHEEM TRANSFERENCIA | C35: EZO / MIRIAM | D35: 82-104894-09 | E35: 0.5 | F35: 0.028 | I35: 100 | J35: =IFERROR(VLOOKUP(D35,'[3]Programa produccion Transferenc'!$C:$D,2,0),0) -> 0 | O35: =+I35+J35+K35+L35+M35+N35-SUM(P35:Z35) -> 0 | Z35: 100 | AA35: =+G35*SUM(I35:N35) -> 0 | AB35: 0 | AC35: 0 | AD35: VERDE | AE35: 0
A36: 31 | B36: RHEEM TRANSFERENCIA | C36: EZO / MIRIAM | D36: 82-104984-140 | E36: 0.625 | F36: 0.035 | J36: =IFERROR(VLOOKUP(D36,'[3]Programa produccion Transferenc'!$C:$D,2,0),0) -> 1250 | O36: =+I36+J36+K36+L36+M36+N36-SUM(P36:Z36) -> -2412 | R36: 1250 | X36: 1300 | Y36: 1112 | AA36: =+G36*SUM(I36:N36) -> 0 | AB36: 44x41x12 | AC36: 200 | AD36: VERDE | AE36: =+SUM(I36:N36)/AC36 -> 6.25
A37: 32 | B37: RHEEM TRANSFERENCIA | C37: EZO / MIRIAM | D37: 82-104984-116 | E37: 0.625 | F37: 0.035 | I37: 200 | J37: =IFERROR(VLOOKUP(D37,'[3]Programa produccion Transferenc'!$C:$D,2,0),0) -> 1300 | O37: =+I37+J37+K37+L37+M37+N37-SUM(P37:Z37) -> 130 | P37: 1370 | AA37: =+G37*SUM(I37:N37) -> 0 | AB37: 44x41x12 | AC37: 100 | AD37: VERDE | AE37: =+SUM(I37:N37)/AC37 -> 15
A38: 33 | B38: RHEEM TRANSFERENCIA | C38: EZO / MIRIAM | D38: 82-104984-142 | E38: 0.625 | F38: 0.035 | J38: =IFERROR(VLOOKUP(D38,'[3]Programa produccion Transferenc'!$C:$D,2,0),0) -> 1200 | O38: =+I38+J38+K38+L38+M38+N38-SUM(P38:Z38) -> -72 | R38: 1124 | Y38: 148 | AA38: =+G38*SUM(I38:N38) -> 0 | AB38: 44x41x12 | AC38: 100 | AD38: VERDE | AE38: =+SUM(I38:N38)/AC38 -> 12
A39: 34 | B39: RHEEM TRANSFERENCIA | C39: EZO / MIRIAM | D39: 82-104984-114 | E39: 0.75 | F39: 0.035 | J39: =IFERROR(VLOOKUP(D39,'[3]Programa produccion Transferenc'!$C:$D,2,0),0) -> 1300 | O39: =+I39+J39+K39+L39+M39+N39-SUM(P39:Z39) -> 1300 | AA39: =+G39*SUM(I39:N39) -> 0 | AB39: 42X45X20 | AC39: 2000 | AD39: VERDE | AE39: =+SUM(I39:N39)/AC39 -> 0.65
A40: 35 | B40: RHEEM TRANSFERENCIA | C40: EZO / MIRIAM | D40: 82-104984-147 | E40: 0.75 | F40: 0.035 | J40: =IFERROR(VLOOKUP(D40,'[3]Programa produccion Transferenc'!$C:$D,2,0),0) -> 350 | O40: =+I40+J40+K40+L40+M40+N40-SUM(P40:Z40) -> 350 | AA40: =+G40*SUM(I40:N40) -> 0 | AB40: 42X45X20 | AC40: 500 | AD40: VERDE | AE40: =+SUM(I40:N40)/AC40 -> 0.7
A41: 36 | B41: RHEEM TRANSFERENCIA | C41: EZO / MIRIAM | D41: 82-104984-122 | E41: 0.75 | F41: 0.035 | J41: =IFERROR(VLOOKUP(D41,'[3]Programa produccion Transferenc'!$C:$D,2,0),0) -> 0 | O41: =+I41+J41+K41+L41+M41+N41-SUM(P41:Z41) -> 0 | AA41: =+G41*SUM(I41:N41) -> 0 | AB41: 42X45X20 | AC41: 250 | AD41: VERDE | AE41: =+SUM(I41:N41)/AC41 -> 0
A42: 37 | B42: RHEEM TRANSFERENCIA | C42: EZO / MIRIAM | D42: 82-104984-189 | E42: 0.75 | F42: 0.035 | I42: 1400 | J42: =IFERROR(VLOOKUP(D42,'[3]Programa produccion Transferenc'!$C:$D,2,0),0) -> 247 | O42: =+I42+J42+K42+L42+M42+N42-SUM(P42:Z42) -> 1647 | AA42: =+G42*SUM(I42:N42) -> 0 | AB42: 42X45X20 | AC42: 300 | AD42: VERDE | AE42: =+SUM(I42:N42)/AC42 -> 5.49
A43: 38 | B43: RHEEM TRANSFERENCIA | C43: EZO / MIRIAM | D43: 82-104984-190 | E43: 0.75 | F43: 0.035 | I43: 1500 | J43: =IFERROR(VLOOKUP(D43,'[3]Programa produccion Transferenc'!$C:$D,2,0),0) -> 247 | O43: =+I43+J43+K43+L43+M43+N43-SUM(P43:Z43) -> 1747 | AA43: =+G43*SUM(I43:N43) -> 0 | AB43: 42X45X20 | AC43: 300 | AD43: VERDE | AE43: =+SUM(I43:N43)/AC43 -> 5.8233333
A44: 39 | B44: RHEEM TRANSFERENCIA | C44: EZO / MIRIAM | D44: 82-104984-124 | E44: 0.75 | F44: 0.035 | I44: 1000 | J44: =IFERROR(VLOOKUP(D44,'[3]Programa produccion Transferenc'!$C:$D,2,0),0) -> 100 | O44: =+I44+J44+K44+L44+M44+N44-SUM(P44:Z44) -> 1100 | AA44: =+G44*SUM(I44:N44) -> 0 | AB44: 42X45X20 | AC44: 2000 | AD44: VERDE | AE44: =+SUM(I44:N44)/AC44 -> 0.55
A45: 40 | B45: RHEEM TRANSFERENCIA | C45: EZO / MIRIAM | D45: 82-104984-143 | E45: 0.75 | F45: 0.035 | I45: 1400 | J45: =IFERROR(VLOOKUP(D45,'[3]Programa produccion Transferenc'!$C:$D,2,0),0) -> 150 | O45: =+I45+J45+K45+L45+M45+N45-SUM(P45:Z45) -> 1550 | AA45: =+G45*SUM(I45:N45) -> 0 | AB45: 42X45X20 | AC45: 1000 | AD45: VERDE | AE45: =+SUM(I45:N45)/AC45 -> 1.55
A46: 41 | B46: RHEEM TRANSFERENCIA | C46: EZO / MIRIAM | D46: 82-100351-01 | E46: 0.75 | F46: 0.035 | J46: =IFERROR(VLOOKUP(D46,'[3]Programa produccion Transferenc'!$C:$D,2,0),0) -> 0 | O46: =+I46+J46+K46+L46+M46+N46-SUM(P46:Z46) -> 0 | AA46: =+G46*SUM(I46:N46) -> 0 | AB46: 0 | AC46: 0 | AD46: VERDE | AE46: 0
A47: 42 | B47: RHEEM TRANSFERENCIA | C47: EZO / MIRIAM | D47: 82-103227-15 | E47: 0.75 | F47: 0.035 | J47: =IFERROR(VLOOKUP(D47,'[3]Programa produccion Transferenc'!$C:$D,2,0),0) -> 0 | O47: =+I47+J47+K47+L47+M47+N47-SUM(P47:Z47) -> 0 | AA47: =+G47*SUM(I47:N47) -> 0 | AB47: 0 | AC47: 0 | AD47: VERDE | AE47: 0
A48: 43 | B48: RHEEM TRANSFERENCIA | C48: EZO / MIRIAM | D48: 82-100351-02 | E48: 0.75 | F48: 0.035 | J48: =IFERROR(VLOOKUP(D48,'[3]Programa produccion Transferenc'!$C:$D,2,0),0) -> 0 | O48: =+I48+J48+K48+L48+M48+N48-SUM(P48:Z48) -> 0 | AA48: =+G48*SUM(I48:N48) -> 0 | AB48: 0 | AC48: 0 | AD48: VERDE | AE48: 0
A49: 44 | B49: RHEEM TRANSFERENCIA | C49: EZO / MIRIAM | D49: 82-104982-06 | E49: 0.75 | F49: 0.035 | J49: =IFERROR(VLOOKUP(D49,'[3]Programa produccion Transferenc'!$C:$D,2,0),0) -> 0 | O49: =+I49+J49+K49+L49+M49+N49-SUM(P49:Z49) -> 0 | AA49: =+G49*SUM(I49:N49) -> 0 | AB49: 0 | AC49: 0 | AD49: VERDE | AE49: 0
A50: 45 | B50: RHEEM TRANSFERENCIA | C50: EZO / MIRIAM | D50: 82-100797-02 | E50: 0.75 | F50: 0.035 | J50: =IFERROR(VLOOKUP(D50,'[3]Programa produccion Transferenc'!$C:$D,2,0),0) -> 0 | O50: =+I50+J50+K50+L50+M50+N50-SUM(P50:Z50) -> 0 | AA50: =+G50*SUM(I50:N50) -> 0 | AB50: 0 | AC50: 0 | AD50: VERDE | AE50: 0
A51: 46 | B51: RHEEM TRANSFERENCIA | C51: EZO / MIRIAM | D51: 82-100797-01 | E51: 0.75 | F51: 0.035 | J51: =IFERROR(VLOOKUP(D51,'[3]Programa produccion Transferenc'!$C:$D,2,0),0) -> 0 | O51: =+I51+J51+K51+L51+M51+N51-SUM(P51:Z51) -> 0 | AA51: =+G51*SUM(I51:N51) -> 0 | AB51: 0 | AC51: 0 | AD51: VERDE | AE51: 0
A52: 47 | B52: RHEEM TRANSFERENCIA | C52: EZO / MIRIAM | D52: 82-100797-06 | E52: 0.75 | F52: 0.035 | J52: =IFERROR(VLOOKUP(D52,'[3]Programa produccion Transferenc'!$C:$D,2,0),0) -> 0 | O52: =+I52+J52+K52+L52+M52+N52-SUM(P52:Z52) -> 0 | AA52: =+G52*SUM(I52:N52) -> 0 | AB52: 0 | AC52: 0 | AD52: VERDE | AE52: 0
A53: 48 | B53: RHEEM TRANSFERENCIA | C53: EZO / MIRIAM | D53: 82-101183-03 | E53: 0.75 | F53: 0.035 | J53: =IFERROR(VLOOKUP(D53,'[3]Programa produccion Transferenc'!$C:$D,2,0),0) -> 0 | O53: =+I53+J53+K53+L53+M53+N53-SUM(P53:Z53) -> 0 | AA53: =+G53*SUM(I53:N53) -> 0 | AB53: 0 | AC53: 0 | AD53: VERDE | AE53: 0
A54: 49 | B54: RHEEM TRANSFERENCIA | C54: EZO / MIRIAM | D54: 82-104982-02 | E54: 0.75 | F54: 0.035 | J54: =IFERROR(VLOOKUP(D54,'[3]Programa produccion Transferenc'!$C:$D,2,0),0) -> 0 | O54: =+I54+J54+K54+L54+M54+N54-SUM(P54:Z54) -> 0 | AA54: =+G54*SUM(I54:N54) -> 0 | AB54: 0 | AC54: 0 | AD54: VERDE | AE54: 0
A55: 50 | B55: RHEEM TRANSFERENCIA | C55: EZO / MIRIAM | D55: 82-104895-08 | E55: 0.75 | F55: 0.035 | J55: =IFERROR(VLOOKUP(D55,'[3]Programa produccion Transferenc'!$C:$D,2,0),0) -> 0 | O55: =+I55+J55+K55+L55+M55+N55-SUM(P55:Z55) -> 0 | AA55: =+G55*SUM(I55:N55) -> 0 | AB55: 0 | AC55: 0 | AD55: VERDE | AE55: 0
A56: 51 | B56: RHEEM TRANSFERENCIA | C56: EZO / MIRIAM | D56: 82-104982-01 | E56: 0.75 | F56: 0.035 | J56: =IFERROR(VLOOKUP(D56,'[3]Programa produccion Transferenc'!$C:$D,2,0),0) -> 0 | O56: =+I56+J56+K56+L56+M56+N56-SUM(P56:Z56) -> 0 | AA56: =+G56*SUM(I56:N56) -> 0 | AB56: 0 | AC56: 0 | AD56: VERDE | AE56: 0
A57: 52 | B57: RHEEM TRANSFERENCIA | C57: EZO / MIRIAM | D57: 82-104984-120 | E57: 0.875 | F57: 0.045 | J57: =IFERROR(VLOOKUP(D57,'[3]Programa produccion Transferenc'!$C:$D,2,0),0) -> 800 | O57: =+I57+J57+K57+L57+M57+N57-SUM(P57:Z57) -> 100 | X57: 700 | AA57: =+G57*SUM(I57:N57) -> 0 | AB57: 42X45X20 | AC57: 1000 | AD57: VERDE | AE57: =+SUM(I57:N57)/AC57 -> 0.8
A58: 53 | B58: RHEEM TRANSFERENCIA | C58: EZO / MIRIAM | D58: 82-104984-118 | E58: 0.875 | F58: 0.045 | J58: =IFERROR(VLOOKUP(D58,'[3]Programa produccion Transferenc'!$C:$D,2,0),0) -> 950 | O58: =+I58+J58+K58+L58+M58+N58-SUM(P58:Z58) -> 69 | X58: 881 | AA58: =+G58*SUM(I58:N58) -> 0 | AB58: 42x45x20 | AC58: 200 | AD58: VERDE | AE58: =+SUM(I58:N58)/AC58 -> 4.75
A59: 54 | B59: RHEEM TRANSFERENCIA | C59: EZO / MIRIAM | D59: 82-104984-149 | E59: 0.875 | F59: 0.045 | J59: =IFERROR(VLOOKUP(D59,'[3]Programa produccion Transferenc'!$C:$D,2,0),0) -> 300 | O59: =+I59+J59+K59+L59+M59+N59-SUM(P59:Z59) -> 300 | AA59: =+G59*SUM(I59:N59) -> 0 | AB59: 42X45X20 | AC59: 1000 | AD59: VERDE | AE59: =+SUM(I59:N59)/AC59 -> 0.3
A60: 55 | B60: RHEEM TRANSFERENCIA | C60: EZO / MIRIAM | D60: 82-104984-148 | E60: 0.875 | F60: 0.045 | I60: 100 | J60: =IFERROR(VLOOKUP(D60,'[3]Programa produccion Transferenc'!$C:$D,2,0),0) -> 0 | O60: =+I60+J60+K60+L60+M60+N60-SUM(P60:Z60) -> 100 | AA60: =+G60*SUM(I60:N60) -> 0 | AB60: 42x45x20 | AC60: 500 | AD60: VERDE | AE60: =+SUM(I60:N60)/AC60 -> 0.2
A61: 56 | B61: RHEEM TRANSFERENCIA | C61: EZO / MIRIAM | D61: 82-104984-156 | E61: 0.875 | F61: 0.045 | J61: =IFERROR(VLOOKUP(D61,'[3]Programa produccion Transferenc'!$C:$D,2,0),0) -> 500 | O61: =+I61+J61+K61+L61+M61+N61-SUM(P61:Z61) -> 500 | AA61: =+G61*SUM(I61:N61) -> 0 | AB61: 42X45X20 | AC61: 1000 | AD61: VERDE | AE61: =+SUM(I61:N61)/AC61 -> 0.5
A62: 57 | B62: RHEEM TRANSFERENCIA | C62: EZO / MIRIAM | D62: 82-104984-126 | E62: 0.875 | F62: 0.045 | J62: =IFERROR(VLOOKUP(D62,'[3]Programa produccion Transferenc'!$C:$D,2,0),0) -> 550 | O62: =+I62+J62+K62+L62+M62+N62-SUM(P62:Z62) -> 17 | Y62: 533 | AA62: =+G62*SUM(I62:N62) -> 0 | AB62: 42x45x20 | AC62: 200 | AD62: VERDE | AE62: =+SUM(I62:N62)/AC62 -> 2.75
A63: 58 | B63: RHEEM TRANSFERENCIA | C63: EZO / MIRIAM | D63: 82-104984-191 | E63: 0.875 | F63: 0.045 | J63: =IFERROR(VLOOKUP(D63,'[3]Programa produccion Transferenc'!$C:$D,2,0),0) -> 518 | O63: =+I63+J63+K63+L63+M63+N63-SUM(P63:Z63) -> 518 | AA63: =+G63*SUM(I63:N63) -> 0 | AB63: 42x45x20 | AC63: 500 | AD63: VERDE | AE63: =+SUM(I63:N63)/AC63 -> 1.036
A64: 59 | B64: RHEEM TRANSFERENCIA | C64: EZO / MIRIAM | D64: 82-108426-01 | E64: 0.875 | F64: 0.045 | J64: =IFERROR(VLOOKUP(D64,'[3]Programa produccion Transferenc'!$C:$D,2,0),0) -> 0 | O64: =+I64+J64+K64+L64+M64+N64-SUM(P64:Z64) -> 0 | AA64: =+G64*SUM(I64:N64) -> 0 | AB64: 0 | AC64: 0 | AD64: VERDE | AE64: 0
A65: 60 | B65: RHEEM TRANSFERENCIA | C65: EZO / MIRIAM | D65: 82-100351-03 | E65: 0.875 | F65: 0.045 | J65: =IFERROR(VLOOKUP(D65,'[3]Programa produccion Transferenc'!$C:$D,2,0),0) -> 0 | O65: =+I65+J65+K65+L65+M65+N65-SUM(P65:Z65) -> 0 | AA65: =+G65*SUM(I65:N65) -> 0 | AB65: 0 | AC65: 0 | AD65: VERDE | AE65: 0
A66: 61 | B66: RHEEM TRANSFERENCIA | C66: EZO / MIRIAM | D66: 82-108451-01 | E66: 0.875 | F66: 0.045 | J66: =IFERROR(VLOOKUP(D66,'[3]Programa produccion Transferenc'!$C:$D,2,0),0) -> 0 | O66: =+I66+J66+K66+L66+M66+N66-SUM(P66:Z66) -> 0 | AA66: =+G66*SUM(I66:N66) -> 0 | AB66: 0 | AC66: 0 | AD66: VERDE | AE66: 0
A67: 62 | B67: RHEEM TRANSFERENCIA | C67: EZO / MIRIAM | D67: 82-108430-01 | E67: 0.875 | F67: 0.045 | J67: =IFERROR(VLOOKUP(D67,'[3]Programa produccion Transferenc'!$C:$D,2,0),0) -> 0 | O67: =+I67+J67+K67+L67+M67+N67-SUM(P67:Z67) -> 0 | AA67: =+G67*SUM(I67:N67) -> 0 | AB67: 42x45x20 | AC67: 200 | AD67: VERDE | AE67: =+SUM(I67:N67)/AC67 -> 0
A68: 63 | B68: RHEEM TRANSFERENCIA | C68: EZO / MIRIAM | D68: 82-100797-04 | E68: 0.875 | F68: 0.045 | J68: =IFERROR(VLOOKUP(D68,'[3]Programa produccion Transferenc'!$C:$D,2,0),0) -> 0 | O68: =+I68+J68+K68+L68+M68+N68-SUM(P68:Z68) -> 0 | AA68: =+G68*SUM(I68:N68) -> 0 | AB68: 0 | AC68: 0 | AD68: VERDE | AE68: 0
A69: 64 | B69: RHEEM TRANSFERENCIA | C69: EZO / MIRIAM | D69: 82-100351-04 | E69: 0.875 | F69: 0.045 | I69: 600 | J69: =IFERROR(VLOOKUP(D69,'[3]Programa produccion Transferenc'!$C:$D,2,0),0) -> 0 | O69: =+I69+J69+K69+L69+M69+N69-SUM(P69:Z69) -> 0 | Z69: 600 | AA69: =+G69*SUM(I69:N69) -> 0 | AB69: 0 | AC69: 0 | AD69: VERDE | AE69: 0
A70: 65 | B70: RHEEM TRANSFERENCIA | C70: EZO / MIRIAM | D70: 82-108430-03 | E70: 0.875 | F70: 0.045 | J70: =IFERROR(VLOOKUP(D70,'[3]Programa produccion Transferenc'!$C:$D,2,0),0) -> 0 | O70: =+I70+J70+K70+L70+M70+N70-SUM(P70:Z70) -> 0 | AA70: =+G70*SUM(I70:N70) -> 0 | AB70: 42x45x20 | AC70: 200 | AD70: VERDE | AE70: =+SUM(I70:N70)/AC70 -> 0
A71: 66 | B71: RHEEM TRANSFERENCIA | C71: EZO / MIRIAM | D71: 82-104984-46 | E71: 0.875 | F71: 0.045 | J71: =IFERROR(VLOOKUP(D71,'[3]Programa produccion Transferenc'!$C:$D,2,0),0) -> 0 | O71: =+I71+J71+K71+L71+M71+N71-SUM(P71:Z71) -> 0 | AA71: =+G71*SUM(I71:N71) -> 0 | AB71: 42x45x20 | AC71: 500 | AD71: VERDE | AE71: =+SUM(I71:N71)/AC71 -> 0
A72: 67 | B72: RHEEM TRANSFERENCIA | C72: EZO / MIRIAM | D72: 82-104984-216 | E72: 0.875 | F72: 0.045 | J72: =IFERROR(VLOOKUP(D72,'[3]Programa produccion Transferenc'!$C:$D,2,0),0) -> 0 | O72: =+I72+J72+K72+L72+M72+N72-SUM(P72:Z72) -> 0 | AA72: =+G72*SUM(I72:N72) -> 0 | AB72: 42x45x20 | AC72: 200 | AD72: VERDE | AE72: =+SUM(I72:N72)/AC72 -> 0
A73: 68 | B73: RHEEM TRANSFERENCIA | C73: EZO / MIRIAM | D73: 82-101183-04 | E73: 0.875 | F73: 0.045 | J73: =IFERROR(VLOOKUP(D73,'[3]Programa produccion Transferenc'!$C:$D,2,0),0) -> 0 | O73: =+I73+J73+K73+L73+M73+N73-SUM(P73:Z73) -> 0 | AA73: =+G73*SUM(I73:N73) -> 0 | AB73: 0 | AC73: 0 | AD73: VERDE | AE73: 0
A74: 69 | B74: RHEEM TRANSFERENCIA | C74: EZO / MIRIAM | D74: 82-104982-04 | E74: 0.875 | F74: 0.045 | J74: =IFERROR(VLOOKUP(D74,'[3]Programa produccion Transferenc'!$C:$D,2,0),0) -> 0 | O74: =+I74+J74+K74+L74+M74+N74-SUM(P74:Z74) -> 0 | AA74: =+G74*SUM(I74:N74) -> 0 | AB74: 0 | AC74: 0 | AD74: VERDE | AE74: 0
A75: 70 | B75: RHEEM TRANSFERENCIA | C75: EZO / MIRIAM | D75: 82-104982-05 | E75: 0.875 | F75: 0.045 | I75: 100 | J75: =IFERROR(VLOOKUP(D75,'[3]Programa produccion Transferenc'!$C:$D,2,0),0) -> 0 | O75: =+I75+J75+K75+L75+M75+N75-SUM(P75:Z75) -> 0 | Z75: 100 | AA75: =+G75*SUM(I75:N75) -> 0 | AB75: 0 | AC75: 0 | AD75: VERDE | AE75: 0
A76: 71 | B76: RHEEM TRANSFERENCIA | C76: EZO / MIRIAM | D76: 82-103015-09 | E76: 0.875 | F76: 0.045 | J76: =IFERROR(VLOOKUP(D76,'[3]Programa produccion Transferenc'!$C:$D,2,0),0) -> 0 | O76: =+I76+J76+K76+L76+M76+N76-SUM(P76:Z76) -> 0 | AA76: =+G76*SUM(I76:N76) -> 0 | AB76: 0 | AC76: 0 | AD76: VERDE | AE76: 0
A77: 72 | B77: RHEEM TRANSFERENCIA | C77: EZO / MIRIAM | D77: 82-106374-02 | E77: 0.875 | F77: 0.045 | J77: =IFERROR(VLOOKUP(D77,'[3]Programa produccion Transferenc'!$C:$D,2,0),0) -> 0 | O77: =+I77+J77+K77+L77+M77+N77-SUM(P77:Z77) -> 0 | AA77: =+G77*SUM(I77:N77) -> 0 | AB77: 0 | AC77: 0 | AD77: VERDE | AE77: 0
A78: 73 | B78: RHEEM TRANSFERENCIA | C78: EZO / MIRIAM | D78: 82-104982-08 | E78: 0.875 | F78: 0.045 | J78: =IFERROR(VLOOKUP(D78,'[3]Programa produccion Transferenc'!$C:$D,2,0),0) -> 0 | O78: =+I78+J78+K78+L78+M78+N78-SUM(P78:Z78) -> 0 | AA78: =+G78*SUM(I78:N78) -> 0 | AB78: 0 | AC78: 0 | AD78: VERDE | AE78: 0
A79: 74 | B79: RHEEM TRANSFERENCIA | C79: EZO / MIRIAM | D79: 82-100797-05 | E79: 0.875 | F79: 0.045 | J79: =IFERROR(VLOOKUP(D79,'[3]Programa produccion Transferenc'!$C:$D,2,0),0) -> 0 | O79: =+I79+J79+K79+L79+M79+N79-SUM(P79:Z79) -> 0 | AA79: =+G79*SUM(I79:N79) -> 0 | AB79: 0 | AC79: 0 | AD79: VERDE | AE79: 0
A80: 75 | B80: RHEEM TRANSFERENCIA | C80: EZO / MIRIAM | D80: 82-104982-03 | E80: 0.875 | F80: 0.045 | J80: =IFERROR(VLOOKUP(D80,'[3]Programa produccion Transferenc'!$C:$D,2,0),0) -> 0 | O80: =+I80+J80+K80+L80+M80+N80-SUM(P80:Z80) -> 0 | AA80: =+G80*SUM(I80:N80) -> 0 | AB80: 0 | AC80: 0 | AD80: VERDE | AE80: 0
A81: 76 | B81: RHEEM TRANSFERENCIA | C81: EZO / MIRIAM | D81: 82-101183-16 | E81: 0.875 | F81: 0.045 | J81: =IFERROR(VLOOKUP(D81,'[3]Programa produccion Transferenc'!$C:$D,2,0),0) -> 0 | O81: =+I81+J81+K81+L81+M81+N81-SUM(P81:Z81) -> 0 | AA81: =+G81*SUM(I81:N81) -> 0 | AB81: 0 | AC81: 0 | AD81: VERDE | AE81: 0
A82: 77 | B82: RHEEM TRANSFERENCIA | C82: EZO / MIRIAM | D82: 82-104895-09 | E82: 0.875 | F82: 0.045 | J82: =IFERROR(VLOOKUP(D82,'[3]Programa produccion Transferenc'!$C:$D,2,0),0) -> 0 | O82: =+I82+J82+K82+L82+M82+N82-SUM(P82:Z82) -> 0 | AA82: =+G82*SUM(I82:N82) -> 0 | AB82: 0 | AC82: 0 | AD82: VERDE | AE82: 0
A83: 78 | B83: RHEEM TRANSFERENCIA | C83: EZO / MIRIAM | D83: 82-109836-01 | E83: 0.875 | F83: 0.045 | J83: =IFERROR(VLOOKUP(D83,'[3]Programa produccion Transferenc'!$C:$D,2,0),0) -> 0 | O83: =+I83+J83+K83+L83+M83+N83-SUM(P83:Z83) -> 0 | AA83: =+G83*SUM(I83:N83) -> 0 | AB83: 0 | AC83: 0 | AD83: VERDE | AE83: 0
A84: 79 | B84: RHEEM FALCON | C84: EZO / MIRIAM | D84: 82-109026-21 | E84: 0.25 | J84: =IFERROR(VLOOKUP(D84,'[3]Programa produccion Transferenc'!$C:$D,2,0),0) -> 0 | O84: =+I84+J84+K84+L84+M84+N84-SUM(P84:Z84) -> -630 | P84: 630 | AA84: =+G84*SUM(I84:N84) -> 0 | AB84: 12.5X12.5X12.5 | AC84: 200 | AD84: NARANJA | AE84: =+SUM(I84:N84)/AC84 -> 0
A85: 80 | B85: RHEEM FALCON | C85: EZO / MIRIAM | D85: 82-109026-22 | E85: 0.25 | J85: =IFERROR(VLOOKUP(D85,'[3]Programa produccion Transferenc'!$C:$D,2,0),0) -> 0 | O85: =+I85+J85+K85+L85+M85+N85-SUM(P85:Z85) -> -1300 | P85: 1300 | AA85: =+G85*SUM(I85:N85) -> 0 | AB85: 12.5X12.5X12.5 | AC85: 200 | AD85: NARANJA | AE85: =+SUM(I85:N85)/AC85 -> 0
A86: 81 | B86: RHEEM FALCON | C86: EZO / MIRIAM | D86: 82-110968-01 | E86: 0.25 | J86: =IFERROR(VLOOKUP(D86,'[3]Programa produccion Transferenc'!$C:$D,2,0),0) -> 0 | O86: =+I86+J86+K86+L86+M86+N86-SUM(P86:Z86) -> 0 | AA86: =+G86*SUM(I86:N86) -> 0 | AB86: 12.5X12.5X12.5 | AC86: 200 | AD86: NARANJA | AE86: =+SUM(I86:N86)/AC86 -> 0
A87: 82 | B87: RHEEM FALCON | C87: EZO / MIRIAM | D87: 82-105077-15 | E87: 0.375 | J87: =IFERROR(VLOOKUP(D87,'[3]Programa produccion Transferenc'!$C:$D,2,0),0) -> 0 | O87: =+I87+J87+K87+L87+M87+N87-SUM(P87:Z87) -> 0 | AA87: =+G87*SUM(I87:N87) -> 0 | AB87: 0 | AC87: 0 | AD87: NARANJA | AE87: 0
A88: 83 | B88: RHEEM FALCON | C88: EZO / MIRIAM | D88: 82-105077-16 | E88: 0.375 | J88: =IFERROR(VLOOKUP(D88,'[3]Programa produccion Transferenc'!$C:$D,2,0),0) -> 0 | O88: =+I88+J88+K88+L88+M88+N88-SUM(P88:Z88) -> 0 | AA88: =+G88*SUM(I88:N88) -> 0 | AB88: 0 | AC88: 0 | AD88: NARANJA | AE88: 0
A89: 84 | B89: RHEEM FALCON | C89: EZO / MIRIAM | D89: 82-105077-17 | E89: 0.375 | J89: =IFERROR(VLOOKUP(D89,'[3]Programa produccion Transferenc'!$C:$D,2,0),0) -> 0 | O89: =+I89+J89+K89+L89+M89+N89-SUM(P89:Z89) -> 0 | AA89: =+G89*SUM(I89:N89) -> 0 | AB89: 0 | AC89: 0 | AD89: NARANJA | AE89: 0
A90: 85 | B90: RHEEM FALCON | C90: EZO / MIRIAM | D90: 82-105077-18 | E90: 0.375 | J90: =IFERROR(VLOOKUP(D90,'[3]Programa produccion Transferenc'!$C:$D,2,0),0) -> 0 | O90: =+I90+J90+K90+L90+M90+N90-SUM(P90:Z90) -> 0 | AA90: =+G90*SUM(I90:N90) -> 0 | AB90: 0 | AC90: 0 | AD90: NARANJA | AE90: 0
A91: 86 | B91: RHEEM FALCON | C91: EZO / MIRIAM | D91: 82-104985-49 | E91: 0.5 | J91: =IFERROR(VLOOKUP(D91,'[3]Programa produccion Transferenc'!$C:$D,2,0),0) -> 0 | O91: =+I91+J91+K91+L91+M91+N91-SUM(P91:Z91) -> 0 | AA91: =+G91*SUM(I91:N91) -> 0 | AB91: 30X20X7 | AC91: 100 | AD91: NARANJA | AE91: =+SUM(I91:N91)/AC91 -> 0
A92: 87 | B92: RHEEM FALCON | C92: EZO / MIRIAM | D92: 82-104985-52 | E92: 0.5 | J92: =IFERROR(VLOOKUP(D92,'[3]Programa produccion Transferenc'!$C:$D,2,0),0) -> 0 | O92: =+I92+J92+K92+L92+M92+N92-SUM(P92:Z92) -> 0 | AA92: =+G92*SUM(I92:N92) -> 0 | AB92: 30X20X7 | AC92: 200 | AD92: NARANJA | AE92: =+SUM(I92:N92)/AC92 -> 0
A93: 88 | B93: RHEEM FALCON | C93: EZO / MIRIAM | D93: 82-104985-53 | E93: 0.5 | J93: =IFERROR(VLOOKUP(D93,'[3]Programa produccion Transferenc'!$C:$D,2,0),0) -> 0 | O93: =+I93+J93+K93+L93+M93+N93-SUM(P93:Z93) -> 0 | AA93: =+G93*SUM(I93:N93) -> 0 | AB93: 30X20X7 | AC93: 200 | AD93: NARANJA | AE93: =+SUM(I93:N93)/AC93 -> 0
A94: 89 | B94: RHEEM FALCON | C94: EZO / MIRIAM | D94: 82-104985-54 | E94: 0.5 | J94: =IFERROR(VLOOKUP(D94,'[3]Programa produccion Transferenc'!$C:$D,2,0),0) -> 0 | O94: =+I94+J94+K94+L94+M94+N94-SUM(P94:Z94) -> 0 | AA94: =+G94*SUM(I94:N94) -> 0 | AB94: 30X20X7 | AC94: 200 | AD94: NARANJA | AE94: =+SUM(I94:N94)/AC94 -> 0
A95: 90 | B95: RHEEM FALCON | C95: EZO / MIRIAM | D95: 82-104985-55 | E95: 0.5 | J95: =IFERROR(VLOOKUP(D95,'[3]Programa produccion Transferenc'!$C:$D,2,0),0) -> 0 | O95: =+I95+J95+K95+L95+M95+N95-SUM(P95:Z95) -> 0 | AA95: =+G95*SUM(I95:N95) -> 0 | AB95: 30X20X7 | AC95: 200 | AD95: NARANJA | AE95: =+SUM(I95:N95)/AC95 -> 0
A96: 91 | B96: RHEEM FALCON | C96: EZO / MIRIAM | D96: 82-110939-01 | E96: 0.5 | I96: 400 | J96: =IFERROR(VLOOKUP(D96,'[3]Programa produccion Transferenc'!$C:$D,2,0),0) -> 0 | O96: =+I96+J96+K96+L96+M96+N96-SUM(P96:Z96) -> -40 | V96: 440 | AA96: =+G96*SUM(I96:N96) -> 0 | AB96: 30X20X7 | AC96: 200 | AD96: NARANJA | AE96: =+SUM(I96:N96)/AC96 -> 2
A97: 92 | B97: RHEEM FALCON | C97: EZO / MIRIAM | D97: 82-110939-02 | E97: 0.5 | J97: =IFERROR(VLOOKUP(D97,'[3]Programa produccion Transferenc'!$C:$D,2,0),0) -> 0 | O97: =+I97+J97+K97+L97+M97+N97-SUM(P97:Z97) -> 0 | AA97: =+G97*SUM(I97:N97) -> 0 | AB97: 30X20X7 | AC97: 200 | AD97: NARANJA | AE97: =+SUM(I97:N97)/AC97 -> 0
A98: 93 | B98: RHEEM FALCON | C98: EZO / MIRIAM | D98: 82-104984-249 | E98: 0.625 | J98: =IFERROR(VLOOKUP(D98,'[3]Programa produccion Transferenc'!$C:$D,2,0),0) -> 0 | O98: =+I98+J98+K98+L98+M98+N98-SUM(P98:Z98) -> 0 | AA98: =+G98*SUM(I98:N98) -> 0 | AB98: 30X20X7 | AC98: 150 | AD98: NARANJA | AE98: =+SUM(I98:N98)/AC98 -> 0
A99: 94 | B99: RHEEM FALCON | C99: EZO / MIRIAM | D99: 82-104984-250 | E99: 0.625 | J99: =IFERROR(VLOOKUP(D99,'[3]Programa produccion Transferenc'!$C:$D,2,0),0) -> 0 | O99: =+I99+J99+K99+L99+M99+N99-SUM(P99:Z99) -> 0 | AA99: =+G99*SUM(I99:N99) -> 0 | AB99: 30X20X7 | AC99: 150 | AD99: NARANJA | AE99: =+SUM(I99:N99)/AC99 -> 0
A100: 95 | B100: RHEEM FALCON | C100: EZO / MIRIAM | D100: 82-104984-252 | E100: 0.625 | J100: =IFERROR(VLOOKUP(D100,'[3]Programa produccion Transferenc'!$C:$D,2,0),0) -> 0 | O100: =+I100+J100+K100+L100+M100+N100-SUM(P100:Z100) -> 0 | AA100: =+G100*SUM(I100:N100) -> 0 | AB100: 30X20X7 | AC100: 150 | AD100: NARANJA | AE100: =+SUM(I100:N100)/AC100 -> 0
A101: 96 | B101: RHEEM FALCON | C101: EZO / MIRIAM | D101: 82-104984-255 | E101: 0.625 | J101: =IFERROR(VLOOKUP(D101,'[3]Programa produccion Transferenc'!$C:$D,2,0),0) -> 0 | O101: =+I101+J101+K101+L101+M101+N101-SUM(P101:Z101) -> 0 | AA101: =+G101*SUM(I101:N101) -> 0 | AB101: 30X20X7 | AC101: 150 | AD101: NARANJA | AE101: =+SUM(I101:N101)/AC101 -> 0
...

Sheet SEMANA 34 OK
B2: DÍA | C2: TURNO
B3: =TODAY() -> 46308 | C3: A | D3: X | I3: PROGRAMA
C4: B | I4: SEMANA | J4: Convertirlo a horas | P4: 46251 | R4: 46252 | T4: 46253 | V4: 46254 | X4: 46255 | Z4: Ag1
B5: CLIENTE | C5: DESTINO | D5: NÚMERO DE PARTE | E5: DIAMETRO | F5: PARED | G5: PESO | H5: PRECIO | I5: W35 | J5: W34 | K5: Ag2 | L5: Ag3 | M5: Ag4 | O5: BALANCE | P5: A | Q5: B | R5: A | S5: B | T5: A | U5: B | V5: A | W5: B | X5: A | Y5: B | Z5: AYB | AA5: KG | AB5: CAJA | AC5: CANT. X CAJA | AD5: HOJA COLOR | AE5: TOTAL CAJAS | AG5: Row Labels | AH5: Sum of TOTAL CAJAS
A6: 1 | B6: RHEEM TRANSFERENCIA | C6: EZO / MIRIAM | D6: 82-104987-15 | E6: 0.25 | F6: 0.028 | I6: 0 | O6: =+I6+J6+K6+L6+M6+N6-SUM(P6:Z6) -> 0 | AA6: =+G6*SUM(I6:N6) -> 0 | AB6: 12.5X12.5X12.5 | AC6: 150 | AD6: VERDE | AE6: =+SUM(I6:N6)/AC6 -> 0 | AG6: 0 | AH6: 0
A7: 2 | B7: RHEEM TRANSFERENCIA | C7: EZO / MIRIAM | D7: 82-104987-13 | E7: 0.25 | F7: 0.028 | I7: 950 | O7: =+I7+J7+K7+L7+M7+N7-SUM(P7:Z7) -> -50 | P7: 1000 | AA7: =+G7*SUM(I7:N7) -> 0 | AB7: 12.5X12.5X12.5 | AC7: 200 | AD7: VERDE | AE7: =+SUM(I7:N7)/AC7 -> 4.75 | AG7: 12.5X12.5X12.5 | AH7: 52
A8: 3 | B8: RHEEM TRANSFERENCIA | C8: EZO / MIRIAM | D8: 82-104987-14 | E8: 0.25 | F8: 0.028 | I8: 1500 | O8: =+I8+J8+K8+L8+M8+N8-SUM(P8:Z8) -> -50 | P8: 1550 | AA8: =+G8*SUM(I8:N8) -> 0 | AB8: 12.5X12.5X12.5 | AC8: 200 | AD8: VERDE | AE8: =+SUM(I8:N8)/AC8 -> 7.5 | AG8: 25x20x12.5 | AH8: 0
A9: 4 | B9: RHEEM TRANSFERENCIA | C9: EZO / MIRIAM | D9: 82-104986-88 | E9: 0.375 | F9: 0.028 | I9: 247 | J9: 300 | O9: =+I9+J9+K9+L9+M9+N9-SUM(P9:Z9) -> -774 | P9: 300 | T9: 350 | U9: 671 | AA9: =+G9*SUM(I9:N9) -> 0 | AB9: 12.5X12.5X12.5 | AC9: 100 | AD9: VERDE | AE9: =+SUM(I9:N9)/AC9 -> 5.47 | AG9: 30X20X7 | AH9: 116
A10: 5 | B10: RHEEM TRANSFERENCIA | C10: EZO / MIRIAM | D10: 82-104986-61 | E10: 0.375 | F10: 0.028 | I10: 800 | O10: =+I10+J10+K10+L10+M10+N10-SUM(P10:Z10) -> 55 | R10: 300 | S10: 130 | T10: 315 | AA10: =+G10*SUM(I10:N10) -> 0 | AB10: 12.5X12.5X12.5 | AC10: 150 | AD10: VERDE | AE10: =+SUM(I10:N10)/AC10 -> 5.3333333 | AG10: 42X45X20 | AH10: 2
