Workbook

Sheet HELIAN
C2: LENNOX
B6: REPORTE DE PIEZAS MAQUINAS INTEGRADORAS (HELIAN)
B8: CLIENTE | C8: DESTINO | D8: NÚMERO DE PARTE | E8: DIAMETRO | F8: CANTIDAD | I8: CLIENTE | J8: DESTINO | K8: NÚMERO DE PARTE | L8: DIAMETRO | M8: CANTIDAD
B9: LENNOX 1 | C9: SAIRA MORALES | D9: 625994-01 | E9: A - 3/8 | I9: LENNOX 1 | J9: SAIRA MORALES | K9: 626962-01 | L9: C - 3/4
B10: LENNOX 1 | C10: SAIRA MORALES | D10: 627512-01 | E10: A - 3/8 | I10: LENNOX 1 | J10: SAIRA MORALES | K10: 619770-01 | L10: C - 3/4
B11: LENNOX 1 | C11: SAIRA MORALES | D11: 625967-01 | E11: A - 3/8 | I11: LENNOX 1 | J11: SAIRA MORALES | K11: 618685-01 | L11: C - 3/4
B12: LENNOX 1 | C12: SAIRA MORALES | D12: 626309-01 | E12: A - 3/8 | I12: LENNOX 1 | J12: SAIRA MORALES | K12: 627106-01 | L12: C - 3/4
B13: LENNOX 1 | C13: SAIRA MORALES | D13: 625890-01 | E13: A - 3/8 | I13: LENNOX 1 | J13: SAIRA MORALES | K13: 626967-01 | L13: C - 3/4
B14: LENNOX 1 | C14: SAIRA MORALES | D14: 615991-01 | E14: A - 3/8 | I14: LENNOX 1 | J14: SAIRA MORALES | K14: 618927-01 | L14: C - 7/8
B15: LENNOX 1 | C15: SAIRA MORALES | D15: 626164-01 | E15: A - 3/8 | I15: LENNOX 1 | J15: SAIRA MORALES | K15: 624302-01 | L15: C - 7/8
I16: LENNOX 1 | J16: SAIRA MORALES | K16: 626978-01 | L16: C - 7/8
B17: LENNOX 1 | C17: SAIRA MORALES | D17: 626121-01 | E17: C - 3/8 | I17: LENNOX 1 | J17: SAIRA MORALES | K17: 618887-01 | L17: C - 7/8
B18: LENNOX 1 | C18: SAIRA MORALES | D18: 625995-01 | E18: C - 3/8 | I18: LENNOX 1 | J18: SAIRA MORALES | K18: 626998-01 | L18: C - 7/8
B19: LENNOX 1 | C19: SAIRA MORALES | D19: 615380-01 | E19: C - 3/8
B20: LENNOX 1 | C20: SAIRA MORALES | D20: 625922-01 | E20: C - 3/8 | I20: LENNOX 1 | J20: SAIRA MORALES | K20: 614166-01 | L20: SOLDADURA 3/4
B21: LENNOX 1 | C21: SAIRA MORALES | D21: 627511-01 | E21: C - 3/8 | I21: LENNOX 1 | J21: SAIRA MORALES | K21: 626798-01 | L21: SOLDADURA 3/4
B22: LENNOX 1 | C22: SAIRA MORALES | D22: 626308-01 | E22: C - 3/8 | I22: LENNOX 1 | J22: SAIRA MORALES | K22: 626430-01 | L22: SOLDADURA 3/4
I23: LENNOX 1 | J23: SAIRA MORALES | K23: 626581-01 | L23: SOLDADURA 3/4
B24: LENNOX 1 | C24: SAIRA MORALES | D24: 626467-01 | E24: C - 1/2 | I24: LENNOX 1 | J24: SAIRA MORALES | K24: 626798-02 | L24: SOLDADURA 3/4
B25: LENNOX 1 | C25: SAIRA MORALES | D25: 626473-01 | E25: C - 1/2 | I25: LENNOX 1 | J25: SAIRA MORALES | K25: 626581-04 | L25: SOLDADURA 3/4
B26: LENNOX 1 | C26: SAIRA MORALES | D26: 627051-01 | E26: C - 1/2 | I26: LENNOX 1 | J26: SAIRA MORALES | K26: 101777-01 | L26: SOLDADURA 3/4
B27: LENNOX 1 | C27: SAIRA MORALES | D27: 627186-01 | E27: C - 1/2 | I27: LENNOX 1 | J27: SAIRA MORALES | K27: 626581-02 | L27: SOLDADURA 3/4
B28: LENNOX 1 | C28: SAIRA MORALES | D28: 627041-01 | E28: C - 1/2 | I28: LENNOX 1 | J28: SAIRA MORALES | K28: 613781-01 | L28: SOLDADURA 3/4
B29: LENNOX 1 | C29: SAIRA MORALES | D29: 625151-01 | E29: C - 1/2 | I29: LENNOX 1 | J29: SAIRA MORALES | K29: 626798-03 | L29: SOLDADURA 3/4
B30: LENNOX 1 | C30: SAIRA MORALES | D30: 626794-01 | E30: C - 1/2 | I30: LENNOX 1 | J30: SAIRA MORALES | K30: 626581-05 | L30: SOLDADURA 7/8
B31: LENNOX 1 | C31: SAIRA MORALES | D31: 618748-01 | E31: C - 1/2 | I31: LENNOX 1 | J31: SAIRA MORALES | K31: 606820-03 | L31: SOLDADURA 7/8
B32: LENNOX 1 | C32: SAIRA MORALES | D32: 626532-01 | E32: C - 1/2 | I32: LENNOX 1 | J32: SAIRA MORALES | K32: 626432-01 | L32: SOLDADURA 7/8
B33: LENNOX 1 | C33: SAIRA MORALES | D33: 626391-01 | E33: C - 1/2 | I33: LENNOX 1 | J33: SAIRA MORALES | K33: 626581-08 | L33: SOLDADURA 7/8
B34: LENNOX 1 | C34: SAIRA MORALES | D34: 613544-01 | E34: C - 1/2 | I34: LENNOX 1 | J34: SAIRA MORALES | K34: 626581-11 | L34: SOLDADURA 7/8
B35: LENNOX 1 | C35: SAIRA MORALES | D35: 627101-01 | E35: C - 1/2 | I35: LENNOX 1 | J35: SAIRA MORALES | K35: 626434-01 | L35: SOLDADURA 7/8
... B39: LENNOX 1 | C39: SAIRA MORALES | D39: 627046-01 | E39: C - 1/2 | I39: LENNOX 1 | J39: SAIRA MORALES | K39: 626429-01 | L39: SOLDADURA 7/8
B40: LENNOX 1 | C40: SAIRA MORALES | D40: MXLB-112323 | E40: C - 1/2
B41: LENNOX 1 | C41: SAIRA MORALES | D41: 626471-01 | E41: C - 1/2
B42: LENNOX 1 | C42: SAIRA MORALES | D42: 626472-01 | E42: C - 1/2
B43: LENNOX 1 | C43: SAIRA MORALES | D43: 626433-01 | E43: C - 1/2
B44: LENNOX 1 | C44: SAIRA MORALES | D44: 627175-01 | E44: C - 1/2
B45: LENNOX 1 | C45: SAIRA MORALES | D45: 627021-01 | E45: C - 1/2
B46: LENNOX 1 | C46: SAIRA MORALES | D46: 613366-01 | E46: C - 1/2
B47: LENNOX 1 | C47: SAIRA MORALES | D47: 613569-01 | E47: C - 1/2
B48: LENNOX 1 | C48: SAIRA MORALES | D48: 626310-01 | E48: C - 1/2
B49: LENNOX 1 | C49: SAIRA MORALES | D49: 613556-01 | E49: C - 1/2
B50: LENNOX 1 | C50: SAIRA MORALES | D50: 613472-01 | E50: C - 1/2
B51: LENNOX 1 | C51: SAIRA MORALES | D51: 615112-01 | E51: C - 1/2
... B53: LENNOX 1 | C53: SAIRA MORALES | D53: 626873-01 | E53: C - 1/2
B58: FECHA: | E58: LÍNEA: | H58: TURNO: | K58: COORDINADOR:

Sheet SEMANA 29,30
B2: DÍA | C2: TURNO
B3: =TODAY() -> 46309 | C3: A | D3: X | H3: PROGRAMA
C4: B | H4: SEMANA | O4: 46209 | Q4: 46210 | S4: 46211 | U4: 46212 | W4: 46213 | Y4: 46216 | AA4: 46217 | AC4: 46218 | AE4: 46219 | AG4: 46220 | AI4: Ag1
B5: CLIENTE | C5: DESTINO | D5: NÚMERO DE PARTE | E5: DIAMETRO | F5: PARED | G5: PESO | H5: 29,30 | I5: S30 | J5: Ag2 | K5: Ag3 | L5: Ag4 | M5: Ag5 | N5: BALANCE | O5: A | P5: B | Q5: A | R5: B | S5: A | T5: B | U5: A | V5: B | W5: A | X5: B | Y5: A | Z5: B | AA5: A | AB5: B | AC5: A | AD5: B | AE5: A | AF5: B | AG5: A | AH5: B | AI5: AYB | AJ5: KG | AK5: STD. | AL5: SWITCH | AM5: SWITCH | AN5: BRACKET | AO5: BRACKET | AP5: PIJA | AQ5: VALVULA | AR5: CANT. VAL. | AS5: CAJA | AT5: HOJA COLOR | AV5: Row Labels | AW5: Sum of CANT. VAL.
B6: LENNOX 1 | C6: SAIRA MORALES | D6: 625994-01 | E6: A - 3/8 | F6: 0.42 | G6: 0.02 | H6: =VLOOKUP(D6,'[1]LENNOX WK 29'!$A$3:$E$76,5,0) -> 1300 | I6: 0 | J6: 0 | L6: =600+5000 -> 5600 | N6: =+H6+I6+J6+K6+L6+M6-SUM(O6:AI6) -> 5600 | O6: 0 | P6: 0 | Q6: 0 | R6: 0 | S6: 0 | T6: 0 | U6: 0 | V6: 0 | W6: 0 | X6: 0 | Y6: 0 | Z6: 1300 | AI6: 0 | AJ6: =+G6*SUM(H6:M6) -> 138 | AK6: 1000 | AL6: 0 | AM6: =+H6*AL6 -> 0 | AN6: 0 | AO6: =+H6*AN6 -> 0 | AP6: =+AO6*2 -> 0 | AQ6: 0 | AR6: 0 | AS6: CTD T.MÉXICO | AT6: BLANCO | AV6: 0 | AW6: 0
B7: LENNOX 1 | C7: SAIRA MORALES | D7: 627512-01 | E7: A - 3/8 | F7: 0.42 | G7: 0.031 | H7: =VLOOKUP(D7,'[1]LENNOX WK 29'!$A$3:$E$76,5,0) -> 5600 | I7: 0 | J7: 0 | L7: =2500+4000 -> 6500 | N7: =+H7+I7+J7+K7+L7+M7-SUM(O7:AI7) -> 4338 | O7: 0 | P7: 1200 | Q7: 0 | R7: 1630 | S7: 0 | T7: 650 | U7: 0 | V7: 0 | W7: 0 | X7: 0 | Y7: 0 | Z7: 0 | AB7: 1200 | AD7: 1600 | AF7: 1482 | AI7: 0 | AJ7: =+G7*SUM(H7:M7) -> 375.1 | AK7: 1000 | AL7: 0 | AM7: =+H7*AL7 -> 0 | AN7: 0 | AO7: =+H7*AN7 -> 0 | AP7: =+AO7*2 -> 0 | AQ7: 0 | AR7: 0 | AS7: CTD T.MÉXICO | AT7: BLANCO | AV7: 102831-10 | AW7: 128
B8: LENNOX 1 | C8: SAIRA MORALES | D8: 625967-01 | E8: A - 3/8 | F8: 0.42 | G8: 0.033 | H8: =VLOOKUP(D8,'[1]LENNOX WK 29'!$A$3:$E$76,5,0) -> 1200 | I8: 0 | J8: 0 | L8: =500+1200 -> 1700 | N8: =+H8+I8+J8+K8+L8+M8-SUM(O8:AI8) -> 1300 | O8: 0 | P8: 0 | Q8: 0 | R8: 0 | S8: 0 | T8: 400 | U8: 0 | V8: 800 | W8: 0 | X8: 0 | Y8: 0 | Z8: 0 | AF8: 400 | AI8: 0 | AJ8: =+G8*SUM(H8:M8) -> 95.7 | AK8: 1000 | AL8: 0 | AM8: =+H8*AL8 -> 0 | AN8: 0 | AO8: =+H8*AN8 -> 0 | AP8: =+AO8*2 -> 0 | AQ8: 0 | AR8: 0 | AS8: CTD T.MÉXICO | AT8: BLANCO | AV8: 102831-11 | AW8: 0
B9: LENNOX 1 | C9: SAIRA MORALES | D9: 626309-01 | E9: A - 3/8 | F9: 0.42 | G9: 0.019 | H9: =VLOOKUP(D9,'[1]LENNOX WK 29'!$A$3:$E$76,5,0) -> 1400 | I9: 0 | J9: 0 | L9: 0 | N9: =+H9+I9+J9+K9+L9+M9-SUM(O9:AI9) -> 0 | O9: 0 | P9: 0 | Q9: 0 | R9: 0 | S9: 0 | T9: 0 | U9: 0 | V9: 0 | W9: 0 | X9: 0 | Y9: 0 | Z9: 0 | AB9: 800 | AD9: 600 | AI9: 0 | AJ9: =+G9*SUM(H9:M9) -> 26.6 | AK9: 1000 | AL9: 0 | AM9: =+H9*AL9 -> 0 | AN9: 0 | AO9: =+H9*AN9 -> 0 | AP9: =+AO9*2 -> 0 | AQ9: 0 | AR9: 0 | AS9: CTD T.MÉXICO | AT9: BLANCO | AV9: 103881-02 | AW9: 864
B10: LENNOX 1 | C10: SAIRA MORALES | D10: 625890-01 | E10: A - 3/8 | F10: 0.42 | G10: 0.03 | H10: =VLOOKUP(D10,'[1]LENNOX WK 29'!$A$3:$E$76,5,0) -> 200 | I10: 0 | J10: 0 | L10: 1000 | N10: =+H10+I10+J10+K10+L10+M10-SUM(O10:AI10) -> 1000 | O10: 0 | P10: 0 | Q10: 0 | R10: 0 | S10: 0 | T10: 0 | U10: 0 | V10: 0 | W10: 0 | X10: 0 | Y10: 0 | Z10: 0 | AD10: 200 | AI10: 0 | AJ10: =+G10*SUM(H10:M10) -> 36 | AK10: 1000 | AL10: 0 | AM10: =+H10*AL10 -> 0 | AN10: 0 | AO10: =+H10*AN10 -> 0 | AP10: =+AO10*2 -> 0 | AQ10: 0 | AR10: 0 | AS10: CTD T.MÉXICO | AT10: BLANCO | AV10: 103881-03 | AW10: 0
B11: LENNOX 1 | C11: SAIRA MORALES | D11: 615991-01 | E11: A - 3/8 | F11: 0.42 | G11: 0.022 | H11: =VLOOKUP(D11,'[1]LENNOX WK 29'!$A$3:$E$76,5,0) -> 600 | I11: 0 | J11: 0 | L11: 2000 | N11: =+H11+I11+J11+K11+L11+M11-SUM(O11:AI11) -> 1707 | O11: 0 | P11: 0 | Q11: 0 | R11: 0 | S11: 0 | T11: 0 | U11: 0 | V11: 0 | W11: 0 | X11: 0 | Y11: 0 | Z11: 600 | AF11: 293 | AI11: 0 | AJ11: =+G11*SUM(H11:M11) -> 57.2 | AK11: 1000 | AL11: 0 | AM11: =+H11*AL11 -> 0 | AN11: 0 | AO11: =+H11*AN11 -> 0 | AP11: =+AO11*2 -> 0 | AQ11: 0 | AR11: 0 | AS11: CTD T.MÉXICO | AT11: BLANCO | AV11: 107892-03 | AW11: 7704
B12: LENNOX 1 | C12: SAIRA MORALES | D12: 626164-01 | E12: A - 3/8 | F12: 0.42 | G12: 0.023 | H12: =VLOOKUP(D12,'[1]LENNOX WK 29'!$A$3:$E$76,5,0) -> 0 | I12: 0 | J12: 0 | L12: 0 | N12: =+H12+I12+J12+K12+L12+M12-SUM(O12:AI12) -> 0 | O12: 0 | P12: 0 | Q12: 0 | R12: 0 | S12: 0 | T12: 0 | U12: 0 | V12: 0 | W12: 0 | X12: 0 | Y12: 0 | Z12: 0 | AI12: 0 | AJ12: =+G12*SUM(H12:M12) -> 0 | AK12: 1000 | AL12: 0 | AM12: =+H12*AL12 -> 0 | AN12: 0 | AO12: =+H12*AN12 -> 0 | AP12: =+AO12*2 -> 0 | AQ12: 0 | AR12: 0 | AS12: CTD T.MÉXICO | AT12: BLANCO | AV12: 107892-04 | AW12: 3840
B13: LENNOX 1 | C13: SAIRA MORALES | D13: 626121-01 | E13: C - 3/8 | F13: 0.028 | G13: 0.057 | H13: =VLOOKUP(D13,'[1]LENNOX WK 29'!$A$3:$E$76,5,0) -> 0 | I13: 0 | J13: 0 | L13: 0 | N13: =+H13+I13+J13+K13+L13+M13-SUM(O13:AI13) -> -3900 | O13: 0 | P13: 1200 | Q13: 0 | R13: 0 | S13: 0 | T13: 0 | U13: 0 | V13: 900 | W13: 700 | X13: 700 | Y13: 400 | Z13: 0 | AI13: 0 | AJ13: =+G13*SUM(H13:M13) -> 0 | AK13: 1000 | AL13: 0 | AM13: =+H13*AL13 -> 0 | AN13: 0 | AO13: =+H13*AN13 -> 0 | AP13: =+AO13*2 -> 0 | AQ13: 0 | AR13: 0 | AS13: CTD T.MÉXICO | AT13: BLANCO | AV13: 107905-06 | AW13: 1280
B14: LENNOX 1 | C14: SAIRA MORALES | D14: 625995-01 | E14: C - 3/8 | F14: 0.028 | G14: 0.044 | H14: =VLOOKUP(D14,'[1]LENNOX WK 29'!$A$3:$E$76,5,0) -> 0 | I14: 600 | J14: 0 | L14: 1500 | N14: =+H14+I14+J14+K14+L14+M14-SUM(O14:AI14) -> -2966 | O14: 1200 | P14: 0 | Q14: 566 | R14: 0 | S14: 0 | T14: 700 | U14: 600 | V14: 0 | W14: 500 | X14: 0 | Y14: 0 | Z14: 0 | AG14: 1500 | AI14: 0 | AJ14: =+G14*SUM(H14:M14) -> 92.4 | AK14: 1000 | AL14: 0 | AM14: =+H14*AL14 -> 0 | AN14: 0 | AO14: =+H14*AN14 -> 0 | AP14: =+AO14*2 -> 0 | AQ14: 0 | AR14: 0 | AS14: CTD T.MÉXICO | AT14: BLANCO | AV14: 107905-07 | AW14: 384
B15: LENNOX 1 | C15: SAIRA MORALES | D15: 615380-01 | E15: C - 3/8 | F15: 0.028 | G15: 0.015 | H15: =VLOOKUP(D15,'[1]LENNOX WK 29'!$A$3:$E$76,5,0) -> 1300 | I15: 0 | J15: 0 | L15: 4000 | N15: =+H15+I15+J15+K15+L15+M15-SUM(O15:AI15) -> 2400 | O15: 0 | P15: 0 | Q15: 1300 | R15: 0 | S15: 0 | T15: 400 | U15: 0 | V15: 0 | W15: 0 | X15: 0 | Y15: 0 | Z15: 0 | AH15: 1200 | AI15: 0 | AJ15: =+G15*SUM(H15:M15) -> 79.5 | AK15: 1000 | AL15: 0 | AM15: =+H15*AL15 -> 0 | AN15: 0 | AO15: =+H15*AN15 -> 0 | AP15: =+AO15*2 -> 0 | AQ15: 0 | AR15: 0 | AS15: CTD T.MÉXICO | AT15: BLANCO | AV15: Grand Total | AW15: 14200
B16: LENNOX 1 | C16: SAIRA MORALES | D16: 625922-01 | E16: C - 3/8 | F16: 0.028 | G16: 0.019 | H16: =VLOOKUP(D16,'[1]LENNOX WK 29'!$A$3:$E$76,5,0) -> 700 | I16: 300 | J16: 0 | L16: 400 | N16: =+H16+I16+J16+K16+L16+M16-SUM(O16:AI16) -> 400 | O16: 0 | P16: 0 | Q16: 0 | R16: 0 | S16: 700 | T16: 0 | U16: 300 | V16: 0 | W16: 0 | X16: 0 | Y16: 0 | Z16: 0 | AI16: 0 | AJ16: =+G16*SUM(H16:M16) -> 26.6 | AK16: 1000 | AL16: 0 | AM16: =+H16*AL16 -> 0 | AN16: 0 | AO16: =+H16*AN16 -> 0 | AP16: =+AO16*2 -> 0 | AQ16: 0 | AR16: 0 | AS16: CTD T.MÉXICO | AT16: BLANCO
B17: LENNOX 1 | C17: SAIRA MORALES | D17: 627511-01 | E17: C - 3/8 | F17: 0.028 | G17: 0.024 | H17: =VLOOKUP(D17,'[1]LENNOX WK 29'!$A$3:$E$76,5,0) -> 700 | I17: 700 | J17: 4500 | L17: 5000 | N17: =+H17+I17+J17+K17+L17+M17-SUM(O17:AI17) -> 3600 | O17: 0 | P17: 0 | Q17: 0 | R17: 700 | S17: 800 | T17: 0 | U17: 700 | V17: 0 | W17: 300 | X17: 0 | Y17: 0 | Z17: 0 | AC17: 1100 | AD17: 700 | AE17: 1600 | AF17: 1400 | AI17: 0 | AJ17: =+G17*SUM(H17:M17) -> 261.6 | AK17: 1000 | AL17: 0 | AM17: =+H17*AL17 -> 0 | AN17: 0 | AO17: =+H17*AN17 -> 0 | AP17: =+AO17*2 -> 0 | AQ17: 0 | AR17: 0 | AS17: CTD T.MÉXICO | AT17: BLANCO
B18: LENNOX 1 | C18: SAIRA MORALES | D18: 626308-01 | E18: C - 3/8 | F18: 0.028 | G18: 0.019 | H18: =VLOOKUP(D18,'[1]LENNOX WK 29'!$A$3:$E$76,5,0) -> 0 | I18: 0 | J18: 0 | L18: 0 | N18: =+H18+I18+J18+K18+L18+M18-SUM(O18:AI18) -> 0 | O18: 0 | P18: 0 | Q18: 0 | R18: 0 | S18: 0 | T18: 0 | U18: 0 | V18: 0 | W18: 0 | X18: 0 | Y18: 0 | Z18: 0 | AI18: 0 | AJ18: =+G18*SUM(H18:M18) -> 0 | AK18: 1000 | AL18: 0 | AM18: =+H18*AL18 -> 0 | AN18: 0 | AO18: =+H18*AN18 -> 0 | AP18: =+AO18*2 -> 0 | AQ18: 0 | AR18: 0 | AS18: CTD T.MÉXICO | AT18: BLANCO
B19: LENNOX 1 | C19: SAIRA MORALES | D19: 626467-01 | E19: C - 1/2 | F19: 0.028 | G19: 0.086 | H19: =VLOOKUP(D19,'[1]LENNOX WK 29'!$A$3:$E$76,5,0) -> 100 | I19: 0 | J19: 500 | L19: 0 | N19: =+H19+I19+J19+K19+L19+M19-SUM(O19:AI19) -> -55 | O19: 0 | P19: 0 | Q19: 0 | R19: 0 | S19: 0 | T19: 100 | U19: 0 | V19: 0 | W19: 0 | X19: 0 | Y19: 0 | Z19: 0 | AE19: 555 | AI19: 0 | AJ19: =+G19*SUM(H19:M19) -> 51.6 | AK19: 100 | AL19: 0 | AM19: =+H19*AL19 -> 0 | AN19: 0 | AO19: =+H19*AN19 -> 0 | AP19: =+AO19*2 -> 0 | AQ19: 0 | AR19: 0 | AS19: CTD T.MÉXICO | AT19: BLANCO
B20: LENNOX 1 | C20: SAIRA MORALES | D20: 626473-01 | E20: C - 1/2 | F20: 0.028 | G20: 0.117 | H20: =VLOOKUP(D20,'[1]LENNOX WK 29'!$A$3:$E$76,5,0) -> 0 | I20: 0 | J20: 0 | L20: 0 | N20: =+H20+I20+J20+K20+L20+M20-SUM(O20:AI20) -> 0 | O20: 0 | P20: 0 | Q20: 0 | R20: 0 | S20: 0 | T20: 0 | U20: 0 | V20: 0 | W20: 0 | X20: 0 | Y20: 0 | Z20: 0 | AI20: 0 | AJ20: =+G20*SUM(H20:M20) -> 0 | AK20: 100 | AL20: 0 | AM20: =+H20*AL20 -> 0 | AN20: 0 | AO20: =+H20*AN20 -> 0 | AP20: =+AO20*2 -> 0 | AQ20: 0 | AR20: 0 | AS20: CTD T.MÉXICO | AT20: BLANCO
B21: LENNOX 1 | C21: SAIRA MORALES | D21: 627051-01 | E21: C - 1/2 | F21: 0.028 | G21: 0.129 | H21: =VLOOKUP(D21,'[1]LENNOX WK 29'!$A$3:$E$76,5,0) -> 0 | I21: 300 | J21: 100 | L21: 300 | N21: =+H21+I21+J21+K21+L21+M21-SUM(O21:AI21) -> -25 | O21: 0 | P21: 0 | Q21: 0 | R21: 0 | S21: 0 | T21: 0 | U21: 0 | V21: 0 | W21: 0 | X21: 0 | Y21: 250 | Z21: 0 | AC21: 100 | AG21: 375 | AI21: 0 | AJ21: =+G21*SUM(H21:M21) -> 90.3 | AK21: 100 | AL21: 0 | AM21: =+H21*AL21 -> 0 | AN21: 0 | AO21: =+H21*AN21 -> 0 | AP21: =+AO21*2 -> 0 | AQ21: 0 | AR21: 0 | AS21: CTD T.MÉXICO | AT21: BLANCO
B22: LENNOX 1 | C22: SAIRA MORALES | D22: 627186-01 | E22: C - 1/2 | F22: 0.028 | G22: 0.119 | H22: =VLOOKUP(D22,'[1]LENNOX WK 29'!$A$3:$E$76,5,0) -> 0 | I22: 0 | J22: 0 | L22: 0 | N22: =+H22+I22+J22+K22+L22+M22-SUM(O22:AI22) -> -250 | O22: 0 | P22: 0 | Q22: 0 | R22: 0 | S22: 0 | T22: 0 | U22: 250 | V22: 0 | W22: 0 | X22: 0 | Y22: 0 | Z22: 0 | AI22: 0 | AJ22: =+G22*SUM(H22:M22) -> 0 | AK22: 100 | AL22: 0 | AM22: =+H22*AL22 -> 0 | AN22: 0 | AO22: =+H22*AN22 -> 0 | AP22: =+AO22*2 -> 0 | AQ22: 0 | AR22: 0 | AS22: CTD T.MÉXICO | AT22: BLANCO
B23: LENNOX 1 | C23: SAIRA MORALES | D23: 627041-01 | E23: C - 1/2 | F23: 0.028 | G23: 0.127 | H23: =VLOOKUP(D23,'[1]LENNOX WK 29'!$A$3:$E$76,5,0) -> 0 | I23: 0 | J23: 0 | L23: 900 | N23: =+H23+I23+J23+K23+L23+M23-SUM(O23:AI23) -> 0 | O23: 0 | P23: 0 | Q23: 0 | R23: 0 | S23: 0 | T23: 0 | U23: 0 | V23: 0 | W23: 0 | X23: 0 | Y23: 0 | Z23: 0 | AG23: 900 | AI23: 0 | AJ23: =+G23*SUM(H23:M23) -> 114.3 | AK23: 100 | AL23: 0 | AM23: =+H23*AL23 -> 0 | AN23: 0 | AO23: =+H23*AN23 -> 0 | AP23: =+AO23*2 -> 0 | AQ23: 0 | AR23: 0 | AS23: CTD T.MÉXICO | AT23: BLANCO
B24: LENNOX 1 | C24: SAIRA MORALES | D24: 625151-01 | E24: C - 1/2 | F24: 0.028 | G24: 0.114 | H24: =VLOOKUP(D24,'[1]LENNOX WK 29'!$A$3:$E$76,5,0) -> 0 | I24: 1000 | J24: 0 | L24: 0 | N24: =+H24+I24+J24+K24+L24+M24-SUM(O24:AI24) -> -55 | O24: 0 | P24: 0 | Q24: 0 | R24: 0 | S24: 0 | T24: 0 | U24: 315 | V24: 0 | W24: 640 | X24: 0 | Y24: 100 | Z24: 0 | AI24: 0 | AJ24: =+G24*SUM(H24:M24) -> 114 | AK24: 100 | AL24: 0 | AM24: =+H24*AL24 -> 0 | AN24: 0 | AO24: =+H24*AN24 -> 0 | AP24: =+AO24*2 -> 0 | AQ24: 0 | AR24: 0 | AS24: CTD T.MÉXICO | AT24: BLANCO
B25: LENNOX 1 | C25: SAIRA MORALES | D25: 626794-01 | E25: C - 1/2 | F25: 0.028 | G25: 0.069 | H25: =VLOOKUP(D25,'[1]LENNOX WK 29'!$A$3:$E$76,5,0) -> 0 | I25: 300 | J25: 0 | L25: 600 | N25: =+H25+I25+J25+K25+L25+M25-SUM(O25:AI25) -> -50 | O25: 0 | P25: 0 | Q25: 0 | R25: 0 | S25: 0 | T25: 0 | U25: 0 | V25: 0 | W25: 0 | X25: 350 | Y25: 0 | Z25: 0 | AH25: 600 | AI25: 0 | AJ25: =+G25*SUM(H25:M25) -> 62.1 | AK25: 100 | AL25: 0 | AM25: =+H25*AL25 -> 0 | AN25: 0 | AO25: =+H25*AN25 -> 0 | AP25: =+AO25*2 -> 0 | AQ25: 0 | AR25: 0 | AS25: CTD T.MÉXICO | AT25: BLANCO
B26: LENNOX 1 | C26: SAIRA MORALES | D26: 618748-01 | E26: C - 1/2 | F26: 0.028 | G26: 0.129 | H26: =VLOOKUP(D26,'[1]LENNOX WK 29'!$A$3:$E$76,5,0) -> 0 | I26: 0 | J26: 0 | L26: 0 | N26: =+H26+I26+J26+K26+L26+M26-SUM(O26:AI26) -> 0 | O26: 0 | P26: 0 | Q26: 0 | R26: 0 | S26: 0 | T26: 0 | U26: 0 | V26: 0 | W26: 0 | X26: 0 | Y26: 0 | Z26: 0 | AI26: 0 | AJ26: =+G26*SUM(H26:M26) -> 0 | AK26: 100 | AL26: 0 | AM26: =+H26*AL26 -> 0 | AN26: 0 | AO26: =+H26*AN26 -> 0 | AP26: =+AO26*2 -> 0 | AQ26: 0 | AR26: 0 | AS26: CTD T.MÉXICO | AT26: BLANCO
B27: LENNOX 1 | C27: SAIRA MORALES | D27: 626532-01 | E27: C - 1/2 | F27: 0.028 | G27: 0.078 | H27: =VLOOKUP(D27,'[1]LENNOX WK 29'!$A$3:$E$76,5,0) -> 200 | I27: 900 | J27: 200 | L27: 800 | N27: =+H27+I27+J27+K27+L27+M27-SUM(O27:AI27) -> 307 | O27: 0 | P27: 0 | Q27: 226 | R27: 0 | S27: 0 | T27: 0 | U27: 0 | V27: 580 | W27: 294 | X27: 0 | Y27: 0 | Z27: 0 | AE27: 209 | AH27: 484 | AI27: 0 | AJ27: =+G27*SUM(H27:M27) -> 163.8 | AK27: 100 | AL27: 0 | AM27: =+H27*AL27 -> 0 | AN27: 0 | AO27: =+H27*AN27 -> 0 | AP27: =+AO27*2 -> 0 | AQ27: 0 | AR27: 0 | AS27: CTD T.MÉXICO | AT27: BLANCO
B28: LENNOX 1 | C28: SAIRA MORALES | D28: 626391-01 | E28: C - 1/2 | F28: 0.028 | G28: 0.101 | H28: =VLOOKUP(D28,'[1]LENNOX WK 29'!$A$3:$E$76,5,0) -> 600 | I28: 1100 | J28: 200 | L28: 0 | N28: =+H28+I28+J28+K28+L28+M28-SUM(O28:AI28) -> -77 | O28: 0 | P28: 0 | Q28: 300 | R28: 320 | S28: 0 | T28: 634 | U28: 523 | V28: 0 | W28: 0 | X28: 0 | Y28: 0 | Z28: 0 | AC28: 200 | AI28: 0 | AJ28: =+G28*SUM(H28:M28) -> 191.9 | AK28: 100 | AL28: 0 | AM28: =+H28*AL28 -> 0 | AN28: 0 | AO28: =+H28*AN28 -> 0 | AP28: =+AO28*2 -> 0 | AQ28: 0 | AR28: 0 | AS28: CTD T.MÉXICO | AT28: BLANCO
B29: LENNOX 1 | C29: SAIRA MORALES | D29: 613544-01 | E29: C - 1/2 | F29: 0.028 | G29: 0.076 | H29: =VLOOKUP(D29,'[1]LENNOX WK 29'!$A$3:$E$76,5,0) -> 500 | I29: 0 | J29: 200 | L29: 300 | N29: =+H29+I29+J29+K29+L29+M29-SUM(O29:AI29) -> 300 | O29: 0 | P29: 0 | Q29: 0 | R29: 0 | S29: 500 | T29: 0 | U29: 0 | V29: 0 | W29: 0 | X29: 0 | Y29: 0 | Z29: 0 | AE29: 200 | AI29: 0 | AJ29: =+G29*SUM(H29:M29) -> 76 | AK29: 100 | AL29: 0 | AM29: =+H29*AL29 -> 0 | AN29: 0 | AO29: =+H29*AN29 -> 0 | AP29: =+AO29*2 -> 0 | AQ29: 0 | AR29: 0 | AS29: CTD T.MÉXICO | AT29: BLANCO
B30: LENNOX 1 | C30: SAIRA MORALES | D30: 627101-01 | E30: C - 1/2 | F30: 0.028 | G30: 0.042 | H30: =VLOOKUP(D30,'[1]LENNOX WK 29'!$A$3:$E$76,5,0) -> 0 | I30: 0 | J30: 0 | L30: 0 | N30: =+H30+I30+J30+K30+L30+M30-SUM(O30:AI30) -> -445 | O30: 0 | P30: 0 | Q30: 0 | R30: 0 | S30: 445 | T30: 0 | U30: 0 | V30: 0 | W30: 0 | X30: 0 | Y30: 0 | Z30: 0 | AI30: 0 | AJ30: =+G30*SUM(H30:M30) -> 0 | AK30: 100 | AL30: 0 | AM30: =+H30*AL30 -> 0 | AN30: 0 | AO30: =+H30*AN30 -> 0 | AP30: =+AO30*2 -> 0 | AQ30: 0 | AR30: 0 | AS30: CTD T.MÉXICO | AT30: BLANCO
B31: LENNOX 1 | C31: SAIRA MORALES | D31: 626469-01 | E31: C - 1/2 | F31: 0.028 | G31: 0.105 | H31: =VLOOKUP(D31,'[1]LENNOX WK 29'!$A$3:$E$76,5,0) -> 0 | I31: 500 | J31: 0 | L31: 300 | N31: =+H31+I31+J31+K31+L31+M31-SUM(O31:AI31) -> -83 | O31: 0 | P31: 0 | Q31: 0 | R31: 0 | S31: 0 | T31: 0 | U31: 0 | V31: 0 | W31: 180 | X31: 0 | Y31: 703 | Z31: 0 | AI31: 0 | AJ31: =+G31*SUM(H31:M31) -> 84 | AK31: 100 | AL31: 0 | AM31: =+H31*AL31 -> 0 | AN31: 0 | AO31: =+H31*AN31 -> 0 | AP31: =+AO31*2 -> 0 | AQ31: 0 | AR31: 0 | AS31: CTD T.MÉXICO | AT31: BLANCO
B32: LENNOX 1 | C32: SAIRA MORALES | D32: 619792-01 | E32: C - 1/2 | F32: 0.028 | G32: 0.143 | H32: =VLOOKUP(D32,'[1]LENNOX WK 29'!$A$3:$E$76,5,0) -> 0 | I32: 0 | J32: 0 | L32: 0 | N32: =+H32+I32+J32+K32+L32+M32-SUM(O32:AI32) -> 0 | O32: 0 | P32: 0 | Q32: 0 | R32: 0 | S32: 0 | T32: 0 | U32: 0 | V32: 0 | W32: 0 | X32: 0 | Y32: 0 | Z32: 0 | AI32: 0 | AJ32: =+G32*SUM(H32:M32) -> 0 | AK32: 100 | AL32: 0 | AM32: =+H32*AL32 -> 0 | AN32: 0 | AO32: =+H32*AN32 -> 0 | AP32: =+AO32*2 -> 0 | AQ32: 0 | AR32: 0 | AS32: CTD T.MÉXICO | AT32: BLANCO
B33: LENNOX 1 | C33: SAIRA MORALES | D33: 625022-01 | E33: C - 1/2 | F33: 0.028 | G33: 0.046 | H33: =VLOOKUP(D33,'[1]LENNOX WK 29'!$A$3:$E$76,5,0) -> 0 | I33: 0 | J33: 0 | L33: 300 | N33: =+H33+I33+J33+K33+L33+M33-SUM(O33:AI33) -> 300 | O33: 0 | P33: 0 | Q33: 0 | R33: 0 | S33: 0 | T33: 0 | U33: 0 | V33: 0 | W33: 0 | X33: 0 | Y33: 0 | Z33: 0 | AI33: 0 | AJ33: =+G33*SUM(H33:M33) -> 13.8 | AK33: 100 | AL33: 0 | AM33: =+H33*AL33 -> 0 | AN33: 0 | AO33: =+H33*AN33 -> 0 | AP33: =+AO33*2 -> 0 | AQ33: 0 | AR33: 0 | AS33: CTD T.MÉXICO | AT33: BLANCO
B34: LENNOX 1 | C34: SAIRA MORALES | D34: 627046-01 | E34: C - 1/2 | F34: 0.028 | G34: 0.129 | H34: =VLOOKUP(D34,'[1]LENNOX WK 29'!$A$3:$E$76,5,0) -> 600 | I34: 0 | J34: 100 | K34: 80 | L34: 400 | N34: =+H34+I34+J34+K34+L34+M34-SUM(O34:AI34) -> 500 | O34: 0 | P34: 0 | Q34: 0 | R34: 0 | S34: 580 | T34: 0 | U34: 0 | V34: 0 | W34: 0 | X34: 0 | Y34: 0 | Z34: 0 | AC34: 100 | AI34: 0 | AJ34: =+G34*SUM(H34:M34) -> 152.22 | AK34: 100 | AL34: 0 | AM34: =+H34*AL34 -> 0 | AN34: 0 | AO34: =+H34*AN34 -> 0 | AP34: =+AO34*2 -> 0 | AQ34: 0 | AR34: 0 | AS34: CTD T.MÉXICO | AT34: BLANCO
B35: LENNOX 1 | C35: SAIRA MORALES | D35: MXLB-112323 | E35: C - 1/2 | F35: 0.028 | G35: 0.134 | H35: =VLOOKUP(D35,'[1]LENNOX WK 29'!$A$3:$E$76,5,0) -> 0 | I35: 0 | J35: 0 | L35: 300 | N35: =+H35+I35+J35+K35+L35+M35-SUM(O35:AI35) -> 300 | O35: 0 | P35: 0 | Q35: 0 | R35: 0 | S35: 0 | T35: 0 | U35: 0 | V35: 0 | W35: 0 | X35: 0 | Y35: 0 | Z35: 0 | AI35: 0 | AJ35: =+G35*SUM(H35:M35) -> 40.2 | AK35: 100 | AL35: 0 | AM35: =+H35*AL35 -> 0 | AN35: 0 | AO35: =+H35*AN35 -> 0 | AP35: =+AO35*2 -> 0 | AQ35: 0 | AR35: 0 | AS35: CTD T.MÉXICO | AT35: BLANCO
B36: LENNOX 1 | C36: SAIRA MORALES | D36: 626471-01 | E36: C - 1/2 | F36: 0.028 | G36: 0.105 | H36: =VLOOKUP(D36,'[1]LENNOX WK 29'!$A$3:$E$76,5,0) -> 0 | I36: 0 | J36: 0 | L36: 0 | N36: =+H36+I36+J36+K36+L36+M36-SUM(O36:AI36) -> 0 | O36: 0 | P36: 0 | Q36: 0 | R36: 0 | S36: 0 | T36: 0 | U36: 0 | V36: 0 | W36: 0 | X36: 0 | Y36: 0 | Z36: 0 | AI36: 0 | AJ36: =+G36*SUM(H36:M36) -> 0 | AK36: 100 | AL36: 0 | AM36: =+H36*AL36 -> 0 | AN36: 0 | AO36: =+H36*AN36 -> 0 | AP36: =+AO36*2 -> 0 | AQ36: 0 | AR36: 0 | AS36: CTD T.MÉXICO | AT36: BLANCO
B37: LENNOX 1 | C37: SAIRA MORALES | D37: 626472-01 | E37: C - 1/2 | F37: 0.028 | G37: 0.099 | H37: =VLOOKUP(D37,'[1]LENNOX WK 29'!$A$3:$E$76,5,0) -> 0 | I37: 0 | J37: 0 | L37: 300 | N37: =+H37+I37+J37+K37+L37+M37-SUM(O37:AI37) -> 300 | O37: 0 | P37: 0 | Q37: 0 | R37: 0 | S37: 0 | T37: 0 | U37: 0 | V37: 0 | W37: 0 | X37: 0 | Y37: 0 | Z37: 0 | AI37: 0 | AJ37: =+G37*SUM(H37:M37) -> 29.7 | AK37: 100 | AL37: 0 | AM37: =+H37*AL37 -> 0 | AN37: 0 | AO37: =+H37*AN37 -> 0 | AP37: =+AO37*2 -> 0 | AQ37: 0 | AR37: 0 | AS37: CTD T.MÉXICO | AT37: BLANCO
B38: LENNOX 1 | C38: SAIRA MORALES | D38: 626433-01 | E38: C - 1/2 | F38: 0.028 | G38: 0.131 | H38: =VLOOKUP(D38,'[1]LENNOX WK 29'!$A$3:$E$76,5,0) -> 0 | I38: 0 | J38: 0 | L38: 0 | N38: =+H38+I38+J38+K38+L38+M38-SUM(O38:AI38) -> 0 | O38: 0 | P38: 0 | Q38: 0 | R38: 0 | S38: 0 | T38: 0 | U38: 0 | V38: 0 | W38: 0 | X38: 0 | Y38: 0 | Z38: 0 | AI38: 0 | AJ38: =+G38*SUM(H38:M38) -> 0 | AK38: 100 | AL38: 0 | AM38: =+H38*AL38 -> 0 | AN38: 0 | AO38: =+H38*AN38 -> 0 | AP38: =+AO38*2 -> 0 | AQ38: 0 | AR38: 0 | AS38: CTD T.MÉXICO | AT38: BLANCO
B39: LENNOX 1 | C39: SAIRA MORALES | D39: 627175-01 | E39: C - 1/2 | F39: 0.028 | G39: 0.094 | H39: =VLOOKUP(D39,'[1]LENNOX WK 29'!$A$3:$E$76,5,0) -> 0 | I39: 0 | J39: 0 | L39: 0 | N39: =+H39+I39+J39+K39+L39+M39-SUM(O39:AI39) -> 0 | O39: 0 | P39: 0 | Q39: 0 | R39: 0 | S39: 0 | T39: 0 | U39: 0 | V39: 0 | W39: 0 | X39: 0 | Y39: 0 | Z39: 0 | AI39: 0 | AJ39: =+G39*SUM(H39:M39) -> 0 | AK39: 100 | AL39: 0 | AM39: =+H39*AL39 -> 0 | AN39: 0 | AO39: =+H39*AN39 -> 0 | AP39: =+AO39*2 -> 0 | AQ39: 0 | AR39: 0 | AS39: CTD T.MÉXICO | AT39: BLANCO
B40: LENNOX 1 | C40: SAIRA MORALES | D40: 627021-01 | E40: C - 1/2 | F40: 0.028 | G40: 0.122 | H40: =VLOOKUP(D40,'[1]LENNOX WK 29'!$A$3:$E$76,5,0) -> 0 | I40: 0 | J40: 0 | L40: 0 | N40: =+H40+I40+J40+K40+L40+M40-SUM(O40:AI40) -> 0 | O40: 0 | P40: 0 | Q40: 0 | R40: 0 | S40: 0 | T40: 0 | U40: 0 | V40: 0 | W40: 0 | X40: 0 | Y40: 0 | Z40: 0 | AI40: 0 | AJ40: =+G40*SUM(H40:M40) -> 0 | AK40: 100 | AL40: 0 | AM40: =+H40*AL40 -> 0 | AN40: 0 | AO40: =+H40*AN40 -> 0 | AP40: =+AO40*2 -> 0 | AQ40: 0 | AR40: 0 | AS40: CTD T.MÉXICO | AT40: BLANCO
B41: LENNOX 1 | C41: SAIRA MORALES | D41: 613366-01 | E41: C - 1/2 | F41: 0.028 | G41: 0.101 | H41: =VLOOKUP(D41,'[1]LENNOX WK 29'!$A$3:$E$76,5,0) -> 0 | I41: 0 | J41: 0 | L41: 0 | N41: =+H41+I41+J41+K41+L41+M41-SUM(O41:AI41) -> 0 | O41: 0 | P41: 0 | Q41: 0 | R41: 0 | S41: 0 | T41: 0 | U41: 0 | V41: 0 | W41: 0 | X41: 0 | Y41: 0 | Z41: 0 | AI41: 0 | AJ41: =+G41*SUM(H41:M41) -> 0 | AK41: 100 | AL41: 0 | AM41: =+H41*AL41 -> 0 | AN41: 0 | AO41: =+H41*AN41 -> 0 | AP41: =+AO41*2 -> 0 | AQ41: 0 | AR41: 0 | AS41: CTD T.MÉXICO | AT41: BLANCO
B42: LENNOX 1 | C42: SAIRA MORALES | D42: 613569-01 | E42: C - 1/2 | F42: 0.028 | G42: 0.119 | H42: =VLOOKUP(D42,'[1]LENNOX WK 29'!$A$3:$E$76,5,0) -> 0 | I42: 0 | J42: 0 | L42: 0 | N42: =+H42+I42+J42+K42+L42+M42-SUM(O42:AI42) -> 0 | O42: 0 | P42: 0 | Q42: 0 | R42: 0 | S42: 0 | T42: 0 | U42: 0 | V42: 0 | W42: 0 | X42: 0 | Y42: 0 | Z42: 0 | AI42: 0 | AJ42: =+G42*SUM(H42:M42) -> 0 | AK42: 100 | AL42: 0 | AM42: =+H42*AL42 -> 0 | AN42: 0 | AO42: =+H42*AN42 -> 0 | AP42: =+AO42*2 -> 0 | AQ42: 0 | AR42: 0 | AS42: CTD T.MÉXICO | AT42: BLANCO
B43: LENNOX 1 | C43: SAIRA MORALES | D43: 626310-01 | E43: C - 1/2 | F43: 0.028 | G43: 0.121 | H43: =VLOOKUP(D43,'[1]LENNOX WK 29'!$A$3:$E$76,5,0) -> 200 | I43: 100 | J43: 100 | L43: 0 | N43: =+H43+I43+J43+K43+L43+M43-SUM(O43:AI43) -> 0 | O43: 220 | P43: 0 | Q43: 0 | R43: 0 | S43: 0 | T43: 0 | U43: 0 | V43: 0 | W43: 0 | X43: 0 | Y43: 0 | Z43: 0 | AF43: 180 | AI43: 0 | AJ43: =+G43*SUM(H43:M43) -> 48.4 | AK43: 100 | AL43: 0 | AM43: =+H43*AL43 -> 0 | AN43: 0 | AO43: =+H43*AN43 -> 0 | AP43: =+AO43*2 -> 0 | AQ43: 0 | AR43: 0 | AS43: CTD T.MÉXICO | AT43: BLANCO
B44: LENNOX 1 | C44: SAIRA MORALES | D44: 613556-01 | E44: C - 1/2 | F44: 0.028 | G44: 0.127 | H44: =VLOOKUP(D44,'[1]LENNOX WK 29'!$A$3:$E$76,5,0) -> 0 | I44: 0 | J44: 0 | L44: 0 | N44: =+H44+I44+J44+K44+L44+M44-SUM(O44:AI44) -> 0 | O44: 0 | P44: 0 | Q44: 0 | R44: 0 | S44: 0 | T44: 0 | U44: 0 | V44: 0 | W44: 0 | X44: 0 | Y44: 0 | Z44: 0 | AI44: 0 | AJ44: =+G44*SUM(H44:M44) -> 0 | AK44: 100 | AL44: 0 | AM44: =+H44*AL44 -> 0 | AN44: 0 | AO44: =+H44*AN44 -> 0 | AP44: =+AO44*2 -> 0 | AQ44: 0 | AR44: 0 | AS44: CTD T.MÉXICO | AT44: BLANCO
B45: LENNOX 1 | C45: SAIRA MORALES | D45: 613472-01 | E45: C - 1/2 | F45: 0.028 | G45: 0.103 | H45: =VLOOKUP(D45,'[1]LENNOX WK 29'!$A$3:$E$76,5,0) -> 700 | I45: 0 | J45: 0 | L45: 400 | N45: =+H45+I45+J45+K45+L45+M45-SUM(O45:AI45) -> 328 | O45: 0 | P45: 260 | Q45: 512 | R45: 0 | S45: 0 | T45: 0 | U45: 0 | V45: 0 | W45: 0 | X45: 0 | Y45: 0 | Z45: 0 | AI45: 0 | AJ45: =+G45*SUM(H45:M45) -> 113.3 | AK45: 100 | AL45: 0 | AM45: =+H45*AL45 -> 0 | AN45: 0 | AO45: =+H45*AN45 -> 0 | AP45: =+AO45*2 -> 0 | AQ45: 0 | AR45: 0 | AS45: CTD T.MÉXICO | AT45: BLANCO
B46: LENNOX 1 | C46: SAIRA MORALES | D46: 615112-01 | E46: C - 1/2 | F46: 0.028 | G46: 0.238 | H46: =VLOOKUP(D46,'[1]LENNOX WK 29'!$A$3:$E$76,5,0) -> 0 | I46: 0 | J46: 100 | L46: 300 | N46: =+H46+I46+J46+K46+L46+M46-SUM(O46:AI46) -> 400 | O46: 0 | P46: 0 | Q46: 0 | R46: 0 | S46: 0 | T46: 0 | U46: 0 | V46: 0 | W46: 0 | X46: 0 | Y46: 0 | Z46: 0 | AI46: 0 | AJ46: =+G46*SUM(H46:M46) -> 95.2 | AK46: 100 | AL46: 0 | AM46: =+H46*AL46 -> 0 | AN46: 0 | AO46: =+H46*AN46 -> 0 | AP46: =+AO46*2 -> 0 | AQ46: 0 | AR46: 0 | AS46: CTD T.MÉXICO | AT46: BLANCO
B47: LENNOX 1 | C47: SAIRA MORALES | D47: 626470-01 | E47: C - 1/2 | F47: 0.028 | G47: 0.101 | H47: =VLOOKUP(D47,'[1]LENNOX WK 29'!$A$3:$E$76,5,0) -> 0 | I47: 0 | J47: 0 | L47: 0 | N47: =+H47+I47+J47+K47+L47+M47-SUM(O47:AI47) -> -1493 | O47: 0 | P47: 0 | Q47: 0 | R47: 0 | S47: 1493 | T47: 0 | U47: 0 | V47: 0 | W47: 0 | X47: 0 | Y47: 0 | Z47: 0 | AI47: 0 | AJ47: =+G47*SUM(H47:M47) -> 0 | AK47: 100 | AL47: 0 | AM47: =+H47*AL47 -> 0 | AN47: 0 | AO47: =+H47*AN47 -> 0 | AP47: =+AO47*2 -> 0 | AQ47: 0 | AR47: 0 | AS47: CTD T.MÉXICO | AT47: BLANCO
B48: LENNOX 1 | C48: SAIRA MORALES | D48: 626873-01 | E48: C - 1/2 | F48: 0.028 | G48: 0.039 | H48: =VLOOKUP(D48,'[1]LENNOX WK 29'!$A$3:$E$76,5,0) -> 0 | I48: 1200 | J48: 1100 | L48: 1500 | N48: =+H48+I48+J48+K48+L48+M48-SUM(O48:AI48) -> -66 | O48: 0 | P48: 0 | Q48: 0 | R48: 0 | S48: 0 | T48: 0 | U48: 800 | V48: 236 | W48: 100 | X48: 0 | Y48: 0 | Z48: 0 | AE48: 1000 | AG48: 1730 | AI48: 0 | AJ48: =+G48*SUM(H48:M48) -> 148.2 | AK48: 100 | AL48: 0 | AM48: =+H48*AL48 -> 0 | AN48: 0 | AO48: =+H48*AN48 -> 0 | AP48: =+AO48*2 -> 0 | AQ48: 0 | AR48: 0 | AS48: CTD T.MÉXICO | AT48: BLANCO
B49: LENNOX 1 | C49: SAIRA MORALES | D49: 626962-01 | E49: C - 3/4 | F49: 0.035 | G49: 0.148 | H49: =VLOOKUP(D49,'[1]LENNOX WK 29'!$A$3:$E$76,5,0) -> 0 | I49: 0 | J49: 0 | L49: 0 | N49: =+H49+I49+J49+K49+L49+M49-SUM(O49:AI49) -> 0 | O49: 0 | P49: 0 | Q49: 0 | R49: 0 | S49: 0 | T49: 0 | U49: 0 | V49: 0 | W49: 0 | X49: 0 | Y49: 0 | Z49: 0 | AI49: 0 | AJ49: =+G49*SUM(H49:M49) -> 0 | AK49: 500 | AL49: 0 | AM49: =+H49*AL49 -> 0 | AN49: 0 | AO49: =+H49*AN49 -> 0 | AP49: =+AO49*2 -> 0 | AQ49: 0 | AR49: 0 | AS49: CTD T.MÉXICO | AT49: BLANCO
B50: LENNOX 1 | C50: SAIRA MORALES | D50: 619770-01 | E50: C - 3/4 | F50: 0.035 | G50: 0.144 | H50: =VLOOKUP(D50,'[1]LENNOX WK 29'!$A$3:$E$76,5,0) -> 0 | I50: 0 | J50: 0 | L50: 0 | N50: =+H50+I50+J50+K50+L50+M50-SUM(O50:AI50) -> 0 | O50: 0 | P50: 0 | Q50: 0 | R50: 0 | S50: 0 | T50: 0 | U50: 0 | V50: 0 | W50: 0 | X50: 0 | Y50: 0 | Z50: 0 | AI50: 0 | AJ50: =+G50*SUM(H50:M50) -> 0 | AK50: 500 | AL50: 0 | AM50: =+H50*AL50 -> 0 | AN50: 0 | AO50: =+H50*AN50 -> 0 | AP50: =+AO50*2 -> 0 | AQ50: 0 | AR50: 0 | AS50: CTD T.MÉXICO | AT50: BLANCO
B51: LENNOX 1 | C51: SAIRA MORALES | D51: 618685-01 | E51: C - 3/4 | F51: 0.035 | G51: 0.053 | H51: =VLOOKUP(D51,'[1]LENNOX WK 29'!$A$3:$E$76,5,0) -> 300 | I51: 0 | J51: 200 | L51: 1200 | N51: =+H51+I51+J51+K51+L51+M51-SUM(O51:AI51) -> 1200 | O51: 0 | P51: 0 | Q51: 300 | R51: 0 | S51: 0 | T51: 0 | U51: 0 | V51: 0 | W51: 0 | X51: 0 | Y51: 0 | Z51: 0 | AE51: 200 | AI51: 0 | AJ51: =+G51*SUM(H51:M51) -> 90.1 | AK51: 1000 | AL51: 0 | AM51: =+H51*AL51 -> 0 | AN51: 0 | AO51: =+H51*AN51 -> 0 | AP51: =+AO51*2 -> 0 | AQ51: 0 | AR51: 0 | AS51: CTD T.MÉXICO | AT51: BLANCO
B52: LENNOX 1 | C52: SAIRA MORALES | D52: 627106-01 | E52: C - 3/4 | F52: 0.035 | G52: 0.138 | H52: =VLOOKUP(D52,'[1]LENNOX WK 29'!$A$3:$E$76,5,0) -> 0 | I52: 0 | J52: 0 | L52: 0 | N52: =+H52+I52+J52+K52+L52+M52-SUM(O52:AI52) -> 0 | O52: 0 | P52: 0 | Q52: 0 | R52: 0 | S52: 0 | T52: 0 | U52: 0 | V52: 0 | W52: 0 | X52: 0 | Y52: 0 | Z52: 0 | AI52: 0 | AJ52: =+G52*SUM(H52:M52) -> 0 | AK52: 500 | AL52: 0 | AM52: =+H52*AL52 -> 0 | AN52: 0 | AO52: =+H52*AN52 -> 0 | AP52: =+AO52*2 -> 0 | AQ52: 0 | AR52: 0 | AS52: CTD T.MÉXICO | AT52: BLANCO
B53: LENNOX 1 | C53: SAIRA MORALES | D53: 626967-01 | E53: C - 3/4 | F53: 0.035 | G53: 0.11 | H53: =VLOOKUP(D53,'[1]LENNOX WK 29'!$A$3:$E$76,5,0) -> 0 | I53: 0 | J53: 1000 | L53: 0 | N53: =+H53+I53+J53+K53+L53+M53-SUM(O53:AI53) -> 1000 | O53: 0 | P53: 0 | Q53: 0 | R53: 0 | S53: 0 | T53: 0 | U53: 0 | V53: 0 | W53: 0 | X53: 0 | Y53: 0 | Z53: 0 | AI53: 0 | AJ53: =+G53*SUM(H53:M53) -> 110 | AK53: 500 | AL53: 0 | AM53: =+H53*AL53 -> 0 | AN53: 0 | AO53: =+H53*AN53 -> 0 | AP53: =+AO53*2 -> 0 | AQ53: 0 | AR53: 0 | AS53: CTD T.MÉXICO | AT53: BLANCO
B54: LENNOX 1 | C54: SAIRA MORALES | D54: 618927-01 | E54: C - 7/8 | F54: 0.041 | G54: 0.074 | H54: =VLOOKUP(D54,'[1]LENNOX WK 29'!$A$3:$E$76,5,0) -> 600 | I54: 0 | J54: 0 | L54: 2800 | N54: =+H54+I54+J54+K54+L54+M54-SUM(O54:AI54) -> 2800 | O54: 0 | P54: 0 | Q54: 0 | R54: 0 | S54: 0 | T54: 600 | U54: 0 | V54: 0 | W54: 0 | X54: 0 | Y54: 0 | Z54: 0 | AI54: 0 | AJ54: =+G54*SUM(H54:M54) -> 251.6 | AK54: 1000 | AL54: 0 | AM54: =+H54*AL54 -> 0 | AN54: 0 | AO54: =+H54*AN54 -> 0 | AP54: =+AO54*2 -> 0 | AQ54: 0 | AR54: 0 | AS54: CTD T.MÉXICO | AT54: BLANCO
B55: LENNOX 1 | C55: SAIRA MORALES | D55: 624302-01 | E55: C - 7/8 | F55: 0.045 | G55: 0.46 | H55: =VLOOKUP(D55,'[1]LENNOX WK 29'!$A$3:$E$76,5,0) -> 100 | I55: 0 | J55: 400 | L55: 1000 | N55: =+H55+I55+J55+K55+L55+M55-SUM(O55:AI55) -> 1000 | O55: 0 | P55: 0 | Q55: 0 | R55: 0 | S55: 0 | T55: 0 | U55: 0 | V55: 0 | W55: 100 | X55: 0 | Y55: 0 | Z55: 0 | AE55: 300 | AF55: 100 | AI55: 0 | AJ55: =+G55*SUM(H55:M55) -> 690 | AK55: 200 | AL55: 0 | AM55: =+H55*AL55 -> 0 | AN55: 0 | AO55: =+H55*AN55 -> 0 | AP55: =+AO55*2 -> 0 | AQ55: 0 | AR55: 0 | AS55: CTD T.MÉXICO | AT55: BLANCO
B56: LENNOX 1 | C56: SAIRA MORALES | D56: 626978-01 | E56: C - 7/8 | F56: 0.045 | G56: 0.233 | H56: =VLOOKUP(D56,'[1]LENNOX WK 29'!$A$3:$E$76,5,0) -> 0 | I56: 0 | J56: 0 | L56: 1000 | N56: =+H56+I56+J56+K56+L56+M56-SUM(O56:AI56) -> 416 | O56: 0 | P56: 584 | Q56: 0 | R56: 0 | S56: 0 | T56: 0 | U56: 0 | V56: 0 | W56: 0 | X56: 0 | Y56: 0 | Z56: 0 | AI56: 0 | AJ56: =+G56*SUM(H56:M56) -> 233 | AK56: 500 | AL56: 0 | AM56: =+H56*AL56 -> 0 | AN56: 0 | AO56: =+H56*AN56 -> 0 | AP56: =+AO56*2 -> 0 | AQ56: 0 | AR56: 0 | AS56: CTD T.MÉXICO | AT56: BLANCO
B57: LENNOX 1 | C57: SAIRA MORALES | D57: 618887-01 | E57: C - 7/8 | F57: 0.041 | G57: 0.197 | H57: =VLOOKUP(D57,'[1]LENNOX WK 29'!$A$3:$E$76,5,0) -> 1800 | I57: 0 | J57: 0 | L57: 2200 | N57: =+H57+I57+J57+K57+L57+M57-SUM(O57:AI57) -> 2200 | O57: 0 | P57: 0 | Q57: 0 | R57: 0 | S57: 463 | T57: 0 | U57: 500 | V57: 290 | W57: 0 | X57: 0 | Y57: 547 | Z57: 0 | AI57: 0 | AJ57: =+G57*SUM(H57:M57) -> 788 | AK57: 500 | AL57: 0 | AM57: =+H57*AL57 -> 0 | AN57: 0 | AO57: =+H57*AN57 -> 0 | AP57: =+AO57*2 -> 0 | AQ57: 0 | AR57: 0 | AS57: CTD T.MÉXICO | AT57: BLANCO
B58: LENNOX 1 | C58: SAIRA MORALES | D58: 626998-01 | E58: C - 7/8 | F58: 0.045 | G58: 0.173 | H58: =VLOOKUP(D58,'[1]LENNOX WK 29'!$A$3:$E$76,5,0) -> 300 | I58: 0 | J58: 1200 | L58: 900 | N58: =+H58+I58+J58+K58+L58+M58-SUM(O58:AI58) -> 1720 | O58: 0 | P58: 0 | Q58: 680 | R58: 0 | S58: 0 | T58: 0 | U58: 0 | V58: 0 | W58: 0 | X58: 0 | Y58: 0 | Z58: 0 | AI58: 0 | AJ58: =+G58*SUM(H58:M58) -> 415.2 | AK58: 500 | AL58: 0 | AM58: =+H58*AL58 -> 0 | AN58: 0 | AO58: =+H58*AN58 -> 0 | AP58: =+AO58*2 -> 0 | AQ58: 0 | AR58: 0 | AS58: CTD T.MÉXICO | AT58: BLANCO
B59: LENNOX 1 | C59: SAIRA MORALES | D59: 614166-01 | E59: SOLDADURA 3/4 | F59: 0.035 | G59: 0.298 | H59: =VLOOKUP(D59,'[1]LENNOX WK 29'!$A$3:$E$76,5,0) -> 0 | I59: 0 | J59: 0 | L59: 0 | N59: =+H59+I59+J59+K59+L59+M59-SUM(O59:AI59) -> 0 | O59: 0 | P59: 0 | Q59: 0 | R59: 0 | S59: 0 | T59: 0 | U59: 0 | V59: 0 | W59: 0 | X59: 0 | Y59: 0 | Z59: 0 | AI59: 0 | AJ59: =+G59*SUM(H59:M59) -> 0 | AK59: 144 | AL59: 0 | AM59: =+H59*AL59 -> 0 | AN59: 0 | AO59: =+H59*AN59 -> 0 | AP59: =+AO59*2 -> 0 | AQ59: 103881-02 | AR59: =+SUM(H59:M59) -> 0 | AS59: CTD T.MÉXICO | AT59: BLANCO
B60: LENNOX 1 | C60: SAIRA MORALES | D60: 626798-01 | E60: SOLDADURA 3/4 | F60: 0.035 | G60: 0.249 | H60: =VLOOKUP(D60,'[1]LENNOX WK 29'!$A$3:$E$76,5,0) -> 1008 | I60: 0 | J60: 0 | L60: 0 | N60: =+H60+I60+J60+K60+L60+M60-SUM(O60:AI60) -> -576 | O60: 0 | P60: 0 | Q60: 144 | R60: 720 | S60: 144 | T60: 144 | U60: 0 | V60: 0 | W60: 0 | X60: 0 | Y60: 0 | Z60: 0 | AF60: 288 | AH60: 144 | AI60: 0 | AJ60: =+G60*SUM(H60:M60) -> 250.992 | AK60: 144 | AL60: 1 | AM60: =+H60*AL60 -> 1008 | AN60: 0 | AO60: =+H60*AN60 -> 0 | AP60: =+AO60*2 -> 0 | AQ60: 107892-03 | AR60: =+SUM(H60:M60) -> 1008 | AS60: CTD T.MÉXICO | AT60: BLANCO
B61: LENNOX 1 | C61: SAIRA MORALES | D61: 626430-01 | E61: SOLDADURA 3/4 | F61: 0.035 | G61: 0.253 | H61: =VLOOKUP(D61,'[1]LENNOX WK 29'!$A$3:$E$76,5,0) -> 0 | I61: 0 | J61: 0 | L61: 0 | N61: =+H61+I61+J61+K61+L61+M61-SUM(O61:AI61) -> 0 | O61: 0 | P61: 0 | Q61: 0 | R61: 0 | S61: 0 | T61: 0 | U61: 0 | V61: 0 | W61: 0 | X61: 0 | Y61: 0 | Z61: 0 | AI61: 0 | AJ61: =+G61*SUM(H61:M61) -> 0 | AK61: 144 | AL61: 1 | AM61: =+H61*AL61 -> 0 | AN61: 0 | AO61: =+H61*AN61 -> 0 | AP61: =+AO61*2 -> 0 | AQ61: 107892-03 | AR61: =+SUM(H61:M61) -> 0 | AS61: CTD T.MÉXICO | AT61: BLANCO
B62: LENNOX 1 | C62: SAIRA MORALES | D62: 626581-01 | E62: SOLDADURA 3/4 | F62: 0.035 | G62: 0.215 | H62: =VLOOKUP(D62,'[1]LENNOX WK 29'!$A$3:$E$76,5,0) -> 576 | I62: 432 | J62: 0 | L62: 432 | M62: 720 | N62: =+H62+I62+J62+K62+L62+M62-SUM(O62:AI62) -> 144 | O62: 288 | P62: 0 | Q62: 432 | R62: 144 | S62: 288 | T62: 0 | U62: 0 | V62: 0 | W62: 0 | X62: 432 | Y62: 0 | Z62: 144 | AG62: 144 | AH62: 144 | AI62: 0 | AJ62: =+G62*SUM(H62:M62) -> 464.4 | AK62: 144 | AL62: 1 | AM62: =+H62*AL62 -> 576 | AN62: 0 | AO62: =+H62*AN62 -> 0 | AP62: =+AO62*2 -> 0 | AQ62: 107892-03 | AR62: =+SUM(H62:M62) -> 2160 | AS62: CTD T.MÉXICO | AT62: BLANCO
B63: LENNOX 1 | C63: SAIRA MORALES | D63: 626798-02 | E63: SOLDADURA 3/4 | F63: 0.035 | G63: 0.253 | H63: =VLOOKUP(D63,'[1]LENNOX WK 29'!$A$3:$E$76,5,0) -> 288 | I63: 0 | J63: 1008 | L63: 432 | N63: =+H63+I63+J63+K63+L63+M63-SUM(O63:AI63) -> 0 | O63: 0 | P63: 0 | Q63: 0 | R63: 144 | S63: 144 | T63: 0 | U63: 0 | V63: 0 | W63: 0 | X63: 0 | Y63: 0 | Z63: 0 | AB63: 374 | AC63: 144 | AD63: 200 | AG63: 432 | AI63: 290 | AJ63: =+G63*SUM(H63:M63) -> 437.184 | AK63: 144 | AL63: 1 | AM63: =+H63*AL63 -> 288 | AN63: 0 | AO63: =+H63*AN63 -> 0 | AP63: =+AO63*2 -> 0 | AQ63: 107892-03 | AR63: =+SUM(H63:M63) -> 1728 | AS63: CTD T.MÉXICO | AT63: BLANCO
B64: LENNOX 1 | C64: SAIRA MORALES | D64: 626581-04 | E64: SOLDADURA 3/4 | F64: 0.035 | G64: 0.249 | H64: =VLOOKUP(D64,'[1]LENNOX WK 29'!$A$3:$E$76,5,0) -> 720 | I64: 144 | J64: 792 | L64: 864 | N64: =+H64+I64+J64+K64+L64+M64-SUM(O64:AI64) -> 576 | O64: 0 | P64: 0 | Q64: 144 | R64: 0 | S64: 0 | T64: 576 | U64: 0 | V64: 0 | W64: 0 | X64: 0 | Y64: 144 | Z64: 0 | AA64: 288 | AB64: 144 | AC64: 288 | AE64: 72 | AG64: 144 | AH64: 144 | AI64: 0 | AJ64: =+G64*SUM(H64:M64) -> 627.48 | AK64: 144 | AL64: 1 | AM64: =+H64*AL64 -> 720 | AN64: 0 | AO64: =+H64*AN64 -> 0 | AP64: =+AO64*2 -> 0 | AQ64: 107892-03 | AR64: =+SUM(H64:M64) -> 2520 | AS64: CTD T.MÉXICO | AT64: BLANCO
B65: LENNOX 1 | C65: SAIRA MORALES | D65: 101777-01 | E65: SOLDADURA 3/4 | F65: 0.035 | G65: 0.303 | H65: =VLOOKUP(D65,'[1]LENNOX WK 29'!$A$3:$E$76,5,0) -> 432 | I65: 0 | J65: 0 | L65: 0 | N65: =+H65+I65+J65+K65+L65+M65-SUM(O65:AI65) -> 0 | O65: 0 | P65: 0 | Q65: 0 | R65: 0 | S65: 0 | T65: 288 | U65: 0 | V65: 0 | W65: 0 | X65: 0 | Y65: 0 | Z65: 0 | AF65: 144 | AI65: 0 | AJ65: =+G65*SUM(H65:M65) -> 130.896 | AK65: 144 | AL65: 0 | AM65: =+H65*AL65 -> 0 | AN65: 0 | AO65: =+H65*AN65 -> 0 | AP65: =+AO65*2 -> 0 | AQ65: 103881-02 | AR65: =+SUM(H65:M65) -> 432 | AS65: CTD T.MÉXICO | AT65: BLANCO
B66: LENNOX 1 | C66: SAIRA MORALES | D66: 626581-02 | E66: SOLDADURA 3/4 | F66: 0.035 | G66: 0.216 | H66: =VLOOKUP(D66,'[1]LENNOX WK 29'!$A$3:$E$76,5,0) -> 144 | I66: 288 | J66: 0 | L66: 0 | N66: =+H66+I66+J66+K66+L66+M66-SUM(O66:AI66) -> 0 | O66: 0 | P66: 0 | Q66: 144 | R66: 0 | S66: 0 | T66: 0 | U66: 0 | V66: 0 | W66: 0 | X66: 0 | Y66: 144 | Z66: 0 | AA66: 144 | AI66: 0 | AJ66: =+G66*SUM(H66:M66) -> 93.312 | AK66: 144 | AL66: 1 | AM66: =+H66*AL66 -> 144 | AN66: 0 | AO66: =+H66*AN66 -> 0 | AP66: =+AO66*2 -> 0 | AQ66: 107892-03 | AR66: =+SUM(H66:M66) -> 432 | AS66: CTD T.MÉXICO | AT66: BLANCO
B67: LENNOX 1 | C67: SAIRA MORALES | D67: 613781-01 | E67: SOLDADURA 3/4 | F67: 0.035 | G67: 0.284 | H67: =VLOOKUP(D67,'[1]LENNOX WK 29'!$A$3:$E$76,5,0) -> 288 | I67: 0 | J67: 0 | L67: 144 | N67: =+H67+I67+J67+K67+L67+M67-SUM(O67:AI67) -> 0 | O67: 0 | P67: 0 | Q67: 0 | R67: 0 | S67: 0 | T67: 288 | U67: 0 | V67: 0 | W67: 0 | X67: 0 | Y67: 0 | Z67: 0 | AG67: 144 | AI67: 0 | AJ67: =+G67*SUM(H67:M67) -> 122.688 | AK67: 144 | AL67: 0 | AM67: =+H67*AL67 -> 0 | AN67: 0 | AO67: =+H67*AN67 -> 0 | AP67: =+AO67*2 -> 0 | AQ67: 103881-02 | AR67: =+SUM(H67:M67) -> 432 | AS67: CTD T.MÉXICO | AT67: BLANCO
B68: LENNOX 1 | C68: SAIRA MORALES | D68: 626798-03 | E68: SOLDADURA 3/4 | F68: 0.035 | G68: 0.252 | H68: =VLOOKUP(D68,'[1]LENNOX WK 29'!$A$3:$E$76,5,0) -> 0 | I68: 288 | J68: 288 | L68: 0 | N68: =+H68+I68+J68+K68+L68+M68-SUM(O68:AI68) -> -144 | O68: 0 | P68: 0 | Q68: 0 | R68: 0 | S68: 0 | T68: 0 | U68: 0 | V68: 0 | W68: 0 | X68: 0 | Y68: 288 | Z68: 0 | AB68: 288 | AD68: 144 | AI68: 0 | AJ68: =+G68*SUM(H68:M68) -> 145.152 | AK68: 144 | AL68: 1 | AM68: =+H68*AL68 -> 0 | AN68: 0 | AO68: =+H68*AN68 -> 0 | AP68: =+AO68*2 -> 0 | AQ68: 107892-03 | AR68: =+SUM(H68:M68) -> 576 | AS68: CTD T.MÉXICO | AT68: BLANCO
B69: LENNOX 1 | C69: SAIRA MORALES | D69: 626581-05 | E69: SOLDADURA 7/8 | F69: 0.045 | G69: 0.373 | H69: =VLOOKUP(D69,'[1]LENNOX WK 29'!$A$3:$E$76,5,0) -> 640 | I69: 256 | J69: 1024 | L69: 768 | N69: =+H69+I69+J69+K69+L69+M69-SUM(O69:AI69) -> 512 | O69: 0 | P69: 0 | Q69: 0 | R69: 128 | S69: 0 | T69: 0 | U69: 0 | V69: 0 | W69: 0 | X69: 256 | Y69: 0 | Z69: 0 | AA69: 128 | AB69: 128 | AC69: 640 | AE69: 128 | AG69: 256 | AI69: 512 | AJ69: =+G69*SUM(H69:M69) -> 1002.624 | AK69: 288 | AL69: 1 | AM69: =+H69*AL69 -> 640 | AN69: 0 | AO69: =+H69*AN69 -> 0 | AP69: =+AO69*2 -> 0 | AQ69: 107892-04 | AR69: =+SUM(H69:M69) -> 2688 | AS69: CTD T.MÉXICO | AT69: BLANCO
B70: LENNOX 1 | C70: SAIRA MORALES | D70: 606820-03 | E70: SOLDADURA 7/8 | F70: 0.041 | G70: 0.375 | H70: =VLOOKUP(D70,'[1]LENNOX WK 29'!$A$3:$E$76,5,0) -> 0 | I70: 0 | J70: 0 | L70: 0 | N70: =+H70+I70+J70+K70+L70+M70-SUM(O70:AI70) -> 0 | O70: 0 | P70: 0 | Q70: 0 | R70: 0 | S70: 0 | T70: 0 | U70: 0 | V70: 0 | W70: 0 | X70: 0 | Y70: 0 | Z70: 0 | AI70: 0 | AJ70: =+G70*SUM(H70:M70) -> 0 | AK70: 288 | AL70: 0 | AM70: =+H70*AL70 -> 0 | AN70: 1 | AO70: =+H70*AN70 -> 0 | AP70: =+AO70*2 -> 0 | AQ70: 102831-11 | AR70: =+SUM(H70:M70) -> 0 | AS70: CTD T.MÉXICO | AT70: BLANCO
B71: LENNOX 1 | C71: SAIRA MORALES | D71: 626432-01 | E71: SOLDADURA 7/8 | F71: 0.045 | G71: 0.356 | H71: =VLOOKUP(D71,'[1]LENNOX WK 29'!$A$3:$E$76,5,0) -> 0 | I71: 256 | J71: 0 | L71: 0 | N71: =+H71+I71+J71+K71+L71+M71-SUM(O71:AI71) -> 0 | O71: 0 | P71: 0 | Q71: 0 | R71: 0 | S71: 0 | T71: 0 | U71: 0 | V71: 0 | W71: 0 | X71: 0 | Y71: 256 | Z71: 0 | AI71: 0 | AJ71: =+G71*SUM(H71:M71) -> 91.136 | AK71: 288 | AL71: 1 | AM71: =+H71*AL71 -> 0 | AN71: 0 | AO71: =+H71*AN71 -> 0 | AP71: =+AO71*2 -> 0 | AQ71: 107892-04 | AR71: =+SUM(H71:M71) -> 256 | AS71: CTD T.MÉXICO | AT71: BLANCO
B72: LENNOX 1 | C72: SAIRA MORALES | D72: 626581-08 | E72: SOLDADURA 7/8 | F72: 0.045 | G72: 0.352 | H72: =VLOOKUP(D72,'[1]LENNOX WK 29'!$A$3:$E$76,5,0) -> 640 | I72: 128 | J72: 256 | L72: 128 | M72: 128 | N72: =+H72+I72+J72+K72+L72+M72-SUM(O72:AI72) -> 0 | O72: 128 | P72: 0 | Q72: 0 | R72: 0 | S72: 384 | T72: 128 | U72: 128 | V72: 0 | W72: 0 | X72: 0 | Y72: 0 | Z72: 128 | AD72: 256 | AF72: 128 | AI72: 0 | AJ72: =+G72*SUM(H72:M72) -> 450.56 | AK72: 288 | AL72: 1 | AM72: =+H72*AL72 -> 640 | AN72: 0 | AO72: =+H72*AN72 -> 0 | AP72: =+AO72*2 -> 0 | AQ72: 107905-06 | AR72: =+SUM(H72:M72) -> 1280 | AS72: CTD T.MÉXICO | AT72: BLANCO
B73: LENNOX 1 | C73: SAIRA MORALES | D73: 626581-11 | E73: SOLDADURA 7/8 | F73: 0.045 | G73: 0.353 | H73: =VLOOKUP(D73,'[1]LENNOX WK 29'!$A$3:$E$76,5,0) -> 0 | I73: 0 | J73: 0 | L73: 0 | N73: =+H73+I73+J73+K73+L73+M73-SUM(O73:AI73) -> 0 | O73: 0 | P73: 0 | Q73: 0 | R73: 0 | S73: 0 | T73: 0 | U73: 0 | V73: 0 | W73: 0 | X73: 0 | Y73: 0 | Z73: 0 | AI73: 0 | AJ73: =+G73*SUM(H73:M73) -> 0 | AK73: 288 | AL73: 1 | AM73: =+H73*AL73 -> 0 | AN73: 0 | AO73: =+H73*AN73 -> 0 | AP73: =+AO73*2 -> 0 | AQ73: 107905-07 | AR73: =+SUM(H73:M73) -> 0 | AS73: CTD T.MÉXICO | AT73: BLANCO
B74: LENNOX 1 | C74: SAIRA MORALES | D74: 626434-01 | E74: SOLDADURA 7/8 | F74: 0.045 | G74: 0.356 | H74: =VLOOKUP(D74,'[1]LENNOX WK 29'!$A$3:$E$76,5,0) -> 128 | I74: 256 | J74: 0 | L74: 0 | N74: =+H74+I74+J74+K74+L74+M74-SUM(O74:AI74) -> 0 | O74: 0 | P74: 0 | Q74: 128 | R74: 0 | S74: 0 | T74: 0 | U74: 0 | V74: 0 | W74: 0 | X74: 0 | Y74: 0 | Z74: 256 | AI74: 0 | AJ74: =+G74*SUM(H74:M74) -> 136.704 | AK74: 288 | AL74: 1 | AM74: =+H74*AL74 -> 128 | AN74: 0 | AO74: =+H74*AN74 -> 0 | AP74: =+AO74*2 -> 0 | AQ74: 107905-07 | AR74: =+SUM(H74:M74) -> 384 | AS74: CTD T.MÉXICO | AT74: BLANCO
B75: LENNOX 1 | C75: SAIRA MORALES | D75: 614199-01 | E75: SOLDADURA 7/8 | F75: 0.041 | G75: 0.441 | H75: =VLOOKUP(D75,'[1]LENNOX WK 29'!$A$3:$E$76,5,0) -> 0 | I75: 0 | J75: 0 | L75: 0 | N75: =+H75+I75+J75+K75+L75+M75-SUM(O75:AI75) -> 0 | O75: 0 | P75: 0 | Q75: 0 | R75: 0 | S75: 0 | T75: 0 | U75: 0 | V75: 0 | W75: 0 | X75: 0 | Y75: 0 | Z75: 0 | AI75: 0 | AJ75: =+G75*SUM(H75:M75) -> 0 | AK75: 288 | AL75: 0 | AM75: =+H75*AL75 -> 0 | AN75: 0 | AO75: =+H75*AN75 -> 0 | AP75: =+AO75*2 -> 0 | AQ75: 103881-03 | AR75: =+SUM(H75:M75) -> 0 | AS75: CTD T.MÉXICO | AT75: BLANCO
B76: LENNOX 1 | C76: SAIRA MORALES | D76: 626581-06 | E76: SOLDADURA 7/8 | F76: 0.045 | G76: 0.374 | H76: =VLOOKUP(D76,'[1]LENNOX WK 29'!$A$3:$E$76,5,0) -> 0 | I76: 128 | J76: 256 | L76: 256 | N76: =+H76+I76+J76+K76+L76+M76-SUM(O76:AI76) -> 128 | O76: 0 | P76: 0 | Q76: 0 | R76: 0 | S76: 0 | T76: 0 | U76: 0 | V76: 0 | W76: 0 | X76: 0 | Y76: 0 | Z76: 128 | AB76: 128 | AD76: 128 | AI76: 128 | AJ76: =+G76*SUM(H76:M76) -> 239.36 | AK76: 288 | AL76: 1 | AM76: =+H76*AL76 -> 0 | AN76: 0 | AO76: =+H76*AN76 -> 0 | AP76: =+AO76*2 -> 0 | AQ76: 107892-04 | AR76: =+SUM(H76:M76) -> 640 | AS76: CTD T.MÉXICO | AT76: BLANCO
B77: LENNOX 1 | C77: SAIRA MORALES | D77: 612822-01 | E77: SOLDADURA 7/8 | F77: 0.041 | G77: 0.416 | H77: =VLOOKUP(D77,'[1]LENNOX WK 29'!$A$3:$E$76,5,0) -> 128 | I77: 0 | J77: 0 | L77: 0 | N77: =+H77+I77+J77+K77+L77+M77-SUM(O77:AI77) -> 0 | O77: 0 | P77: 0 | Q77: 128 | R77: 0 | S77: 0 | T77: 0 | U77: 0 | V77: 0 | W77: 0 | X77: 0 | Y77: 0 | Z77: 0 | AI77: 0 | AJ77: =+G77*SUM(H77:M77) -> 53.248 | AK77: 288 | AL77: 0 | AM77: =+H77*AL77 -> 0 | AN77: 1 | AO77: =+H77*AN77 -> 128 | AP77: =+AO77*2 -> 256 | AQ77: 102831-10 | AR77: =+SUM(H77:M77) -> 128 | AS77: CTD T.MÉXICO | AT77: BLANCO
B78: LENNOX 1 | C78: SAIRA MORALES | D78: 626429-01 | E78: SOLDADURA 7/8 | F78: 0.045 | G78: 0.395 | H78: =VLOOKUP(D78,'[1]LENNOX WK 29'!$A$3:$E$76,5,0) -> 128 | I78: 128 | J78: 0 | L78: 0 | N78: =+H78+I78+J78+K78+L78+M78-SUM(O78:AI78) -> 0 | O78: 128 | P78: 0 | Q78: 0 | R78: 0 | S78: 0 | T78: 0 | U78: 0 | V78: 0 | W78: 0 | X78: 0 | Y78: 128 | Z78: 0 | AI78: 0 | AJ78: =+G78*SUM(H78:M78) -> 101.12 | AK78: 288 | AL78: 1 | AM78: =+H78*AL78 -> 128 | AN78: 0 | AO78: =+H78*AN78 -> 0 | AP78: =+AO78*2 -> 0 | AQ78: 107892-04 | AR78: =+SUM(H78:M78) -> 256 | AS78: CTD T.MÉXICO | AT78: BLANCO
G79: TOTAL | H79: =SUM(H6:H78) -> 24120 | I79: =SUM(I6:I78) -> 9304 | J79: =SUM(J6:J78) -> 13524 | K79: =SUM(K6:K78) -> 80 | L79: =SUM(L6:L78) -> 46524 | M79: =SUM(M6:M78) -> 848 | N79: =SUM(N6:N78) -> 24591 | O79: =SUM(O6:O78) -> 1964 | ... AJ79: =SUM(AJ6:AJ78) -> 9702.476 | AL79: =SUM(AL6:AL78) -> 14 | AM79: =SUM(AM6:AM78) -> 4272 | AN79: =SUM(AN6:AN78) -> 2 | AO79: =SUM(AO6:AO78) -> 128 | AP79: =SUM(AP6:AP78) -> 256 | AR79: =SUM(AR6:AR78) -> 14920
G80: MAS AGREGADO | H80: =+H79+I79+J79+K79+L79+M79 -> 94400 | O80: =+O79+P79 -> 5208 | Q80: =+Q79+R79 -> 8790 | S80: =+S79+T79 -> 10849 | U80: =+U79+V79 -> 6922 | W80: =+W79+X79 -> 4552 | Y80: =+Y79+Z79 -> 5516 | AA80: =+AA79+AB79 -> 3622 | AC80: =+AC79+AD79 -> 6400 | AE80: =+AE79+AF79 -> 8679 | AG80: =+AG79+AH79 -> 8341 | AI80: =+AI79 -> 930

Sheet SEMANA 30
B2: DÍA | C2: TURNO
B3: =TODAY() -> 46309 | C3: A | D3: X | H3: PROGRAMA
C4: B | H4: SEMANA | O4: 46223 | Q4: 46224 | S4: 46225 | U4: 46226 | W4: 46227 | Y4: Ag1
B5: CLIENTE | C5: DESTINO | D5: NÚMERO DE PARTE | E5: DIAMETRO | F5: PARED | G5: PESO | H5: 30 | I5: Ag1 | J5: Ag2 | K5: Ag3 | L5: Ag4 | M5: Ag5 | N5: BALANCE | O5: A | P5: B | Q5: A | R5: B | S5: A | T5: B | U5: A | V5: B | W5: A | X5: B | Y5: AYB | Z5: KG | AA5: STD. | AB5: SWITCH | AC5: SWITCH | AD5: BRACKET | AE5: BRACKET | AF5: PIJA | AG5: VALVULA | AH5: CANT. VAL. | AI5: CAJA | AJ5: HOJA COLOR | AL5: Row Labels | AM5: Sum of CANT. VAL.
B6: LENNOX 1 | C6: SAIRA MORALES | D6: 625994-01 | E6: A - 3/8 | F6: 0.42 | G6: 0.02 | H6: 5600 | I6: 0 | J6: 0 | N6: =+H6+I6+J6+K6+L6+M6-SUM(O6:Y6) -> 2350 | R6: 2250 | T6: 1000 | Z6: =+G6*SUM(H6:M6) -> 112 | AA6: 1000 | AB6: 0 | AC6: =+H6*AB6 -> 0 | AD6: 0 | AE6: =+H6*AD6 -> 0 | AF6: =+AE6*2 -> 0 | AG6: 0 | AH6: 0 | AI6: CTD T.MÉXICO | AJ6: BLANCO | AL6: 0 | AM6: 0 | AQ6: 5600
B7: LENNOX 1 | C7: SAIRA MORALES | D7: 627512-01 | E7: A - 3/8 | F7: 0.42 | G7: 0.031 | H7: 4338 | I7: 0 | J7: 1000 | N7: =+H7+I7+J7+K7+L7+M7-SUM(O7:Y7) -> 1668 | P7: 1800 | V7: 600 | X7: 1270 | Z7: =+G7*SUM(H7:M7) -> 165.478 | AA7: 1000 | AB7: 0 | AC7: =+H7*AB7 -> 0 | AD7: 0 | AE7: =+H7*AD7 -> 0 | AF7: =+AE7*2 -> 0 | AG7: 0 | AH7: 0 | AI7: CTD T.MÉXICO | AJ7: BLANCO | AL7: 102831-10 | AM7: 128 | AQ7: 4338
B8: LENNOX 1 | C8: SAIRA MORALES | D8: 625967-01 | E8: A - 3/8 | F8: 0.42 | G8: 0.033 | H8: 1300 | I8: 0 | J8: 0 | N8: =+H8+I8+J8+K8+L8+M8-SUM(O8:Y8) -> 100 | T8: 600 | V8: 600 | Z8: =+G8*SUM(H8:M8) -> 42.9 | AA8: 1000 | AB8: 0 | AC8: =+H8*AB8 -> 0 | AD8: 0 | AE8: =+H8*AD8 -> 0 | AF8: =+AE8*2 -> 0 | AG8: 0 | AH8: 0 | AI8: CTD T.MÉXICO | AJ8: BLANCO | AL8: 102831-11 | AM8: 0 | AQ8: 1300
B9: LENNOX 1 | C9: SAIRA MORALES | D9: 626309-01 | E9: A - 3/8 | F9: 0.42 | G9: 0.019 | H9: 0 | I9: 0 | J9: 0 | N9: =+H9+I9+J9+K9+L9+M9-SUM(O9:Y9) -> 0 | Z9: =+G9*SUM(H9:M9) -> 0 | AA9: 1000 | AB9: 0 | AC9: =+H9*AB9 -> 0 | AD9: 0 | AE9: =+H9*AD9 -> 0 | AF9: =+AE9*2 -> 0 | AG9: 0 | AH9: 0 | AI9: CTD T.MÉXICO | AJ9: BLANCO | AL9: 103881-02 | AM9: 864 | AQ9: 0
B10: LENNOX 1 | C10: SAIRA MORALES | D10: 625890-01 | E10: A - 3/8 | F10: 0.42 | G10: 0.03 | H10: 1000 | I10: 0 | J10: 0 | N10: =+H10+I10+J10+K10+L10+M10-SUM(O10:Y10) -> 1000 | Z10: =+G10*SUM(H10:M10) -> 30 | AA10: 1000 | AB10: 0 | AC10: =+H10*AB10 -> 0 | AD10: 0 | AE10: =+H10*AD10 -> 0 | AF10: =+AE10*2 -> 0 | AG10: 0 | AH10: 0 | AI10: CTD T.MÉXICO | AJ10: BLANCO | AL10: 103881-03 | AM10: 0 | AQ10: 1000
B11: LENNOX 1 | C11: SAIRA MORALES | D11: 615991-01 | E11: A - 3/8 | F11: 0.42 | G11: 0.022 | H11: 1707 | I11: 0 | J11: 0 | N11: =+H11+I11+J11+K11+L11+M11-SUM(O11:Y11) -> 1707 | Z11: =+G11*SUM(H11:M11) -> 37.554 | AA11: 1000 | AB11: 0 | AC11: =+H11*AB11 -> 0 | AD11: 0 | AE11: =+H11*AD11 -> 0 | AF11: =+AE11*2 -> 0 | AG11: 0 | AH11: 0 | AI11: CTD T.MÉXICO | AJ11: BLANCO | AL11: 107892-03 | AM11: 7704 | AQ11: 1707
B12: LENNOX 1 | C12: SAIRA MORALES | D12: 626164-01 | E12: A - 3/8 | F12: 0.42 | G12: 0.023 | H12: 0 | I12: 0 | J12: 0 | N12: =+H12+I12+J12+K12+L12+M12-SUM(O12:Y12) -> 0 | Z12: =+G12*SUM(H12:M12) -> 0 | AA12: 1000 | AB12: 0 | AC12: =+H12*AB12 -> 0 | AD12: 0 | AE12: =+H12*AD12 -> 0 | AF12: =+AE12*2 -> 0 | AG12: 0 | AH12: 0 | AI12: CTD T.MÉXICO | AJ12: BLANCO | AL12: 107892-04 | AM12: 3840 | AQ12: 0
B13: LENNOX 1 | C13: SAIRA MORALES | D13: 626121-01 | E13: C - 3/8 | F13: 0.028 | G13: 0.057 | H13: -3900 | I13: 0 | J13: 0 | N13: =+H13+I13+J13+K13+L13+M13-SUM(O13:Y13) -> -3900 | Z13: =+G13*SUM(H13:M13) -> -222.3 | AA13: 1000 | AB13: 0 | AC13: =+H13*AB13 -> 0 | AD13: 0 | AE13: =+H13*AD13 -> 0 | AF13: =+AE13*2 -> 0 | AG13: 0 | AH13: 0 | AI13: CTD T.MÉXICO | AJ13: BLANCO | AL13: 107905-06 | AM13: 1280 | AQ13: -3900
B14: LENNOX 1 | C14: SAIRA MORALES | D14: 625995-01 | E14: C - 3/8 | F14: 0.028 | G14: 0.044 | H14: -2966 | I14: 0 | J14: 0 | N14: =+H14+I14+J14+K14+L14+M14-SUM(O14:Y14) -> -4366 | P14: 400 | V14: 1000 | Z14: =+G14*SUM(H14:M14) -> -130.504 | AA14: 1000 | AB14: 0 | AC14: =+H14*AB14 -> 0 | AD14: 0 | AE14: =+H14*AD14 -> 0 | AF14: =+AE14*2 -> 0 | AG14: 0 | AH14: 0 | AI14: CTD T.MÉXICO | AJ14: BLANCO | AL14: 107905-07 | AM14: 384 | AQ14: -2966
B15: LENNOX 1 | C15: SAIRA MORALES | D15: 615380-01 | E15: C - 3/8 | F15: 0.028 | G15: 0.015 | H15: 2400 | I15: 0 | J15: 500 | N15: =+H15+I15+J15+K15+L15+M15-SUM(O15:Y15) -> -1200 | O15: 1900 | P15: 500 | S15: 500 | X15: 1200 | Z15: =+G15*SUM(H15:M15) -> 43.5 | AA15: 1000 | AB15: 0 | AC15: =+H15*AB15 -> 0 | AD15: 0 | AE15: =+H15*AD15 -> 0 | AF15: =+AE15*2 -> 0 | AG15: 0 | AH15: 0 | AI15: CTD T.MÉXICO | AJ15: BLANCO | AL15: Grand Total | AM15: 14200 | AQ15: 2400
B16: LENNOX 1 | C16: SAIRA MORALES | D16: 625922-01 | E16: C - 3/8 | F16: 0.028 | G16: 0.019 | H16: 400 | I16: 0 | J16: 0 | N16: =+H16+I16+J16+K16+L16+M16-SUM(O16:Y16) -> 0 | S16: 400 | Z16: =+G16*SUM(H16:M16) -> 7.6 | AA16: 1000 | AB16: 0 | AC16: =+H16*AB16 -> 0 | AD16: 0 | AE16: =+H16*AD16 -> 0 | AF16: =+AE16*2 -> 0 | AG16: 0 | AH16: 0 | AI16: CTD T.MÉXICO | AJ16: BLANCO | AQ16: 400
B17: LENNOX 1 | C17: SAIRA MORALES | D17: 627511-01 | E17: C - 3/8 | F17: 0.028 | G17: 0.024 | H17: 3600 | I17: 0 | J17: 0 | N17: =+H17+I17+J17+K17+L17+M17-SUM(O17:Y17) -> -300 | P17: 300 | Q17: 1900 | R17: 1300 | S17: 400 | Z17: =+G17*SUM(H17:M17) -> 86.4 | AA17: 1000 | AB17: 0 | AC17: =+H17*AB17 -> 0 | AD17: 0 | AE17: =+H17*AD17 -> 0 | AF17: =+AE17*2 -> 0 | AG17: 0 | AH17: 0 | AI17: CTD T.MÉXICO | AJ17: BLANCO | AQ17: 3600
B18: LENNOX 1 | C18: SAIRA MORALES | D18: 626308-01 | E18: C - 3/8 | F18: 0.028 | G18: 0.019 | H18: 0 | I18: 0 | J18: 0 | N18: =+H18+I18+J18+K18+L18+M18-SUM(O18:Y18) -> 0 | Z18: =+G18*SUM(H18:M18) -> 0 | AA18: 1000 | AB18: 0 | AC18: =+H18*AB18 -> 0 | AD18: 0 | AE18: =+H18*AD18 -> 0 | AF18: =+AE18*2 -> 0 | AG18: 0 | AH18: 0 | AI18: CTD T.MÉXICO | AJ18: BLANCO | AQ18: 0
B19: LENNOX 1 | C19: SAIRA MORALES | D19: 626467-01 | E19: C - 1/2 | F19: 0.028 | G19: 0.086 | H19: -55 | I19: 0 | J19: 0 | N19: =+H19+I19+J19+K19+L19+M19-SUM(O19:Y19) -> -55 | Z19: =+G19*SUM(H19:M19) -> -4.73 | AA19: 100 | AB19: 0 | AC19: =+H19*AB19 -> 0 | AD19: 0 | AE19: =+H19*AD19 -> 0 | AF19: =+AE19*2 -> 0 | AG19: 0 | AH19: 0 | AI19: CTD T.MÉXICO | AJ19: BLANCO | AQ19: -55
B20: LENNOX 1 | C20: SAIRA MORALES | D20: 626473-01 | E20: C - 1/2 | F20: 0.028 | G20: 0.117 | H20: 0 | I20: 0 | J20: 0 | N20: =+H20+I20+J20+K20+L20+M20-SUM(O20:Y20) -> 0 | Z20: =+G20*SUM(H20:M20) -> 0 | AA20: 100 | AB20: 0 | AC20: =+H20*AB20 -> 0 | AD20: 0 | AE20: =+H20*AD20 -> 0 | AF20: =+AE20*2 -> 0 | AG20: 0 | AH20: 0 | AI20: CTD T.MÉXICO | AJ20: BLANCO | AQ20: 0
B21: LENNOX 1 | C21: SAIRA MORALES | D21: 627051-01 | E21: C - 1/2 | F21: 0.028 | G21: 0.129 | H21: -25 | I21: 0 | J21: 0 | N21: =+H21+I21+J21+K21+L21+M21-SUM(O21:Y21) -> -370 | Q21: 345 | Z21: =+G21*SUM(H21:M21) -> -3.225 | AA21: 100 | AB21: 0 | AC21: =+H21*AB21 -> 0 | AD21: 0 | AE21: =+H21*AD21 -> 0 | AF21: =+AE21*2 -> 0 | AG21: 0 | AH21: 0 | AI21: CTD T.MÉXICO | AJ21: BLANCO | AQ21: -25
B22: LENNOX 1 | C22: SAIRA MORALES | D22: 627186-01 | E22: C - 1/2 | F22: 0.028 | G22: 0.119 | H22: -250 | I22: 0 | J22: 0 | N22: =+H22+I22+J22+K22+L22+M22-SUM(O22:Y22) -> -250 | Z22: =+G22*SUM(H22:M22) -> -29.75 | AA22: 100 | AB22: 0 | AC22: =+H22*AB22 -> 0 | AD22: 0 | AE22: =+H22*AD22 -> 0 | AF22: =+AE22*2 -> 0 | AG22: 0 | AH22: 0 | AI22: CTD T.MÉXICO | AJ22: BLANCO | AQ22: -250
B23: LENNOX 1 | C23: SAIRA MORALES | D23: 627041-01 | E23: C - 1/2 | F23: 0.028 | G23: 0.127 | H23: 0 | I23: 0 | J23: 0 | N23: =+H23+I23+J23+K23+L23+M23-SUM(O23:Y23) -> -945 | Q23: 645 | R23: 300 | Z23: =+G23*SUM(H23:M23) -> 0 | AA23: 100 | AB23: 0 | AC23: =+H23*AB23 -> 0 | AD23: 0 | AE23: =+H23*AD23 -> 0 | AF23: =+AE23*2 -> 0 | AG23: 0 | AH23: 0 | AI23: CTD T.MÉXICO | AJ23: BLANCO | AQ23: 0
B24: LENNOX 1 | C24: SAIRA MORALES | D24: 625151-01 | E24: C - 1/2 | F24: 0.028 | G24: 0.114 | H24: -55 | I24: 0 | J24: 0 | N24: =+H24+I24+J24+K24+L24+M24-SUM(O24:Y24) -> -1205 | X24: 1150 | Z24: =+G24*SUM(H24:M24) -> -6.27 | AA24: 100 | AB24: 0 | AC24: =+H24*AB24 -> 0 | AD24: 0 | AE24: =+H24*AD24 -> 0 | AF24: =+AE24*2 -> 0 | AG24: 0 | AH24: 0 | AI24: CTD T.MÉXICO | AJ24: BLANCO | AQ24: -55
B25: LENNOX 1 | C25: SAIRA MORALES | D25: 626794-01 | E25: C - 1/2 | F25: 0.028 | G25: 0.069 | H25: -50 | I25: 0 | J25: 0 | N25: =+H25+I25+J25+K25+L25+M25-SUM(O25:Y25) -> -574 | S25: 524 | Z25: =+G25*SUM(H25:M25) -> -3.45 | AA25: 100 | AB25: 0 | AC25: =+H25*AB25 -> 0 | AD25: 0 | AE25: =+H25*AD25 -> 0 | AF25: =+AE25*2 -> 0 | AG25: 0 | AH25: 0 | AI25: CTD T.MÉXICO | AJ25: BLANCO | AQ25: -50
B26: LENNOX 1 | C26: SAIRA MORALES | D26: 618748-01 | E26: C - 1/2 | F26: 0.028 | G26: 0.129 | H26: 0 | I26: 0 | J26: 0 | N26: =+H26+I26+J26+K26+L26+M26-SUM(O26:Y26) -> 0 | Z26: =+G26*SUM(H26:M26) -> 0 | AA26: 100 | AB26: 0 | AC26: =+H26*AB26 -> 0 | AD26: 0 | AE26: =+H26*AD26 -> 0 | AF26: =+AE26*2 -> 0 | AG26: 0 | AH26: 0 | AI26: CTD T.MÉXICO | AJ26: BLANCO | AQ26: 0
B27: LENNOX 1 | C27: SAIRA MORALES | D27: 626532-01 | E27: C - 1/2 | F27: 0.028 | G27: 0.078 | H27: 307 | I27: 0 | J27: 0 | N27: =+H27+I27+J27+K27+L27+M27-SUM(O27:Y27) -> -583 | O27: 270 | T27: 620 | Z27: =+G27*SUM(H27:M27) -> 23.946 | AA27: 100 | AB27: 0 | AC27: =+H27*AB27 -> 0 | AD27: 0 | AE27: =+H27*AD27 -> 0 | AF27: =+AE27*2 -> 0 | AG27: 0 | AH27: 0 | AI27: CTD T.MÉXICO | AJ27: BLANCO | AQ27: 307
B28: LENNOX 1 | C28: SAIRA MORALES | D28: 626391-01 | E28: C - 1/2 | F28: 0.028 | G28: 0.101 | H28: -77 | I28: 0 | J28: 900 | N28: =+H28+I28+J28+K28+L28+M28-SUM(O28:Y28) -> -257 | T28: 1080 | Z28: =+G28*SUM(H28:M28) -> 83.123 | AA28: 100 | AB28: 0 | AC28: =+H28*AB28 -> 0 | AD28: 0 | AE28: =+H28*AD28 -> 0 | AF28: =+AE28*2 -> 0 | AG28: 0 | AH28: 0 | AI28: CTD T.MÉXICO | AJ28: BLANCO | AQ28: -77
B29: LENNOX 1 | C29: SAIRA MORALES | D29: 613544-01 | E29: C - 1/2 | F29: 0.028 | G29: 0.076 | H29: 300 | I29: 0 | J29: 0 | N29: =+H29+I29+J29+K29+L29+M29-SUM(O29:Y29) -> -40 | O29: 260 | Q29: 80 | Z29: =+G29*SUM(H29:M29) -> 22.8 | AA29: 100 | AB29: 0 | AC29: =+H29*AB29 -> 0 | AD29: 0 | AE29: =+H29*AD29 -> 0 | AF29: =+AE29*2 -> 0 | AG29: 0 | AH29: 0 | AI29: CTD T.MÉXICO | AJ29: BLANCO | AQ29: 300
B30: LENNOX 1 | C30: SAIRA MORALES | D30: 627101-01 | E30: C - 1/2 | F30: 0.028 | G30: 0.042 | H30: -445 | I30: 0 | J30: 0 | N30: =+H30+I30+J30+K30+L30+M30-SUM(O30:Y30) -> -445 | Z30: =+G30*SUM(H30:M30) -> -18.69 | AA30: 100 | AB30: 0 | AC30: =+H30*AB30 -> 0 | AD30: 0 | AE30: =+H30*AD30 -> 0 | AF30: =+AE30*2 -> 0 | AG30: 0 | AH30: 0 | AI30: CTD T.MÉXICO | AJ30: BLANCO | AQ30: -445
B31: LENNOX 1 | C31: SAIRA MORALES | D31: 626469-01 | E31: C - 1/2 | F31: 0.028 | G31: 0.105 | H31: -83 | I31: 0 | J31: 0 | N31: =+H31+I31+J31+K31+L31+M31-SUM(O31:Y31) -> -393 | P31: 310 | Z31: =+G31*SUM(H31:M31) -> -8.715 | AA31: 100 | AB31: 0 | AC31: =+H31*AB31 -> 0 | AD31: 0 | AE31: =+H31*AD31 -> 0 | AF31: =+AE31*2 -> 0 | AG31: 0 | AH31: 0 | AI31: CTD T.MÉXICO | AJ31: BLANCO | AQ31: -83
B32: LENNOX 1 | C32: SAIRA MORALES | D32: 619792-01 | E32: C - 1/2 | F32: 0.028 | G32: 0.143 | H32: 0 | I32: 0 | J32: 0 | N32: =+H32+I32+J32+K32+L32+M32-SUM(O32:Y32) -> 0 | Z32: =+G32*SUM(H32:M32) -> 0 | AA32: 100 | AB32: 0 | AC32: =+H32*AB32 -> 0 | AD32: 0 | AE32: =+H32*AD32 -> 0 | AF32: =+AE32*2 -> 0 | AG32: 0 | AH32: 0 | AI32: CTD T.MÉXICO | AJ32: BLANCO | AQ32: 0
B33: LENNOX 1 | C33: SAIRA MORALES | D33: 625022-01 | E33: C - 1/2 | F33: 0.028 | G33: 0.046 | H33: 300 | I33: 0 | J33: 0 | N33: =+H33+I33+J33+K33+L33+M33-SUM(O33:Y33) -> -230 | O33: 300 | Q33: 230 | Z33: =+G33*SUM(H33:M33) -> 13.8 | AA33: 100 | AB33: 0 | AC33: =+H33*AB33 -> 0 | AD33: 0 | AE33: =+H33*AD33 -> 0 | AF33: =+AE33*2 -> 0 | AG33: 0 | AH33: 0 | AI33: CTD T.MÉXICO | AJ33: BLANCO | AQ33: 300
B34: LENNOX 1 | C34: SAIRA MORALES | D34: 627046-01 | E34: C - 1/2 | F34: 0.028 | G34: 0.129 | H34: 500 | I34: 0 | J34: 0 | N34: =+H34+I34+J34+K34+L34+M34-SUM(O34:Y34) -> 79 | R34: 421 | Z34: =+G34*SUM(H34:M34) -> 64.5 | AA34: 100 | AB34: 0 | AC34: =+H34*AB34 -> 0 | AD34: 0 | AE34: =+H34*AD34 -> 0 | AF34: =+AE34*2 -> 0 | AG34: 0 | AH34: 0 | AI34: CTD T.MÉXICO | AJ34: BLANCO | AQ34: 500
B35: LENNOX 1 | C35: SAIRA MORALES | D35: MXLB-112323 | E35: C - 1/2 | F35: 0.028 | G35: 0.134 | H35: 300 | I35: 0 | J35: 0 | N35: =+H35+I35+J35+K35+L35+M35-SUM(O35:Y35) -> -10 | S35: 310 | Z35: =+G35*SUM(H35:M35) -> 40.2 | AA35: 100 | AB35: 0 | AC35: =+H35*AB35 -> 0 | AD35: 0 | AE35: =+H35*AD35 -> 0 | AF35: =+AE35*2 -> 0 | AG35: 0 | AH35: 0 | AI35: CTD T.MÉXICO | AJ35: BLANCO | AQ35: 300
B36: LENNOX 1 | C36: SAIRA MORALES | D36: 626471-01 | E36: C - 1/2 | F36: 0.028 | G36: 0.105 | H36: 0 | I36: 0 | J36: 0 | N36: =+H36+I36+J36+K36+L36+M36-SUM(O36:Y36) -> 0 | Z36: =+G36*SUM(H36:M36) -> 0 | AA36: 100 | AB36: 0 | AC36: =+H36*AB36 -> 0 | AD36: 0 | AE36: =+H36*AD36 -> 0 | AF36: =+AE36*2 -> 0 | AG36: 0 | AH36: 0 | AI36: CTD T.MÉXICO | AJ36: BLANCO | AQ36: 0
B37: LENNOX 1 | C37: SAIRA MORALES | D37: 626472-01 | E37: C - 1/2 | F37: 0.028 | G37: 0.099 | H37: 300 | I37: 0 | J37: 0 | N37: =+H37+I37+J37+K37+L37+M37-SUM(O37:Y37) -> -55 | Q37: 355 | Z37: =+G37*SUM(H37:M37) -> 29.7 | AA37: 100 | AB37: 0 | AC37: =+H37*AB37 -> 0 | AD37: 0 | AE37: =+H37*AD37 -> 0 | AF37: =+AE37*2 -> 0 | AG37: 0 | AH37: 0 | AI37: CTD T.MÉXICO | AJ37: BLANCO | AQ37: 300
B38: LENNOX 1 | C38: SAIRA MORALES | D38: 626433-01 | E38: C - 1/2 | F38: 0.028 | G38: 0.131 | H38: 0 | I38: 0 | J38: 0 | N38: =+H38+I38+J38+K38+L38+M38-SUM(O38:Y38) -> 0 | Z38: =+G38*SUM(H38:M38) -> 0 | AA38: 100 | AB38: 0 | AC38: =+H38*AB38 -> 0 | AD38: 0 | AE38: =+H38*AD38 -> 0 | AF38: =+AE38*2 -> 0 | AG38: 0 | AH38: 0 | AI38: CTD T.MÉXICO | AJ38: BLANCO | AQ38: 0
B39: LENNOX 1 | C39: SAIRA MORALES | D39: 627175-01 | E39: C - 1/2 | F39: 0.028 | G39: 0.094 | H39: 0 | I39: 0 | J39: 0 | N39: =+H39+I39+J39+K39+L39+M39-SUM(O39:Y39) -> 0 | Z39: =+G39*SUM(H39:M39) -> 0 | AA39: 100 | AB39: 0 | AC39: =+H39*AB39 -> 0 | AD39: 0 | AE39: =+H39*AD39 -> 0 | AF39: =+AE39*2 -> 0 | AG39: 0 | AH39: 0 | AI39: CTD T.MÉXICO | AJ39: BLANCO | AQ39: 0
B40: LENNOX 1 | C40: SAIRA MORALES | D40: 627021-01 | E40: C - 1/2 | F40: 0.028 | G40: 0.122 | H40: 0 | I40: 0 | J40: 0 | N40: =+H40+I40+J40+K40+L40+M40-SUM(O40:Y40) -> 0 | Z40: =+G40*SUM(H40:M40) -> 0 | AA40: 100 | AB40: 0 | AC40: =+H40*AB40 -> 0 | AD40: 0 | AE40: =+H40*AD40 -> 0 | AF40: =+AE40*2 -> 0 | AG40: 0 | AH40: 0 | AI40: CTD T.MÉXICO | AJ40: BLANCO | AQ40: 0
B41: LENNOX 1 | C41: SAIRA MORALES | D41: 613366-01 | E41: C - 1/2 | F41: 0.028 | G41: 0.101 | H41: 0 | I41: 0 | J41: 0 | N41: =+H41+I41+J41+K41+L41+M41-SUM(O41:Y41) -> 0 | Z41: =+G41*SUM(H41:M41) -> 0 | AA41: 100 | AB41: 0 | AC41: =+H41*AB41 -> 0 | AD41: 0 | AE41: =+H41*AD41 -> 0 | AF41: =+AE41*2 -> 0 | AG41: 0 | AH41: 0 | AI41: CTD T.MÉXICO | AJ41: BLANCO | AQ41: 0
B42: LENNOX 1 | C42: SAIRA MORALES | D42: 613569-01 | E42: C - 1/2 | F42: 0.028 | G42: 0.119 | H42: 0 | I42: 0 | J42: 0 | N42: =+H42+I42+J42+K42+L42+M42-SUM(O42:Y42) -> 0 | Z42: =+G42*SUM(H42:M42) -> 0 | AA42: 100 | AB42: 0 | AC42: =+H42*AB42 -> 0 | AD42: 0 | AE42: =+H42*AD42 -> 0 | AF42: =+AE42*2 -> 0 | AG42: 0 | AH42: 0 | AI42: CTD T.MÉXICO | AJ42: BLANCO | AQ42: 0
B43: LENNOX 1 | C43: SAIRA MORALES | D43: 626310-01 | E43: C - 1/2 | F43: 0.028 | G43: 0.121 | H43: 0 | I43: 0 | J43: 300 | N43: =+H43+I43+J43+K43+L43+M43-SUM(O43:Y43) -> 0 | U43: 300 | Z43: =+G43*SUM(H43:M43) -> 36.3 | AA43: 100 | AB43: 0 | AC43: =+H43*AB43 -> 0 | AD43: 0 | AE43: =+H43*AD43 -> 0 | AF43: =+AE43*2 -> 0 | AG43: 0 | AH43: 0 | AI43: CTD T.MÉXICO | AJ43: BLANCO | AQ43: 0
B44: LENNOX 1 | C44: SAIRA MORALES | D44: 613556-01 | E44: C - 1/2 | F44: 0.028 | G44: 0.127 | H44: 0 | I44: 0 | J44: 0 | N44: =+H44+I44+J44+K44+L44+M44-SUM(O44:Y44) -> 0 | Z44: =+G44*SUM(H44:M44) -> 0 | AA44: 100 | AB44: 0 | AC44: =+H44*AB44 -> 0 | AD44: 0 | AE44: =+H44*AD44 -> 0 | AF44: =+AE44*2 -> 0 | AG44: 0 | AH44: 0 | AI44: CTD T.MÉXICO | AJ44: BLANCO | AQ44: 0
B45: LENNOX 1 | C45: SAIRA MORALES | D45: 613472-01 | E45: C - 1/2 | F45: 0.028 | G45: 0.103 | H45: 328 | I45: 0 | J45: 200 | N45: =+H45+I45+J45+K45+L45+M45-SUM(O45:Y45) -> 134 | Q45: 394 | Z45: =+G45*SUM(H45:M45) -> 54.384 | AA45: 100 | AB45: 0 | AC45: =+H45*AB45 -> 0 | AD45: 0 | AE45: =+H45*AD45 -> 0 | AF45: =+AE45*2 -> 0 | AG45: 0 | AH45: 0 | AI45: CTD T.MÉXICO | AJ45: BLANCO | AQ45: 328
B46: LENNOX 1 | C46: SAIRA MORALES | D46: 615112-01 | E46: C - 1/2 | F46: 0.028 | G46: 0.238 | H46: 400 | I46: 0 | J46: 0 | N46: =+H46+I46+J46+K46+L46+M46-SUM(O46:Y46) -> 0 | S46: 250 | U46: 150 | Z46: =+G46*SUM(H46:M46) -> 95.2 | AA46: 100 | AB46: 0 | AC46: =+H46*AB46 -> 0 | AD46: 0 | AE46: =+H46*AD46 -> 0 | AF46: =+AE46*2 -> 0 | AG46: 0 | AH46: 0 | AI46: CTD T.MÉXICO | AJ46: BLANCO | AQ46: 400
B47: LENNOX 1 | C47: SAIRA MORALES | D47: 626470-01 | E47: C - 1/2 | F47: 0.028 | G47: 0.101 | H47: -1493 | I47: 0 | J47: 0 | N47: =+H47+I47+J47+K47+L47+M47-SUM(O47:Y47) -> -1493 | Z47: =+G47*SUM(H47:M47) -> -150.793 | AA47: 100 | AB47: 0 | AC47: =+H47*AB47 -> 0 | AD47: 0 | AE47: =+H47*AD47 -> 0 | AF47: =+AE47*2 -> 0 | AG47: 0 | AH47: 0 | AI47: CTD T.MÉXICO | AJ47: BLANCO | AQ47: -1493
B48: LENNOX 1 | C48: SAIRA MORALES | D48: 626873-01 | E48: C - 1/2 | F48: 0.028 | G48: 0.039 | H48: -66 | I48: 0 | J48: 0 | N48: =+H48+I48+J48+K48+L48+M48-SUM(O48:Y48) -> -66 | Z48: =+G48*SUM(H48:M48) -> -2.574 | AA48: 100 | AB48: 0 | AC48: =+H48*AB48 -> 0 | AD48: 0 | AE48: =+H48*AD48 -> 0 | AF48: =+AE48*2 -> 0 | AG48: 0 | AH48: 0 | AI48: CTD T.MÉXICO | AJ48: BLANCO | AQ48: -66
B49: LENNOX 1 | C49: SAIRA MORALES | D49: 626962-01 | E49: C - 3/4 | F49: 0.035 | G49: 0.148 | H49: 0 | I49: 0 | J49: 0 | N49: =+H49+I49+J49+K49+L49+M49-SUM(O49:Y49) -> 0 | Z49: =+G49*SUM(H49:M49) -> 0 | AA49: 500 | AB49: 0 | AC49: =+H49*AB49 -> 0 | AD49: 0 | AE49: =+H49*AD49 -> 0 | AF49: =+AE49*2 -> 0 | AG49: 0 | AH49: 0 | AI49: CTD T.MÉXICO | AJ49: BLANCO | AQ49: 0
B50: LENNOX 1 | C50: SAIRA MORALES | D50: 619770-01 | E50: C - 3/4 | F50: 0.035 | G50: 0.144 | H50: 0 | I50: 0 | J50: 0 | N50: =+H50+I50+J50+K50+L50+M50-SUM(O50:Y50) -> 0 | Z50: =+G50*SUM(H50:M50) -> 0 | AA50: 500 | AB50: 0 | AC50: =+H50*AB50 -> 0 | AD50: 0 | AE50: =+H50*AD50 -> 0 | AF50: =+AE50*2 -> 0 | AG50: 0 | AH50: 0 | AI50: CTD T.MÉXICO | AJ50: BLANCO | AQ50: 0
B51: LENNOX 1 | C51: SAIRA MORALES | D51: 618685-01 | E51: C - 3/4 | F51: 0.035 | G51: 0.053 | H51: 1200 | I51: 0 | J51: 0 | N51: =+H51+I51+J51+K51+L51+M51-SUM(O51:Y51) -> 400 | W51: 800 | Z51: =+G51*SUM(H51:M51) -> 63.6 | AA51: 1000 | AB51: 0 | AC51: =+H51*AB51 -> 0 | AD51: 0 | AE51: =+H51*AD51 -> 0 | AF51: =+AE51*2 -> 0 | AG51: 0 | AH51: 0 | AI51: CTD T.MÉXICO | AJ51: BLANCO | AQ51: 1200
B52: LENNOX 1 | C52: SAIRA MORALES | D52: 627106-01 | E52: C - 3/4 | F52: 0.035 | G52: 0.138 | H52: 0 | I52: 0 | J52: 0 | N52: =+H52+I52+J52+K52+L52+M52-SUM(O52:Y52) -> 0 | Z52: =+G52*SUM(H52:M52) -> 0 | AA52: 500 | AB52: 0 | AC52: =+H52*AB52 -> 0 | AD52: 0 | AE52: =+H52*AD52 -> 0 | AF52: =+AE52*2 -> 0 | AG52: 0 | AH52: 0 | AI52: CTD T.MÉXICO | AJ52: BLANCO | AQ52: 0
B53: LENNOX 1 | C53: SAIRA MORALES | D53: 626967-01 | E53: C - 3/4 | F53: 0.035 | G53: 0.11 | H53: 1000 | I53: 0 | J53: 700 | N53: =+H53+I53+J53+K53+L53+M53-SUM(O53:Y53) -> 541 | P53: 420 | Q53: 739 | Z53: =+G53*SUM(H53:M53) -> 187 | AA53: 500 | AB53: 0 | AC53: =+H53*AB53 -> 0 | AD53: 0 | AE53: =+H53*AD53 -> 0 | AF53: =+AE53*2 -> 0 | AG53: 0 | AH53: 0 | AI53: CTD T.MÉXICO | AJ53: BLANCO | AQ53: 1000
B54: LENNOX 1 | C54: SAIRA MORALES | D54: 618927-01 | E54: C - 7/8 | F54: 0.041 | G54: 0.074 | H54: 2800 | I54: 0 | J54: 0 | N54: =+H54+I54+J54+K54+L54+M54-SUM(O54:Y54) -> -305 | S54: 1000 | T54: 974 | U54: 700 | W54: 431 | Z54: =+G54*SUM(H54:M54) -> 207.2 | AA54: 1000 | AB54: 0 | AC54: =+H54*AB54 -> 0 | AD54: 0 | AE54: =+H54*AD54 -> 0 | AF54: =+AE54*2 -> 0 | AG54: 0 | AH54: 0 | AI54: CTD T.MÉXICO | AJ54: BLANCO | AQ54: 2800
B55: LENNOX 1 | C55: SAIRA MORALES | D55: 624302-01 | E55: C - 7/8 | F55: 0.045 | G55: 0.46 | H55: 1000 | I55: 0 | J55: 0 | N55: =+H55+I55+J55+K55+L55+M55-SUM(O55:Y55) -> 146 | V55: 281 | W55: 573 | Z55: =+G55*SUM(H55:M55) -> 460 | AA55: 200 | AB55: 0 | AC55: =+H55*AB55 -> 0 | AD55: 0 | AE55: =+H55*AD55 -> 0 | AF55: =+AE55*2 -> 0 | AG55: 0 | AH55: 0 | AI55: CTD T.MÉXICO | AJ55: BLANCO | AQ55: 1000
B56: LENNOX 1 | C56: SAIRA MORALES | D56: 626978-01 | E56: C - 7/8 | F56: 0.045 | G56: 0.233 | H56: 416 | I56: 0 | J56: 1600 | N56: =+H56+I56+J56+K56+L56+M56-SUM(O56:Y56) -> 1649 | S56: 367 | Z56: =+G56*SUM(H56:M56) -> 469.728 | AA56: 500 | AB56: 0 | AC56: =+H56*AB56 -> 0 | AD56: 0 | AE56: =+H56*AD56 -> 0 | AF56: =+AE56*2 -> 0 | AG56: 0 | AH56: 0 | AI56: CTD T.MÉXICO | AJ56: BLANCO | AQ56: 416
B57: LENNOX 1 | C57: SAIRA MORALES | D57: 618887-01 | E57: C - 7/8 | F57: 0.041 | G57: 0.197 | H57: 2200 | I57: 0 | J57: 600 | N57: =+H57+I57+J57+K57+L57+M57-SUM(O57:Y57) -> 2595 | Q57: 205 | Z57: =+G57*SUM(H57:M57) -> 551.6 | AA57: 500 | AB57: 0 | AC57: =+H57*AB57 -> 0 | AD57: 0 | AE57: =+H57*AD57 -> 0 | AF57: =+AE57*2 -> 0 | AG57: 0 | AH57: 0 | AI57: CTD T.MÉXICO | AJ57: BLANCO | AQ57: 2200
B58: LENNOX 1 | C58: SAIRA MORALES | D58: 626998-01 | E58: C - 7/8 | F58: 0.045 | G58: 0.173 | H58: 1720 | I58: 0 | J58: 0 | N58: =+H58+I58+J58+K58+L58+M58-SUM(O58:Y58) -> 470 | Q58: 850 | R58: 400 | Z58: =+G58*SUM(H58:M58) -> 297.56 | AA58: 500 | AB58: 0 | AC58: =+H58*AB58 -> 0 | AD58: 0 | AE58: =+H58*AD58 -> 0 | AF58: =+AE58*2 -> 0 | AG58: 0 | AH58: 0 | AI58: CTD T.MÉXICO | AJ58: BLANCO | AQ58: 1720
B59: LENNOX 1 | C59: SAIRA MORALES | D59: 614166-01 | E59: SOLDADURA 3/4 | F59: 0.035 | G59: 0.298 | H59: 0 | I59: 288 | J59: 0 | N59: =+H59+I59+J59+K59+L59+M59-SUM(O59:Y59) -> 0 | P59: 144 | R59: 144 | Z59: =+G59*SUM(H59:M59) -> 85.824 | AA59: 144 | AB59: 0 | AC59: =+H59*AB59 -> 0 | AD59: 0 | AE59: =+H59*AD59 -> 0 | AF59: =+AE59*2 -> 0 | AG59: 103881-02 | AH59: =+SUM(H59:M59) -> 288 | AI59: CTD T.MÉXICO | AJ59: BLANCO | AQ59: 0
B60: LENNOX 1 | C60: SAIRA MORALES | D60: 626798-01 | E60: SOLDADURA 3/4 | F60: 0.035 | G60: 0.249 | H60: -576 | I60: 0 | J60: 0 | N60: =+H60+I60+J60+K60+L60+M60-SUM(O60:Y60) -> -680 | V60: 25 | W60: 79 | Z60: =+G60*SUM(H60:M60) -> -143.424 | AA60: 144 | AB60: 1 | AC60: =+H60*AB60 -> -576 | AD60: 0 | AE60: =+H60*AD60 -> 0 | AF60: =+AE60*2 -> 0 | AG60: 107892-03 | AH60: =+SUM(H60:M60) -> -576 | AI60: CTD T.MÉXICO | AJ60: BLANCO | AQ60: -576
B61: LENNOX 1 | C61: SAIRA MORALES | D61: 626430-01 | E61: SOLDADURA 3/4 | F61: 0.035 | G61: 0.253 | H61: 0 | I61: 0 | J61: 0 | N61: =+H61+I61+J61+K61+L61+M61-SUM(O61:Y61) -> -510 | V61: 288 | W61: 222 | Z61: =+G61*SUM(H61:M61) -> 0 | AA61: 144 | AB61: 1 | AC61: =+H61*AB61 -> 0 | AD61: 0 | AE61: =+H61*AD61 -> 0 | AF61: =+AE61*2 -> 0 | AG61: 107892-03 | AH61: =+SUM(H61:M61) -> 0 | AI61: CTD T.MÉXICO | AJ61: BLANCO | AQ61: 0
B62: LENNOX 1 | C62: SAIRA MORALES | D62: 626581-01 | E62: SOLDADURA 3/4 | F62: 0.035 | G62: 0.215 | H62: 144 | I62: 0 | J62: 864 | N62: =+H62+I62+J62+K62+L62+M62-SUM(O62:Y62) -> 92 | T62: 432 | U62: 288 | V62: 52 | W62: 144 | Z62: =+G62*SUM(H62:M62) -> 216.72 | AA62: 144 | AB62: 1 | AC62: =+H62*AB62 -> 144 | AD62: 0 | AE62: =+H62*AD62 -> 0 | AF62: =+AE62*2 -> 0 | AG62: 107892-03 | AH62: =+SUM(H62:M62) -> 1008 | AI62: CTD T.MÉXICO | AJ62: BLANCO | AQ62: 144
B63: LENNOX 1 | C63: SAIRA MORALES | D63: 626798-02 | E63: SOLDADURA 3/4 | F63: 0.035 | G63: 0.253 | H63: 0 | I63: 0 | J63: 432 | N63: =+H63+I63+J63+K63+L63+M63-SUM(O63:Y63) -> 288 | S63: 144 | Z63: =+G63*SUM(H63:M63) -> 109.296 | AA63: 144 | AB63: 1 | AC63: =+H63*AB63 -> 0 | AD63: 0 | AE63: =+H63*AD63 -> 0 | AF63: =+AE63*2 -> 0 | AG63: 107892-03 | AH63: =+SUM(H63:M63) -> 432 | AI63: CTD T.MÉXICO | AJ63: BLANCO | AQ63: 0
B64: LENNOX 1 | C64: SAIRA MORALES | D64: 626581-04 | E64: SOLDADURA 3/4 | F64: 0.035 | G64: 0.249 | H64: 576 | I64: 0 | J64: 144 | N64: =+H64+I64+J64+K64+L64+M64-SUM(O64:Y64) -> -205 | O64: 720 | R64: 144 | V64: 61 | Z64: =+G64*SUM(H64:M64) -> 179.28 | AA64: 144 | AB64: 1 | AC64: =+H64*AB64 -> 576 | AD64: 0 | AE64: =+H64*AD64 -> 0 | AF64: =+AE64*2 -> 0 | AG64: 107892-03 | AH64: =+SUM(H64:M64) -> 720 | AI64: CTD T.MÉXICO | AJ64: BLANCO | AQ64: 576
B65: LENNOX 1 | C65: SAIRA MORALES | D65: 101777-01 | E65: SOLDADURA 3/4 | F65: 0.035 | G65: 0.303 | H65: 0 | I65: 0 | J65: 0 | N65: =+H65+I65+J65+K65+L65+M65-SUM(O65:Y65) -> 0 | Z65: =+G65*SUM(H65:M65) -> 0 | AA65: 144 | AB65: 0 | AC65: =+H65*AB65 -> 0 | AD65: 0 | AE65: =+H65*AD65 -> 0 | AF65: =+AE65*2 -> 0 | AG65: 103881-02 | AH65: =+SUM(H65:M65) -> 0 | AI65: CTD T.MÉXICO | AJ65: BLANCO | AQ65: 0
B66: LENNOX 1 | C66: SAIRA MORALES | D66: 626581-02 | E66: SOLDADURA 3/4 | F66: 0.035 | G66: 0.216 | H66: 0 | I66: 288 | J66: 0 | N66: =+H66+I66+J66+K66+L66+M66-SUM(O66:Y66) -> -87 | Q66: 288 | V66: 87 | Z66: =+G66*SUM(H66:M66) -> 62.208 | AA66: 144 | AB66: 1 | AC66: =+H66*AB66 -> 0 | AD66: 0 | AE66: =+H66*AD66 -> 0 | AF66: =+AE66*2 -> 0 | AG66: 107892-03 | AH66: =+SUM(H66:M66) -> 288 | AI66: CTD T.MÉXICO | AJ66: BLANCO | AQ66: 0
B67: LENNOX 1 | C67: SAIRA MORALES | D67: 613781-01 | E67: SOLDADURA 3/4 | F67: 0.035 | G67: 0.284 | H67: 0 | I67: 0 | J67: 288 | N67: =+H67+I67+J67+K67+L67+M67-SUM(O67:Y67) -> -26 | U67: 288 | W67: 26 | Z67: =+G67*SUM(H67:M67) -> 81.792 | AA67: 144 | AB67: 0 | AC67: =+H67*AB67 -> 0 | AD67: 0 | AE67: =+H67*AD67 -> 0 | AF67: =+AE67*2 -> 0 | AG67: 103881-02 | AH67: =+SUM(H67:M67) -> 288 | AI67: CTD T.MÉXICO | AJ67: BLANCO | AQ67: 0
B68: LENNOX 1 | C68: SAIRA MORALES | D68: 626798-03 | E68: SOLDADURA 3/4 | F68: 0.035 | G68: 0.252 | H68: -144 | I68: 0 | J68: 0 | N68: =+H68+I68+J68+K68+L68+M68-SUM(O68:Y68) -> -257 | V68: 113 | Z68: =+G68*SUM(H68:M68) -> -36.288 | AA68: 144 | AB68: 1 | AC68: =+H68*AB68 -> -144 | AD68: 0 | AE68: =+H68*AD68 -> 0 | AF68: =+AE68*2 -> 0 | AG68: 107892-03 | AH68: =+SUM(H68:M68) -> -144 | AI68: CTD T.MÉXICO | AJ68: BLANCO | AQ68: -144
B69: LENNOX 1 | C69: SAIRA MORALES | D69: 626581-05 | E69: SOLDADURA 7/8 | F69: 0.045 | G69: 0.373 | H69: 512 | I69: 0 | J69: 640 | N69: =+H69+I69+J69+K69+L69+M69-SUM(O69:Y69) -> -128 | O69: 128 | P69: 256 | Q69: 128 | U69: 256 | W69: 384 | X69: 128 | Z69: =+G69*SUM(H69:M69) -> 429.696 | AA69: 288 | AB69: 1 | AC69: =+H69*AB69 -> 512 | AD69: 0 | AE69: =+H69*AD69 -> 0 | AF69: =+AE69*2 -> 0 | AG69: 107892-04 | AH69: =+SUM(H69:M69) -> 1152 | AI69: CTD T.MÉXICO | AJ69: BLANCO | AQ69: 512
B70: LENNOX 1 | C70: SAIRA MORALES | D70: 606820-03 | E70: SOLDADURA 7/8 | F70: 0.041 | G70: 0.375 | H70: 0 | I70: 128 | J70: 0 | N70: =+H70+I70+J70+K70+L70+M70-SUM(O70:Y70) -> 0 | Q70: 128 | Z70: =+G70*SUM(H70:M70) -> 48 | AA70: 288 | AB70: 0 | AC70: =+H70*AB70 -> 0 | AD70: 1 | AE70: =+H70*AD70 -> 0 | AF70: =+AE70*2 -> 0 | AG70: 102831-11 | AH70: =+SUM(H70:M70) -> 128 | AI70: CTD T.MÉXICO | AJ70: BLANCO | AQ70: 0
B71: LENNOX 1 | C71: SAIRA MORALES | D71: 626432-01 | E71: SOLDADURA 7/8 | F71: 0.045 | G71: 0.356 | H71: 0 | I71: 128 | J71: 0 | N71: =+H71+I71+J71+K71+L71+M71-SUM(O71:Y71) -> 0 | Q71: 128 | Z71: =+G71*SUM(H71:M71) -> 45.568 | AA71: 288 | AB71: 1 | AC71: =+H71*AB71 -> 0 | AD71: 0 | AE71: =+H71*AD71 -> 0 | AF71: =+AE71*2 -> 0 | AG71: 107892-04 | AH71: =+SUM(H71:M71) -> 128 | AI71: CTD T.MÉXICO | AJ71: BLANCO | AQ71: 0
B72: LENNOX 1 | C72: SAIRA MORALES | D72: 626581-08 | E72: SOLDADURA 7/8 | F72: 0.045 | G72: 0.352 | H72: 0 | I72: 0 | J72: 0 | N72: =+H72+I72+J72+K72+L72+M72-SUM(O72:Y72) -> -128 | T72: 128 | Z72: =+G72*SUM(H72:M72) -> 0 | AA72: 288 | AB72: 1 | AC72: =+H72*AB72 -> 0 | AD72: 0 | AE72: =+H72*AD72 -> 0 | AF72: =+AE72*2 -> 0 | AG72: 107905-06 | AH72: =+SUM(H72:M72) -> 0 | AI72: CTD T.MÉXICO | AJ72: BLANCO | AQ72: 0
B73: LENNOX 1 | C73: SAIRA MORALES | D73: 626581-11 | E73: SOLDADURA 7/8 | F73: 0.045 | G73: 0.353 | H73: 0 | I73: 128 | J73: 0 | N73: =+H73+I73+J73+K73+L73+M73-SUM(O73:Y73) -> -128 | P73: 128 | Q73: 128 | Z73: =+G73*SUM(H73:M73) -> 45.184 | AA73: 288 | AB73: 1 | AC73: =+H73*AB73 -> 0 | AD73: 0 | AE73: =+H73*AD73 -> 0 | AF73: =+AE73*2 -> 0 | AG73: 107905-07 | AH73: =+SUM(H73:M73) -> 128 | AI73: CTD T.MÉXICO | AJ73: BLANCO | AQ73: 0
B74: LENNOX 1 | C74: SAIRA MORALES | D74: 626434-01 | E74: SOLDADURA 7/8 | F74: 0.045 | G74: 0.356 | H74: 0 | I74: 0 | J74: 0 | N74: =+H74+I74+J74+K74+L74+M74-SUM(O74:Y74) -> 0 | Z74: =+G74*SUM(H74:M74) -> 0 | AA74: 288 | AB74: 1 | AC74: =+H74*AB74 -> 0 | AD74: 0 | AE74: =+H74*AD74 -> 0 | AF74: =+AE74*2 -> 0 | AG74: 107905-07 | AH74: =+SUM(H74:M74) -> 0 | AI74: CTD T.MÉXICO | AJ74: BLANCO | AQ74: 0
B75: LENNOX 1 | C75: SAIRA MORALES | D75: 614199-01 | E75: SOLDADURA 7/8 | F75: 0.041 | G75: 0.441 | H75: 0 | I75: 0 | J75: 0 | N75: =+H75+I75+J75+K75+L75+M75-SUM(O75:Y75) -> 0 | Z75: =+G75*SUM(H75:M75) -> 0 | AA75: 288 | AB75: 0 | AC75: =+H75*AB75 -> 0 | AD75: 0 | AE75: =+H75*AD75 -> 0 | AF75: =+AE75*2 -> 0 | AG75: 103881-03 | AH75: =+SUM(H75:M75) -> 0 | AI75: CTD T.MÉXICO | AJ75: BLANCO | AQ75: 0
B76: LENNOX 1 | C76: SAIRA MORALES | D76: 626581-06 | E76: SOLDADURA 7/8 | F76: 0.045 | G76: 0.374 | H76: 128 | I76: 427 | J76: 0 | N76: =+H76+I76+J76+K76+L76+M76-SUM(O76:Y76) -> -85 | O76: 128 | S76: 512 | Z76: =+G76*SUM(H76:M76) -> 207.57 | AA76: 288 | AB76: 1 | AC76: =+H76*AB76 -> 128 | AD76: 0 | AE76: =+H76*AD76 -> 0 | AF76: =+AE76*2 -> 0 | AG76: 107892-04 | AH76: =+SUM(H76:M76) -> 555 | AI76: CTD T.MÉXICO | AJ76: BLANCO | AQ76: 128
B77: LENNOX 1 | C77: SAIRA MORALES | D77: 612822-01 | E77: SOLDADURA 7/8 | F77: 0.041 | G77: 0.416 | H77: 0 | I77: 0 | J77: 0 | N77: =+H77+I77+J77+K77+L77+M77-SUM(O77:Y77) -> 0 | Z77: =+G77*SUM(H77:M77) -> 0 | AA77: 288 | AB77: 0 | AC77: =+H77*AB77 -> 0 | AD77: 1 | AE77: =+H77*AD77 -> 0 | AF77: =+AE77*2 -> 0 | AG77: 102831-10 | AH77: =+SUM(H77:M77) -> 0 | AI77: CTD T.MÉXICO | AJ77: BLANCO | AQ77: 0
B78: LENNOX 1 | C78: SAIRA MORALES | D78: 626429-01 | E78: SOLDADURA 7/8 | F78: 0.045 | G78: 0.395 | H78: 0 | I78: 128 | J78: 0 | N78: =+H78+I78+J78+K78+L78+M78-SUM(O78:Y78) -> 0 | Q78: 128 | Z78: =+G78*SUM(H78:M78) -> 50.56 | AA78: 288 | AB78: 1 | AC78: =+H78*AB78 -> 0 | AD78: 0 | AE78: =+H78*AD78 -> 0 | AF78: =+AE78*2 -> 0 | AG78: 107892-04 | AH78: =+SUM(H78:M78) -> 128 | AI78: CTD T.MÉXICO | AJ78: BLANCO | AQ78: 0
G79: TOTAL | H79: =SUM(H6:H78) -> 24591 | I79: =SUM(I6:I78) -> 1515 | J79: =SUM(J6:J78) -> 8168 | K79: =SUM(K6:K78) -> 0 | L79: =SUM(L6:L78) -> 0 | M79: =SUM(M6:M78) -> 0 | N79: =SUM(N6:N78) -> -6057 | O79: =SUM(O6:O78) -> 3706 | ... Z79: =SUM(Z6:Z78) -> 4027.058 | AB79: =SUM(AB6:AB78) -> 14 | AC79: =SUM(AC6:AC78) -> 640 | AD79: =SUM(AD6:AD78) -> 2 | AE79: =SUM(AE6:AE78) -> 0 | AF79: =SUM(AF6:AF78) -> 0 | AH79: =SUM(AH6:AH78) -> 4523
G80: MAS AGREGADO | H80: =+H79+I79+J79+K79+L79+M79 -> 34274 | O80: =+O79+P79 -> 7964 | Q80: =+Q79+R79 -> 11630 | S80: =+S79+T79 -> 9241 | U80: =+U79+V79 -> 5089 | W80: =+W79+X79 -> 6407 | Y80: =+Y79 -> 0
H81: 29724 | I81: =SUM(I13:I78) -> 1515 | J81: =SUM(J13:J78) -> 7168 | K81: =SUM(K13:K78) -> 0 | L81: =SUM(L13:L78) -> 0 | M81: =SUM(M13:M78) -> 0
B83: 8120 | E83: programado | H83: 38407 | I83: =+H83/5 -> 7681.4 | J83: =+I83/2 -> 3840.7
B84: =+B83/B82 -> #DIV/0! | E84: pendiente / balance | H84: 6394 | W84: =1804+1550+855 -> 4209
E85: entregado | H85: =+H83-H84 -> 32013
E86: avance | H86: =+H85/H83 -> 0.83351993
E87: pendiente | H87: =+H84/H83 -> 0.16648007

Sheet SEMANA 31
B2: DÍA | C2: TURNO
B3: =TODAY() -> 46309 | C3: A | D3: X | H3: PROGRAMA
C4: B | H4: SEMANA | I4: Convertirlo a horas | O4: 46230 | Q4: 46231 | S4: 46232 | U4: 46233 | W4: 46234 | Y4: Ag1
B5: CLIENTE | C5: DESTINO | D5: NÚMERO DE PARTE | E5: DIAMETRO | F5: PARED | G5: PESO | H5: 31 | I5: 31 AL | J5: Atraso S 30 | K5: Ag3 | L5: Ag4 | M5: Ag5 | N5: BALANCE | O5: A | P5: B | Q5: A | R5: B | S5: A | T5: B | U5: A | V5: B | W5: A | X5: B | Y5: Agregado | Z5: KG | AA5: STD. | AB5: SWITCH | AC5: SWITCH | AD5: BRACKET | AE5: BRACKET | AF5: PIJA | AG5: VALVULA | AH5: CANT. VAL. | AI5: CAJA | AJ5: HOJA COLOR | AL5: Row Labels | AM5: Sum of CANT. VAL.
B6: LENNOX 1 | C6: SAIRA MORALES | D6: 625994-01 | E6: A - 3/8 | F6: 0.42 | G6: 0.02 | H6: 0 | I6: 3700 | J6: 2350 | N6: =+H6+I6+J6+K6+L6+M6-SUM(O6:Y6) -> 3515 | R6: 2535 | Z6: =+G6*SUM(H6:M6) -> 121 | AA6: 1000 | AB6: 0 | AC6: =+H6*AB6 -> 0 | AD6: 0 | AE6: =+H6*AD6 -> 0 | AF6: =+AE6*2 -> 0 | AG6: 0 | AH6: 0 | AI6: CTD T.MÉXICO | AJ6: BLANCO | AL6: 0 | AM6: 0 | AQ6: 5600
B7: LENNOX 1 | C7: SAIRA MORALES | D7: 627512-01 | E7: A - 3/8 | F7: 0.42 | G7: 0.031 | H7: 0 | I7: 8900 | J7: 1668 | N7: =+H7+I7+J7+K7+L7+M7-SUM(O7:Y7) -> 6076 | P7: 1700 | R7: 1300 | T7: 492 | V7: 1000 | Z7: =+G7*SUM(H7:M7) -> 327.608 | AA7: 1000 | AB7: 0 | AC7: =+H7*AB7 -> 0 | AD7: 0 | AE7: =+H7*AD7 -> 0 | AF7: =+AE7*2 -> 0 | AG7: 0 | AH7: 0 | AI7: CTD T.MÉXICO | AJ7: BLANCO | AL7: 102831-10 | AM7: 128 | AQ7: 4338
B8: LENNOX 1 | C8: SAIRA MORALES | D8: 625967-01 | E8: A - 3/8 | F8: 0.42 | G8: 0.033 | H8: 0 | I8: 700 | J8: 100 | N8: =+H8+I8+J8+K8+L8+M8-SUM(O8:Y8) -> 672 | P8: 128 | Z8: =+G8*SUM(H8:M8) -> 26.4 | AA8: 1000 | AB8: 0 | AC8: =+H8*AB8 -> 0 | AD8: 0 | AE8: =+H8*AD8 -> 0 | AF8: =+AE8*2 -> 0 | AG8: 0 | AH8: 0 | AI8: CTD T.MÉXICO | AJ8: BLANCO | AL8: 102831-11 | AM8: 0 | AQ8: 1300
B9: LENNOX 1 | C9: SAIRA MORALES | D9: 626309-01 | E9: A - 3/8 | F9: 0.42 | G9: 0.019 | H9: 0 | I9: 700 | J9: 0 | N9: =+H9+I9+J9+K9+L9+M9-SUM(O9:Y9) -> -187 | T9: 887 | Z9: =+G9*SUM(H9:M9) -> 13.3 | AA9: 1000 | AB9: 0 | AC9: =+H9*AB9 -> 0 | AD9: 0 | AE9: =+H9*AD9 -> 0 | AF9: =+AE9*2 -> 0 | AG9: 0 | AH9: 0 | AI9: CTD T.MÉXICO | AJ9: BLANCO | AL9: 103881-02 | AM9: 864 | AQ9: 0
B10: LENNOX 1 | C10: SAIRA MORALES | D10: 625890-01 | E10: A - 3/8 | F10: 0.42 | G10: 0.03 | H10: 0 | I10: 0 | J10: 1000 | N10: =+H10+I10+J10+K10+L10+M10-SUM(O10:Y10) -> 200 | T10: 800 | Z10: =+G10*SUM(H10:M10) -> 30 | AA10: 1000 | AB10: 0 | AC10: =+H10*AB10 -> 0 | AD10: 0 | AE10: =+H10*AD10 -> 0 | AF10: =+AE10*2 -> 0 | AG10: 0 | AH10: 0 | AI10: CTD T.MÉXICO | AJ10: BLANCO | AL10: 103881-03 | AM10: 0 | AQ10: 1000
B11: LENNOX 1 | C11: SAIRA MORALES | D11: 615991-01 | E11: A - 3/8 | F11: 0.42 | G11: 0.022 | H11: 0 | I11: 800 | J11: 1707 | N11: =+H11+I11+J11+K11+L11+M11-SUM(O11:Y11) -> 1507 | V11: 1000 | Z11: =+G11*SUM(H11:M11) -> 55.154 | AA11: 1000 | AB11: 0 | AC11: =+H11*AB11 -> 0 | AD11: 0 | AE11: =+H11*AD11 -> 0 | AF11: =+AE11*2 -> 0 | AG11: 0 | AH11: 0 | AI11: CTD T.MÉXICO | AJ11: BLANCO | AL11: 107892-03 | AM11: 7704 | AQ11: 1707
B12: LENNOX 1 | C12: SAIRA MORALES | D12: 626164-01 | E12: A - 3/8 | F12: 0.42 | G12: 0.023 | H12: 0 | I12: 0 | J12: 0 | N12: =+H12+I12+J12+K12+L12+M12-SUM(O12:Y12) -> 0 | Z12: =+G12*SUM(H12:M12) -> 0 | AA12: 1000 | AB12: 0 | AC12: =+H12*AB12 -> 0 | AD12: 0 | AE12: =+H12*AD12 -> 0 | AF12: =+AE12*2 -> 0 | AG12: 0 | AH12: 0 | AI12: CTD T.MÉXICO | AJ12: BLANCO | AL12: 107892-04 | AM12: 3840 | AQ12: 0
B13: LENNOX 1 | C13: SAIRA MORALES | D13: 626121-01 | E13: C - 3/8 | F13: 0.028 | G13: 0.057 | H13: 0 | I13: 0 | J13: 0 | N13: =+H13+I13+J13+K13+L13+M13-SUM(O13:Y13) -> -3900 | Y13: 3900 | Z13: =+G13*SUM(H13:M13) -> 0 | AA13: 1000 | AB13: 0 | AC13: =+H13*AB13 -> 0 | AD13: 0 | AE13: =+H13*AD13 -> 0 | AF13: =+AE13*2 -> 0 | AG13: 0 | AH13: 0 | AI13: CTD T.MÉXICO | AJ13: BLANCO | AL13: 107905-06 | AM13: 1280 | AQ13: -3900
B14: LENNOX 1 | C14: SAIRA MORALES | D14: 625995-01 | E14: C - 3/8 | F14: 0.028 | G14: 0.044 | H14: 2600 | I14: 0 | J14: 0 | N14: =+H14+I14+J14+K14+L14+M14-SUM(O14:Y14) -> -1766 | Y14: 4366 | Z14: =+G14*SUM(H14:M14) -> 114.4 | AA14: 1000 | AB14: 0 | AC14: =+H14*AB14 -> 0 | AD14: 0 | AE14: =+H14*AD14 -> 0 | AF14: =+AE14*2 -> 0 | AG14: 0 | AH14: 0 | AI14: CTD T.MÉXICO | AJ14: BLANCO | AL14: 107905-07 | AM14: 384 | AQ14: -2966
B15: LENNOX 1 | C15: SAIRA MORALES | D15: 615380-01 | E15: C - 3/8 | F15: 0.028 | G15: 0.015 | H15: 2100 | I15: 0 | J15: 0 | N15: =+H15+I15+J15+K15+L15+M15-SUM(O15:Y15) -> -2700 | P15: 400 | Q15: 800 | W15: 1900 | X15: 500 | Y15: 1200 | Z15: =+G15*SUM(H15:M15) -> 31.5 | AA15: 1000 | AB15: 0 | AC15: =+H15*AB15 -> 0 | AD15: 0 | AE15: =+H15*AD15 -> 0 | AF15: =+AE15*2 -> 0 | AG15: 0 | AH15: 0 | AI15: CTD T.MÉXICO | AJ15: BLANCO | AL15: Grand Total | AM15: 14200 | AQ15: 2400
B16: LENNOX 1 | C16: SAIRA MORALES | D16: 625922-01 | E16: C - 3/8 | F16: 0.028 | G16: 0.019 | H16: 0 | I16: 0 | J16: 0 | N16: =+H16+I16+J16+K16+L16+M16-SUM(O16:Y16) -> 0 | Z16: =+G16*SUM(H16:M16) -> 0 | AA16: 1000 | AB16: 0 | AC16: =+H16*AB16 -> 0 | AD16: 0 | AE16: =+H16*AD16 -> 0 | AF16: =+AE16*2 -> 0 | AG16: 0 | AH16: 0 | AI16: CTD T.MÉXICO | AJ16: BLANCO | AQ16: 400
B17: LENNOX 1 | C17: SAIRA MORALES | D17: 627511-01 | E17: C - 3/8 | F17: 0.028 | G17: 0.024 | H17: 2900 | I17: 0 | J17: 0 | N17: =+H17+I17+J17+K17+L17+M17-SUM(O17:Y17) -> -4200 | O17: 1000 | P17: 800 | Q17: 700 | R17: 900 | T17: 800 | U17: 1700 | V17: 900 | Y17: 300 | Z17: =+G17*SUM(H17:M17) -> 69.6 | AA17: 1000 | AB17: 0 | AC17: =+H17*AB17 -> 0 | AD17: 0 | AE17: =+H17*AD17 -> 0 | AF17: =+AE17*2 -> 0 | AG17: 0 | AH17: 0 | AI17: CTD T.MÉXICO | AJ17: BLANCO | AQ17: 3600
B18: LENNOX 1 | C18: SAIRA MORALES | D18: 626308-01 | E18: C - 3/8 | F18: 0.028 | G18: 0.019 | H18: 300 | I18: 0 | J18: 0 | N18: =+H18+I18+J18+K18+L18+M18-SUM(O18:Y18) -> 0 | O18: 300 | Z18: =+G18*SUM(H18:M18) -> 5.7 | AA18: 1000 | AB18: 0 | AC18: =+H18*AB18 -> 0 | AD18: 0 | AE18: =+H18*AD18 -> 0 | AF18: =+AE18*2 -> 0 | AG18: 0 | AH18: 0 | AI18: CTD T.MÉXICO | AJ18: BLANCO | AQ18: 0
B19: LENNOX 1 | C19: SAIRA MORALES | D19: 626467-01 | E19: C - 1/2 | F19: 0.028 | G19: 0.086 | H19: 300 | I19: 0 | J19: 0 | N19: =+H19+I19+J19+K19+L19+M19-SUM(O19:Y19) -> -18 | O19: 318 | Z19: =+G19*SUM(H19:M19) -> 25.8 | AA19: 100 | AB19: 0 | AC19: =+H19*AB19 -> 0 | AD19: 0 | AE19: =+H19*AD19 -> 0 | AF19: =+AE19*2 -> 0 | AG19: 0 | AH19: 0 | AI19: CTD T.MÉXICO | AJ19: BLANCO | AQ19: -55
B20: LENNOX 1 | C20: SAIRA MORALES | D20: 626473-01 | E20: C - 1/2 | F20: 0.028 | G20: 0.117 | H20: 400 | I20: 0 | J20: 0 | N20: =+H20+I20+J20+K20+L20+M20-SUM(O20:Y20) -> -14 | O20: 414 | Z20: =+G20*SUM(H20:M20) -> 46.8 | AA20: 100 | AB20: 0 | AC20: =+H20*AB20 -> 0 | AD20: 0 | AE20: =+H20*AD20 -> 0 | AF20: =+AE20*2 -> 0 | AG20: 0 | AH20: 0 | AI20: CTD T.MÉXICO | AJ20: BLANCO | AQ20: 0
B21: LENNOX 1 | C21: SAIRA MORALES | D21: 627051-01 | E21: C - 1/2 | F21: 0.028 | G21: 0.129 | H21: 0 | I21: 0 | J21: 0 | N21: =+H21+I21+J21+K21+L21+M21-SUM(O21:Y21) -> -370 | Y21: 370 | Z21: =+G21*SUM(H21:M21) -> 0 | AA21: 100 | AB21: 0 | AC21: =+H21*AB21 -> 0 | AD21: 0 | AE21: =+H21*AD21 -> 0 | AF21: =+AE21*2 -> 0 | AG21: 0 | AH21: 0 | AI21: CTD T.MÉXICO | AJ21: BLANCO | AQ21: -25
B22: LENNOX 1 | C22: SAIRA MORALES | D22: 627186-01 | E22: C - 1/2 | F22: 0.028 | G22: 0.119 | H22: 0 | I22: 0 | J22: 0 | N22: =+H22+I22+J22+K22+L22+M22-SUM(O22:Y22) -> -755 | X22: 505 | Y22: 250 | Z22: =+G22*SUM(H22:M22) -> 0 | AA22: 100 | AB22: 0 | AC22: =+H22*AB22 -> 0 | AD22: 0 | AE22: =+H22*AD22 -> 0 | AF22: =+AE22*2 -> 0 | AG22: 0 | AH22: 0 | AI22: CTD T.MÉXICO | AJ22: BLANCO | AQ22: -250
B23: LENNOX 1 | C23: SAIRA MORALES | D23: 627041-01 | E23: C - 1/2 | F23: 0.028 | G23: 0.127 | H23: 0 | I23: 0 | J23: 0 | N23: =+H23+I23+J23+K23+L23+M23-SUM(O23:Y23) -> -945 | Y23: 945 | Z23: =+G23*SUM(H23:M23) -> 0 | AA23: 100 | AB23: 0 | AC23: =+H23*AB23 -> 0 | AD23: 0 | AE23: =+H23*AD23 -> 0 | AF23: =+AE23*2 -> 0 | AG23: 0 | AH23: 0 | AI23: CTD T.MÉXICO | AJ23: BLANCO | AQ23: 0
B24: LENNOX 1 | C24: SAIRA MORALES | D24: 625151-01 | E24: C - 1/2 | F24: 0.028 | G24: 0.114 | H24: 1200 | I24: 0 | J24: 0 | N24: =+H24+I24+J24+K24+L24+M24-SUM(O24:Y24) -> 0 | Y24: 1200 | Z24: =+G24*SUM(H24:M24) -> 136.8 | AA24: 100 | AB24: 0 | AC24: =+H24*AB24 -> 0 | AD24: 0 | AE24: =+H24*AD24 -> 0 | AF24: =+AE24*2 -> 0 | AG24: 0 | AH24: 0 | AI24: CTD T.MÉXICO | AJ24: BLANCO | AQ24: -55
B25: LENNOX 1 | C25: SAIRA MORALES | D25: 626794-01 | E25: C - 1/2 | F25: 0.028 | G25: 0.069 | H25: 0 | I25: 0 | J25: 0 | N25: =+H25+I25+J25+K25+L25+M25-SUM(O25:Y25) -> -1488 | X25: 914 | Y25: 574 | Z25: =+G25*SUM(H25:M25) -> 0 | AA25: 100 | AB25: 0 | AC25: =+H25*AB25 -> 0 | AD25: 0 | AE25: =+H25*AD25 -> 0 | AF25: =+AE25*2 -> 0 | AG25: 0 | AH25: 0 | AI25: CTD T.MÉXICO | AJ25: BLANCO | AQ25: -50
B26: LENNOX 1 | C26: SAIRA MORALES | D26: 618748-01 | E26: C - 1/2 | F26: 0.028 | G26: 0.129 | H26: 0 | I26: 0 | J26: 0 | N26: =+H26+I26+J26+K26+L26+M26-SUM(O26:Y26) -> 0 | Z26: =+G26*SUM(H26:M26) -> 0 | AA26: 100 | AB26: 0 | AC26: =+H26*AB26 -> 0 | AD26: 0 | AE26: =+H26*AD26 -> 0 | AF26: =+AE26*2 -> 0 | AG26: 0 | AH26: 0 | AI26: CTD T.MÉXICO | AJ26: BLANCO | AQ26: 0
B27: LENNOX 1 | C27: SAIRA MORALES | D27: 626532-01 | E27: C - 1/2 | F27: 0.028 | G27: 0.078 | H27: 700 | I27: 0 | J27: 0 | N27: =+H27+I27+J27+K27+L27+M27-SUM(O27:Y27) -> -1890 | O27: 587 | U27: 700 | V27: 720 | Y27: 583 | Z27: =+G27*SUM(H27:M27) -> 54.6 | AA27: 100 | AB27: 0 | AC27: =+H27*AB27 -> 0 | AD27: 0 | AE27: =+H27*AD27 -> 0 | AF27: =+AE27*2 -> 0 | AG27: 0 | AH27: 0 | AI27: CTD T.MÉXICO | AJ27: BLANCO | AQ27: 307
B28: LENNOX 1 | C28: SAIRA MORALES | D28: 626391-01 | E28: C - 1/2 | F28: 0.028 | G28: 0.101 | H28: 0 | I28: 0 | J28: 0 | N28: =+H28+I28+J28+K28+L28+M28-SUM(O28:Y28) -> -257 | Y28: 257 | Z28: =+G28*SUM(H28:M28) -> 0 | AA28: 100 | AB28: 0 | AC28: =+H28*AB28 -> 0 | AD28: 0 | AE28: =+H28*AD28 -> 0 | AF28: =+AE28*2 -> 0 | AG28: 0 | AH28: 0 | AI28: CTD T.MÉXICO | AJ28: BLANCO | AQ28: -77
B29: LENNOX 1 | C29: SAIRA MORALES | D29: 613544-01 | E29: C - 1/2 | F29: 0.028 | G29: 0.076 | H29: 100 | I29: 0 | J29: 0 | N29: =+H29+I29+J29+K29+L29+M29-SUM(O29:Y29) -> -9 | S29: 109 | Z29: =+G29*SUM(H29:M29) -> 7.6 | AA29: 100 | AB29: 0 | AC29: =+H29*AB29 -> 0 | AD29: 0 | AE29: =+H29*AD29 -> 0 | AF29: =+AE29*2 -> 0 | AG29: 0 | AH29: 0 | AI29: CTD T.MÉXICO | AJ29: BLANCO | AQ29: 300
B30: LENNOX 1 | C30: SAIRA MORALES | D30: 627101-01 | E30: C - 1/2 | F30: 0.028 | G30: 0.042 | H30: 0 | I30: 0 | J30: 0 | N30: =+H30+I30+J30+K30+L30+M30-SUM(O30:Y30) -> -2105 | V30: 760 | W30: 900 | Y30: 445 | Z30: =+G30*SUM(H30:M30) -> 0 | AA30: 100 | AB30: 0 | AC30: =+H30*AB30 -> 0 | AD30: 0 | AE30: =+H30*AD30 -> 0 | AF30: =+AE30*2 -> 0 | AG30: 0 | AH30: 0 | AI30: CTD T.MÉXICO | AJ30: BLANCO | AQ30: -445
B31: LENNOX 1 | C31: SAIRA MORALES | D31: 626469-01 | E31: C - 1/2 | F31: 0.028 | G31: 0.105 | H31: 1000 | I31: 0 | J31: 0 | N31: =+H31+I31+J31+K31+L31+M31-SUM(O31:Y31) -> -1078 | P31: 1000 | X31: 685 | Y31: 393 | Z31: =+G31*SUM(H31:M31) -> 105 | AA31: 100 | AB31: 0 | AC31: =+H31*AB31 -> 0 | AD31: 0 | AE31: =+H31*AD31 -> 0 | AF31: =+AE31*2 -> 0 | AG31: 0 | AH31: 0 | AI31: CTD T.MÉXICO | AJ31: BLANCO | AQ31: -83
B32: LENNOX 1 | C32: SAIRA MORALES | D32: 619792-01 | E32: C - 1/2 | F32: 0.028 | G32: 0.143 | H32: 0 | I32: 0 | J32: 0 | N32: =+H32+I32+J32+K32+L32+M32-SUM(O32:Y32) -> 0 | Z32: =+G32*SUM(H32:M32) -> 0 | AA32: 100 | AB32: 0 | AC32: =+H32*AB32 -> 0 | AD32: 0 | AE32: =+H32*AD32 -> 0 | AF32: =+AE32*2 -> 0 | AG32: 0 | AH32: 0 | AI32: CTD T.MÉXICO | AJ32: BLANCO | AQ32: 0
B33: LENNOX 1 | C33: SAIRA MORALES | D33: 625022-01 | E33: C - 1/2 | F33: 0.028 | G33: 0.046 | H33: 0 | I33: 0 | J33: 0 | N33: =+H33+I33+J33+K33+L33+M33-SUM(O33:Y33) -> -230 | Y33: 230 | Z33: =+G33*SUM(H33:M33) -> 0 | AA33: 100 | AB33: 0 | AC33: =+H33*AB33 -> 0 | AD33: 0 | AE33: =+H33*AD33 -> 0 | AF33: =+AE33*2 -> 0 | AG33: 0 | AH33: 0 | AI33: CTD T.MÉXICO | AJ33: BLANCO | AQ33: 300
B34: LENNOX 1 | C34: SAIRA MORALES | D34: 627046-01 | E34: C - 1/2 | F34: 0.028 | G34: 0.129 | H34: 300 | I34: 0 | J34: 79 | N34: =+H34+I34+J34+K34+L34+M34-SUM(O34:Y34) -> -38 | O34: 417 | Z34: =+G34*SUM(H34:M34) -> 48.891 | AA34: 100 | AB34: 0 | AC34: =+H34*AB34 -> 0 | AD34: 0 | AE34: =+H34*AD34 -> 0 | AF34: =+AE34*2 -> 0 | AG34: 0 | AH34: 0 | AI34: CTD T.MÉXICO | AJ34: BLANCO | AQ34: 500
B35: LENNOX 1 | C35: SAIRA MORALES | D35: MXLB-112323 | E35: C - 1/2 | F35: 0.028 | G35: 0.134 | H35: 400 | I35: 0 | J35: 0 | N35: =+H35+I35+J35+K35+L35+M35-SUM(O35:Y35) -> -3 | S35: 403 | Z35: =+G35*SUM(H35:M35) -> 53.6 | AA35: 100 | AB35: 0 | AC35: =+H35*AB35 -> 0 | AD35: 0 | AE35: =+H35*AD35 -> 0 | AF35: =+AE35*2 -> 0 | AG35: 0 | AH35: 0 | AI35: CTD T.MÉXICO | AJ35: BLANCO | AQ35: 300
B36: LENNOX 1 | C36: SAIRA MORALES | D36: 626471-01 | E36: C - 1/2 | F36: 0.028 | G36: 0.105 | H36: 0 | I36: 0 | J36: 0 | N36: =+H36+I36+J36+K36+L36+M36-SUM(O36:Y36) -> 0 | Z36: =+G36*SUM(H36:M36) -> 0 | AA36: 100 | AB36: 0 | AC36: =+H36*AB36 -> 0 | AD36: 0 | AE36: =+H36*AD36 -> 0 | AF36: =+AE36*2 -> 0 | AG36: 0 | AH36: 0 | AI36: CTD T.MÉXICO | AJ36: BLANCO | AQ36: 0
B37: LENNOX 1 | C37: SAIRA MORALES | D37: 626472-01 | E37: C - 1/2 | F37: 0.028 | G37: 0.099 | H37: 100 | I37: 0 | J37: 0 | N37: =+H37+I37+J37+K37+L37+M37-SUM(O37:Y37) -> 0 | Q37: 100 | Z37: =+G37*SUM(H37:M37) -> 9.9 | AA37: 100 | AB37: 0 | AC37: =+H37*AB37 -> 0 | AD37: 0 | AE37: =+H37*AD37 -> 0 | AF37: =+AE37*2 -> 0 | AG37: 0 | AH37: 0 | AI37: CTD T.MÉXICO | AJ37: BLANCO | AQ37: 300
B38: LENNOX 1 | C38: SAIRA MORALES | D38: 626433-01 | E38: C - 1/2 | F38: 0.028 | G38: 0.131 | H38: 0 | I38: 0 | J38: 0 | N38: =+H38+I38+J38+K38+L38+M38-SUM(O38:Y38) -> 0 | Z38: =+G38*SUM(H38:M38) -> 0 | AA38: 100 | AB38: 0 | AC38: =+H38*AB38 -> 0 | AD38: 0 | AE38: =+H38*AD38 -> 0 | AF38: =+AE38*2 -> 0 | AG38: 0 | AH38: 0 | AI38: CTD T.MÉXICO | AJ38: BLANCO | AQ38: 0
B39: LENNOX 1 | C39: SAIRA MORALES | D39: 627175-01 | E39: C - 1/2 | F39: 0.028 | G39: 0.094 | H39: 0 | I39: 0 | J39: 0 | N39: =+H39+I39+J39+K39+L39+M39-SUM(O39:Y39) -> 0 | Z39: =+G39*SUM(H39:M39) -> 0 | AA39: 100 | AB39: 0 | AC39: =+H39*AB39 -> 0 | AD39: 0 | AE39: =+H39*AD39 -> 0 | AF39: =+AE39*2 -> 0 | AG39: 0 | AH39: 0 | AI39: CTD T.MÉXICO | AJ39: BLANCO | AQ39: 0
B40: LENNOX 1 | C40: SAIRA MORALES | D40: 627021-01 | E40: C - 1/2 | F40: 0.028 | G40: 0.122 | H40: 0 | I40: 0 | J40: 0 | N40: =+H40+I40+J40+K40+L40+M40-SUM(O40:Y40) -> 0 | Z40: =+G40*SUM(H40:M40) -> 0 | AA40: 100 | AB40: 0 | AC40: =+H40*AB40 -> 0 | AD40: 0 | AE40: =+H40*AD40 -> 0 | AF40: =+AE40*2 -> 0 | AG40: 0 | AH40: 0 | AI40: CTD T.MÉXICO | AJ40: BLANCO | AQ40: 0
B41: LENNOX 1 | C41: SAIRA MORALES | D41: 613366-01 | E41: C - 1/2 | F41: 0.028 | G41: 0.101 | H41: 200 | I41: 0 | J41: 0 | N41: =+H41+I41+J41+K41+L41+M41-SUM(O41:Y41) -> -3 | S41: 203 | Z41: =+G41*SUM(H41:M41) -> 20.2 | AA41: 100 | AB41: 0 | AC41: =+H41*AB41 -> 0 | AD41: 0 | AE41: =+H41*AD41 -> 0 | AF41: =+AE41*2 -> 0 | AG41: 0 | AH41: 0 | AI41: CTD T.MÉXICO | AJ41: BLANCO | AQ41: 0
B42: LENNOX 1 | C42: SAIRA MORALES | D42: 613569-01 | E42: C - 1/2 | F42: 0.028 | G42: 0.119 | H42: 100 | I42: 0 | J42: 0 | N42: =+H42+I42+J42+K42+L42+M42-SUM(O42:Y42) -> -24 | S42: 124 | Z42: =+G42*SUM(H42:M42) -> 11.9 | AA42: 100 | AB42: 0 | AC42: =+H42*AB42 -> 0 | AD42: 0 | AE42: =+H42*AD42 -> 0 | AF42: =+AE42*2 -> 0 | AG42: 0 | AH42: 0 | AI42: CTD T.MÉXICO | AJ42: BLANCO | AQ42: 0
B43: LENNOX 1 | C43: SAIRA MORALES | D43: 626310-01 | E43: C - 1/2 | F43: 0.028 | G43: 0.121 | H43: 0 | I43: 0 | J43: 0 | N43: =+H43+I43+J43+K43+L43+M43-SUM(O43:Y43) -> 0 | Z43: =+G43*SUM(H43:M43) -> 0 | AA43: 100 | AB43: 0 | AC43: =+H43*AB43 -> 0 | AD43: 0 | AE43: =+H43*AD43 -> 0 | AF43: =+AE43*2 -> 0 | AG43: 0 | AH43: 0 | AI43: CTD T.MÉXICO | AJ43: BLANCO | AQ43: 0
B44: LENNOX 1 | C44: SAIRA MORALES | D44: 613556-01 | E44: C - 1/2 | F44: 0.028 | G44: 0.127 | H44: 100 | I44: 0 | J44: 0 | N44: =+H44+I44+J44+K44+L44+M44-SUM(O44:Y44) -> -22 | S44: 122 | Z44: =+G44*SUM(H44:M44) -> 12.7 | AA44: 100 | AB44: 0 | AC44: =+H44*AB44 -> 0 | AD44: 0 | AE44: =+H44*AD44 -> 0 | AF44: =+AE44*2 -> 0 | AG44: 0 | AH44: 0 | AI44: CTD T.MÉXICO | AJ44: BLANCO | AQ44: 0
B45: LENNOX 1 | C45: SAIRA MORALES | D45: 613472-01 | E45: C - 1/2 | F45: 0.028 | G45: 0.103 | H45: 400 | I45: 0 | J45: 134 | N45: =+H45+I45+J45+K45+L45+M45-SUM(O45:Y45) -> -86 | R45: 620 | Z45: =+G45*SUM(H45:M45) -> 55.002 | AA45: 100 | AB45: 0 | AC45: =+H45*AB45 -> 0 | AD45: 0 | AE45: =+H45*AD45 -> 0 | AF45: =+AE45*2 -> 0 | AG45: 0 | AH45: 0 | AI45: CTD T.MÉXICO | AJ45: BLANCO | AQ45: 328
B46: LENNOX 1 | C46: SAIRA MORALES | D46: 615112-01 | E46: C - 1/2 | F46: 0.028 | G46: 0.238 | H46: 0 | I46: 0 | J46: 0 | N46: =+H46+I46+J46+K46+L46+M46-SUM(O46:Y46) -> 0 | Z46: =+G46*SUM(H46:M46) -> 0 | AA46: 100 | AB46: 0 | AC46: =+H46*AB46 -> 0 | AD46: 0 | AE46: =+H46*AD46 -> 0 | AF46: =+AE46*2 -> 0 | AG46: 0 | AH46: 0 | AI46: CTD T.MÉXICO | AJ46: BLANCO | AQ46: 400
B47: LENNOX 1 | C47: SAIRA MORALES | D47: 626470-01 | E47: C - 1/2 | F47: 0.028 | G47: 0.101 | H47: 0 | I47: 0 | J47: 0 | N47: =+H47+I47+J47+K47+L47+M47-SUM(O47:Y47) -> -1493 | Y47: 1493 | Z47: =+G47*SUM(H47:M47) -> 0 | AA47: 100 | AB47: 0 | AC47: =+H47*AB47 -> 0 | AD47: 0 | AE47: =+H47*AD47 -> 0 | AF47: =+AE47*2 -> 0 | AG47: 0 | AH47: 0 | AI47: CTD T.MÉXICO | AJ47: BLANCO | AQ47: -1493
B48: LENNOX 1 | C48: SAIRA MORALES | D48: 626873-01 | E48: C - 1/2 | F48: 0.028 | G48: 0.039 | H48: 2200 | I48: 0 | J48: 0 | N48: =+H48+I48+J48+K48+L48+M48-SUM(O48:Y48) -> 0 | Q48: 1000 | R48: 1200 | Z48: =+G48*SUM(H48:M48) -> 85.8 | AA48: 100 | AB48: 0 | AC48: =+H48*AB48 -> 0 | AD48: 0 | AE48: =+H48*AD48 -> 0 | AF48: =+AE48*2 -> 0 | AG48: 0 | AH48: 0 | AI48: CTD T.MÉXICO | AJ48: BLANCO | AQ48: -66
B49: LENNOX 1 | C49: SAIRA MORALES | D49: 626962-01 | E49: C - 3/4 | F49: 0.035 | G49: 0.148 | H49: 500 | I49: 0 | J49: 0 | N49: =+H49+I49+J49+K49+L49+M49-SUM(O49:Y49) -> -33 | X49: 533 | Z49: =+G49*SUM(H49:M49) -> 74 | AA49: 500 | AB49: 0 | AC49: =+H49*AB49 -> 0 | AD49: 0 | AE49: =+H49*AD49 -> 0 | AF49: =+AE49*2 -> 0 | AG49: 0 | AH49: 0 | AI49: CTD T.MÉXICO | AJ49: BLANCO | AQ49: 0
B50: LENNOX 1 | C50: SAIRA MORALES | D50: 619770-01 | E50: C - 3/4 | F50: 0.035 | G50: 0.144 | H50: 0 | I50: 0 | J50: 0 | N50: =+H50+I50+J50+K50+L50+M50-SUM(O50:Y50) -> 0 | Z50: =+G50*SUM(H50:M50) -> 0 | AA50: 500 | AB50: 0 | AC50: =+H50*AB50 -> 0 | AD50: 0 | AE50: =+H50*AD50 -> 0 | AF50: =+AE50*2 -> 0 | AG50: 0 | AH50: 0 | AI50: CTD T.MÉXICO | AJ50: BLANCO | AQ50: 0
B51: LENNOX 1 | C51: SAIRA MORALES | D51: 618685-01 | E51: C - 3/4 | F51: 0.035 | G51: 0.053 | H51: 1200 | I51: 0 | J51: 400 | N51: =+H51+I51+J51+K51+L51+M51-SUM(O51:Y51) -> -599 | O51: 567 | U51: 1632 | Z51: =+G51*SUM(H51:M51) -> 84.8 | AA51: 1000 | AB51: 0 | AC51: =+H51*AB51 -> 0 | AD51: 0 | AE51: =+H51*AD51 -> 0 | AF51: =+AE51*2 -> 0 | AG51: 0 | AH51: 0 | AI51: CTD T.MÉXICO | AJ51: BLANCO | AQ51: 1200
B52: LENNOX 1 | C52: SAIRA MORALES | D52: 627106-01 | E52: C - 3/4 | F52: 0.035 | G52: 0.138 | H52: 0 | I52: 0 | J52: 0 | N52: =+H52+I52+J52+K52+L52+M52-SUM(O52:Y52) -> 0 | Z52: =+G52*SUM(H52:M52) -> 0 | AA52: 500 | AB52: 0 | AC52: =+H52*AB52 -> 0 | AD52: 0 | AE52: =+H52*AD52 -> 0 | AF52: =+AE52*2 -> 0 | AG52: 0 | AH52: 0 | AI52: CTD T.MÉXICO | AJ52: BLANCO | AQ52: 0
B53: LENNOX 1 | C53: SAIRA MORALES | D53: 626967-01 | E53: C - 3/4 | F53: 0.035 | G53: 0.11 | H53: 2400 | I53: 0 | J53: 541 | N53: =+H53+I53+J53+K53+L53+M53-SUM(O53:Y53) -> -1553 | O53: 896 | V53: 600 | W53: 1500 | X53: 1498 | Z53: =+G53*SUM(H53:M53) -> 323.51 | AA53: 500 | AB53: 0 | AC53: =+H53*AB53 -> 0 | AD53: 0 | AE53: =+H53*AD53 -> 0 | AF53: =+AE53*2 -> 0 | AG53: 0 | AH53: 0 | AI53: CTD T.MÉXICO | AJ53: BLANCO | AQ53: 1000
B54: LENNOX 1 | C54: SAIRA MORALES | D54: 618927-01 | E54: C - 7/8 | F54: 0.041 | G54: 0.074 | H54: 1400 | I54: 0 | J54: 0 | N54: =+H54+I54+J54+K54+L54+M54-SUM(O54:Y54) -> -2200 | S54: 1100 | T54: 400 | U54: 622 | X54: 1478 | Z54: =+G54*SUM(H54:M54) -> 103.6 | AA54: 1000 | AB54: 0 | AC54: =+H54*AB54 -> 0 | AD54: 0 | AE54: =+H54*AD54 -> 0 | AF54: =+AE54*2 -> 0 | AG54: 0 | AH54: 0 | AI54: CTD T.MÉXICO | AJ54: BLANCO | AQ54: 2800
B55: LENNOX 1 | C55: SAIRA MORALES | D55: 624302-01 | E55: C - 7/8 | F55: 0.045 | G55: 0.46 | H55: 500 | I55: 0 | J55: 146 | N55: =+H55+I55+J55+K55+L55+M55-SUM(O55:Y55) -> 646 | Z55: =+G55*SUM(H55:M55) -> 297.16 | AA55: 200 | AB55: 0 | AC55: =+H55*AB55 -> 0 | AD55: 0 | AE55: =+H55*AD55 -> 0 | AF55: =+AE55*2 -> 0 | AG55: 0 | AH55: 0 | AI55: CTD T.MÉXICO | AJ55: BLANCO | AQ55: 1000
B56: LENNOX 1 | C56: SAIRA MORALES | D56: 626978-01 | E56: C - 7/8 | F56: 0.045 | G56: 0.233 | H56: 500 | I56: 0 | J56: 1649 | N56: =+H56+I56+J56+K56+L56+M56-SUM(O56:Y56) -> -138 | P56: 500 | Q56: 1100 | U56: 593 | X56: 94 | Z56: =+G56*SUM(H56:M56) -> 500.717 | AA56: 500 | AB56: 0 | AC56: =+H56*AB56 -> 0 | AD56: 0 | AE56: =+H56*AD56 -> 0 | AF56: =+AE56*2 -> 0 | AG56: 0 | AH56: 0 | AI56: CTD T.MÉXICO | AJ56: BLANCO | AQ56: 416
B57: LENNOX 1 | C57: SAIRA MORALES | D57: 618887-01 | E57: C - 7/8 | F57: 0.041 | G57: 0.197 | H57: 900 | I57: 0 | J57: 2595 | N57: =+H57+I57+J57+K57+L57+M57-SUM(O57:Y57) -> 129 | Q57: 756 | R57: 972 | S57: 100 | T57: 1000 | U57: 538 | Z57: =+G57*SUM(H57:M57) -> 688.515 | AA57: 500 | AB57: 0 | AC57: =+H57*AB57 -> 0 | AD57: 0 | AE57: =+H57*AD57 -> 0 | AF57: =+AE57*2 -> 0 | AG57: 0 | AH57: 0 | AI57: CTD T.MÉXICO | AJ57: BLANCO | AQ57: 2200
B58: LENNOX 1 | C58: SAIRA MORALES | D58: 626998-01 | E58: C - 7/8 | F58: 0.045 | G58: 0.173 | H58: 1000 | I58: 0 | J58: 470 | N58: =+H58+I58+J58+K58+L58+M58-SUM(O58:Y58) -> 69 | S58: 1401 | Z58: =+G58*SUM(H58:M58) -> 254.31 | AA58: 500 | AB58: 0 | AC58: =+H58*AB58 -> 0 | AD58: 0 | AE58: =+H58*AD58 -> 0 | AF58: =+AE58*2 -> 0 | AG58: 0 | AH58: 0 | AI58: CTD T.MÉXICO | AJ58: BLANCO | AQ58: 1720
B59: LENNOX 1 | C59: SAIRA MORALES | D59: 614166-01 | E59: SOLDADURA 3/4 | F59: 0.035 | G59: 0.298 | H59: 500 | I59: 0 | J59: 0 | N59: =+H59+I59+J59+K59+L59+M59-SUM(O59:Y59) -> -76 | S59: 144 | T59: 432 | Z59: =+G59*SUM(H59:M59) -> 149 | AA59: 144 | AB59: 0 | AC59: =+H59*AB59 -> 0 | AD59: 0 | AE59: =+H59*AD59 -> 0 | AF59: =+AE59*2 -> 0 | AG59: 103881-02 | AH59: =+SUM(H59:M59) -> 500 | AI59: CTD T.MÉXICO | AJ59: BLANCO | AQ59: 0
B60: LENNOX 1 | C60: SAIRA MORALES | D60: 626798-01 | E60: SOLDADURA 3/4 | F60: 0.035 | G60: 0.249 | H60: 0 | I60: 0 | J60: 0 | N60: =+H60+I60+J60+K60+L60+M60-SUM(O60:Y60) -> -680 | Y60: 680 | Z60: =+G60*SUM(H60:M60) -> 0 | AA60: 144 | AB60: 1 | AC60: =+H60*AB60 -> 0 | AD60: 0 | AE60: =+H60*AD60 -> 0 | AF60: =+AE60*2 -> 0 | AG60: 107892-03 | AH60: =+SUM(H60:M60) -> 0 | AI60: CTD T.MÉXICO | AJ60: BLANCO | AQ60: -576
B61: LENNOX 1 | C61: SAIRA MORALES | D61: 626430-01 | E61: SOLDADURA 3/4 | F61: 0.035 | G61: 0.253 | H61: 0 | I61: 0 | J61: 0 | N61: =+H61+I61+J61+K61+L61+M61-SUM(O61:Y61) -> -510 | Y61: 510 | Z61: =+G61*SUM(H61:M61) -> 0 | AA61: 144 | AB61: 1 | AC61: =+H61*AB61 -> 0 | AD61: 0 | AE61: =+H61*AD61 -> 0 | AF61: =+AE61*2 -> 0 | AG61: 107892-03 | AH61: =+SUM(H61:M61) -> 0 | AI61: CTD T.MÉXICO | AJ61: BLANCO | AQ61: 0
B62: LENNOX 1 | C62: SAIRA MORALES | D62: 626581-01 | E62: SOLDADURA 3/4 | F62: 0.035 | G62: 0.215 | H62: 1300 | I62: 0 | J62: 92 | N62: =+H62+I62+J62+K62+L62+M62-SUM(O62:Y62) -> -48 | R62: 144 | S62: 864 | U62: 432 | Z62: =+G62*SUM(H62:M62) -> 299.28 | AA62: 144 | AB62: 1 | AC62: =+H62*AB62 -> 1300 | AD62: 0 | AE62: =+H62*AD62 -> 0 | AF62: =+AE62*2 -> 0 | AG62: 107892-03 | AH62: =+SUM(H62:M62) -> 1392 | AI62: CTD T.MÉXICO | AJ62: BLANCO | AQ62: 144
B63: LENNOX 1 | C63: SAIRA MORALES | D63: 626798-02 | E63: SOLDADURA 3/4 | F63: 0.035 | G63: 0.253 | H63: 1000 | I63: 0 | J63: 288 | N63: =+H63+I63+J63+K63+L63+M63-SUM(O63:Y63) -> 500 | O63: 288 | W63: 288 | X63: 212 | Z63: =+G63*SUM(H63:M63) -> 325.864 | AA63: 144 | AB63: 1 | AC63: =+H63*AB63 -> 1000 | AD63: 0 | AE63: =+H63*AD63 -> 0 | AF63: =+AE63*2 -> 0 | AG63: 107892-03 | AH63: =+SUM(H63:M63) -> 1288 | AI63: CTD T.MÉXICO | AJ63: BLANCO | AQ63: 0
B64: LENNOX 1 | C64: SAIRA MORALES | D64: 626581-04 | E64: SOLDADURA 3/4 | F64: 0.035 | G64: 0.249 | H64: 1500 | I64: 0 | J64: 0 | N64: =+H64+I64+J64+K64+L64+M64-SUM(O64:Y64) -> -433 | P64: 432 | R64: 144 | S64: 144 | V64: 144 | W64: 432 | X64: 432 | Y64: 205 | Z64: =+G64*SUM(H64:M64) -> 373.5 | AA64: 144 | AB64: 1 | AC64: =+H64*AB64 -> 1500 | AD64: 0 | AE64: =+H64*AD64 -> 0 | AF64: =+AE64*2 -> 0 | AG64: 107892-03 | AH64: =+SUM(H64:M64) -> 1500 | AI64: CTD T.MÉXICO | AJ64: BLANCO | AQ64: 576
B65: LENNOX 1 | C65: SAIRA MORALES | D65: 101777-01 | E65: SOLDADURA 3/4 | F65: 0.035 | G65: 0.303 | H65: 300 | I65: 0 | J65: 0 | N65: =+H65+I65+J65+K65+L65+M65-SUM(O65:Y65) -> 300 | Z65: =+G65*SUM(H65:M65) -> 90.9 | AA65: 144 | AB65: 0 | AC65: =+H65*AB65 -> 0 | AD65: 0 | AE65: =+H65*AD65 -> 0 | AF65: =+AE65*2 -> 0 | AG65: 103881-02 | AH65: =+SUM(H65:M65) -> 300 | AI65: CTD T.MÉXICO | AJ65: BLANCO | AQ65: 0
B66: LENNOX 1 | C66: SAIRA MORALES | D66: 626581-02 | E66: SOLDADURA 3/4 | F66: 0.035 | G66: 0.216 | H66: 300 | I66: 0 | J66: 0 | N66: =+H66+I66+J66+K66+L66+M66-SUM(O66:Y66) -> 300 | Z66: =+G66*SUM(H66:M66) -> 64.8 | AA66: 144 | AB66: 1 | AC66: =+H66*AB66 -> 300 | AD66: 0 | AE66: =+H66*AD66 -> 0 | AF66: =+AE66*2 -> 0 | AG66: 107892-03 | AH66: =+SUM(H66:M66) -> 300 | AI66: CTD T.MÉXICO | AJ66: BLANCO | AQ66: 0
B67: LENNOX 1 | C67: SAIRA MORALES | D67: 613781-01 | E67: SOLDADURA 3/4 | F67: 0.035 | G67: 0.284 | H67: 200 | I67: 0 | J67: 0 | N67: =+H67+I67+J67+K67+L67+M67-SUM(O67:Y67) -> -88 | W67: 288 | Z67: =+G67*SUM(H67:M67) -> 56.8 | AA67: 144 | AB67: 0 | AC67: =+H67*AB67 -> 0 | AD67: 0 | AE67: =+H67*AD67 -> 0 | AF67: =+AE67*2 -> 0 | AG67: 103881-02 | AH67: =+SUM(H67:M67) -> 200 | AI67: CTD T.MÉXICO | AJ67: BLANCO | AQ67: 0
B68: LENNOX 1 | C68: SAIRA MORALES | D68: 626798-03 | E68: SOLDADURA 3/4 | F68: 0.035 | G68: 0.252 | H68: 1100 | I68: 0 | J68: 0 | N68: =+H68+I68+J68+K68+L68+M68-SUM(O68:Y68) -> -215 | U68: 864 | V68: 144 | X68: 50 | Y68: 257 | Z68: =+G68*SUM(H68:M68) -> 277.2 | AA68: 144 | AB68: 1 | AC68: =+H68*AB68 -> 1100 | AD68: 0 | AE68: =+H68*AD68 -> 0 | AF68: =+AE68*2 -> 0 | AG68: 107892-03 | AH68: =+SUM(H68:M68) -> 1100 | AI68: CTD T.MÉXICO | AJ68: BLANCO | AQ68: -144
B69: LENNOX 1 | C69: SAIRA MORALES | D69: 626581-05 | E69: SOLDADURA 7/8 | F69: 0.045 | G69: 0.373 | H69: 200 | I69: 0 | J69: 0 | N69: =+H69+I69+J69+K69+L69+M69-SUM(O69:Y69) -> -156 | P69: 128 | X69: 100 | Y69: 128 | Z69: =+G69*SUM(H69:M69) -> 74.6 | AA69: 288 | AB69: 1 | AC69: =+H69*AB69 -> 200 | AD69: 0 | AE69: =+H69*AD69 -> 0 | AF69: =+AE69*2 -> 0 | AG69: 107892-04 | AH69: =+SUM(H69:M69) -> 200 | AI69: CTD T.MÉXICO | AJ69: BLANCO | AQ69: 512
B70: LENNOX 1 | C70: SAIRA MORALES | D70: 606820-03 | E70: SOLDADURA 7/8 | F70: 0.041 | G70: 0.375 | H70: 0 | I70: 0 | J70: 0 | N70: =+H70+I70+J70+K70+L70+M70-SUM(O70:Y70) -> 0 | Z70: =+G70*SUM(H70:M70) -> 0 | AA70: 288 | AB70: 0 | AC70: =+H70*AB70 -> 0 | AD70: 1 | AE70: =+H70*AD70 -> 0 | AF70: =+AE70*2 -> 0 | AG70: 102831-11 | AH70: =+SUM(H70:M70) -> 0 | AI70: CTD T.MÉXICO | AJ70: BLANCO | AQ70: 0
B71: LENNOX 1 | C71: SAIRA MORALES | D71: 626432-01 | E71: SOLDADURA 7/8 | F71: 0.045 | G71: 0.356 | H71: 400 | I71: 0 | J71: 0 | N71: =+H71+I71+J71+K71+L71+M71-SUM(O71:Y71) -> -126 | Q71: 512 | X71: 14 | Z71: =+G71*SUM(H71:M71) -> 142.4 | AA71: 288 | AB71: 1 | AC71: =+H71*AB71 -> 400 | AD71: 0 | AE71: =+H71*AD71 -> 0 | AF71: =+AE71*2 -> 0 | AG71: 107892-04 | AH71: =+SUM(H71:M71) -> 400 | AI71: CTD T.MÉXICO | AJ71: BLANCO | AQ71: 0
B72: LENNOX 1 | C72: SAIRA MORALES | D72: 626581-08 | E72: SOLDADURA 7/8 | F72: 0.045 | G72: 0.352 | H72: 600 | I72: 0 | J72: 0 | N72: =+H72+I72+J72+K72+L72+M72-SUM(O72:Y72) -> -169 | Q72: 128 | S72: 256 | T72: 128 | W72: 129 | Y72: 128 | Z72: =+G72*SUM(H72:M72) -> 211.2 | AA72: 288 | AB72: 1 | AC72: =+H72*AB72 -> 600 | AD72: 0 | AE72: =+H72*AD72 -> 0 | AF72: =+AE72*2 -> 0 | AG72: 107905-06 | AH72: =+SUM(H72:M72) -> 600 | AI72: CTD T.MÉXICO | AJ72: BLANCO | AQ72: 0
B73: LENNOX 1 | C73: SAIRA MORALES | D73: 626581-11 | E73: SOLDADURA 7/8 | F73: 0.045 | G73: 0.353 | H73: 200 | I73: 0 | J73: 0 | N73: =+H73+I73+J73+K73+L73+M73-SUM(O73:Y73) -> -202 | O73: 128 | P73: 128 | X73: 18 | Y73: 128 | Z73: =+G73*SUM(H73:M73) -> 70.6 | AA73: 288 | AB73: 1 | AC73: =+H73*AB73 -> 200 | AD73: 0 | AE73: =+H73*AD73 -> 0 | AF73: =+AE73*2 -> 0 | AG73: 107905-07 | AH73: =+SUM(H73:M73) -> 200 | AI73: CTD T.MÉXICO | AJ73: BLANCO | AQ73: 0
B74: LENNOX 1 | C74: SAIRA MORALES | D74: 626434-01 | E74: SOLDADURA 7/8 | F74: 0.045 | G74: 0.356 | H74: 200 | I74: 0 | J74: 0 | N74: =+H74+I74+J74+K74+L74+M74-SUM(O74:Y74) -> 72 | X74: 128 | Z74: =+G74*SUM(H74:M74) -> 71.2 | AA74: 288 | AB74: 1 | AC74: =+H74*AB74 -> 200 | AD74: 0 | AE74: =+H74*AD74 -> 0 | AF74: =+AE74*2 -> 0 | AG74: 107905-07 | AH74: =+SUM(H74:M74) -> 200 | AI74: CTD T.MÉXICO | AJ74: BLANCO | AQ74: 0
B75: LENNOX 1 | C75: SAIRA MORALES | D75: 614199-01 | E75: SOLDADURA 7/8 | F75: 0.041 | G75: 0.441 | H75: 200 | I75: 0 | J75: 0 | N75: =+H75+I75+J75+K75+L75+M75-SUM(O75:Y75) -> 200 | Z75: =+G75*SUM(H75:M75) -> 88.2 | AA75: 288 | AB75: 0 | AC75: =+H75*AB75 -> 0 | AD75: 0 | AE75: =+H75*AD75 -> 0 | AF75: =+AE75*2 -> 0 | AG75: 103881-03 | AH75: =+SUM(H75:M75) -> 200 | AI75: CTD T.MÉXICO | AJ75: BLANCO | AQ75: 0
B76: LENNOX 1 | C76: SAIRA MORALES | D76: 626581-06 | E76: SOLDADURA 7/8 | F76: 0.045 | G76: 0.374 | H76: 200 | I76: 0 | J76: 0 | N76: =+H76+I76+J76+K76+L76+M76-SUM(O76:Y76) -> 167 | X76: 33 | Z76: =+G76*SUM(H76:M76) -> 74.8 | AA76: 288 | AB76: 1 | AC76: =+H76*AB76 -> 200 | AD76: 0 | AE76: =+H76*AD76 -> 0 | AF76: =+AE76*2 -> 0 | AG76: 107892-04 | AH76: =+SUM(H76:M76) -> 200 | AI76: CTD T.MÉXICO | AJ76: BLANCO | AQ76: 128
B77: LENNOX 1 | C77: SAIRA MORALES | D77: 612822-01 | E77: SOLDADURA 7/8 | F77: 0.041 | G77: 0.416 | H77: 300 | I77: 0 | J77: 0 | N77: =+H77+I77+J77+K77+L77+M77-SUM(O77:Y77) -> 300 | Z77: =+G77*SUM(H77:M77) -> 124.8 | AA77: 288 | AB77: 0 | AC77: =+H77*AB77 -> 0 | AD77: 1 | AE77: =+H77*AD77 -> 300 | AF77: =+AE77*2 -> 600 | AG77: 102831-10 | AH77: =+SUM(H77:M77) -> 300 | AI77: CTD T.MÉXICO | AJ77: BLANCO | AQ77: 0
B78: LENNOX 1 | C78: SAIRA MORALES | D78: 626429-01 | E78: SOLDADURA 7/8 | F78: 0.045 | G78: 0.395 | H78: 400 | I78: 0 | J78: 0 | N78: =+H78+I78+J78+K78+L78+M78-SUM(O78:Y78) -> 144 | P78: 128 | Q78: 128 | Z78: =+G78*SUM(H78:M78) -> 158 | AA78: 288 | AB78: 1 | AC78: =+H78*AB78 -> 400 | AD78: 0 | AE78: =+H78*AD78 -> 0 | AF78: =+AE78*2 -> 0 | AG78: 107892-04 | AH78: =+SUM(H78:M78) -> 400 | AI78: CTD T.MÉXICO | AJ78: BLANCO | AQ78: 0
G79: TOTAL | H79: =SUM(H6:H78) -> 32700 | I79: =SUM(I6:I78) -> 14800 | J79: =SUM(J6:J78) -> 13219 | K79: =SUM(K6:K78) -> 0 | L79: =SUM(L6:L78) -> 0 | M79: =SUM(M6:M78) -> 0 | N79: =SUM(N6:N78) -> -16010 | O79: =SUM(O12:O78) -> 4915 | P79: =SUM(P12:P78) -> 3516 | Q79: =SUM(Q12:Q78) -> 5224 | R79: =SUM(R12:R78) -> 3980 | S79: =SUM(S12:S78) -> 4970 | T79: =SUM(T12:T78) -> 2760 | U79: =SUM(U12:U78) -> 7081 | V79: =SUM(V12:V78) -> 3268 | ... Y79: =SUM(Y12:Y78) -> 18542 | Z79: =SUM(Z6:Z78) -> 6449.011 | AB79: =SUM(AB6:AB78) -> 14 | AC79: =SUM(AC6:AC78) -> 7400 | AD79: =SUM(AD6:AD78) -> 2 | AE79: =SUM(AE6:AE78) -> 300 | AF79: =SUM(AF6:AF78) -> 600 | AH79: =SUM(AH6:AH78) -> 9280
G80: MAS AGREGADO | H80: =+H79+I79+J79+K79+L79+M79 -> 60719 | O80: =+O79+P79 -> 8431 | Q80: =+Q79+R79 -> 9204 | S80: =+S79+T79 -> 7730 | U80: =+U79+V79 -> 10349 | W80: =+W79+X79 -> 12631 | Y80: =+Y79 -> 18542
H81: 32700 | I81: =SUM(I13:I78) -> 0 | J81: =SUM(J13:J78) -> 6394 | K81: =SUM(K13:K78) -> 0 | L81: =SUM(L13:L78) -> 0 | M81: =SUM(M13:M78) -> 0 | O81: =SUM(O6:P11) -> 1828 | Q81: =SUM(Q6:R11) -> 3835 | S81: =SUM(S6:T11) -> 2179 | U81: =SUM(U6:V11) -> 2000 | W81: =SUM(W6:X11) -> 0
C83: META | D83: X DÍA | E83: X TURNO | O83: A | P83: B | Q83: A | R83: B | S83: A | T83: B | U83: A | V83: B | W83: A | X83: B
B84: programado | C84: =H81+J81 -> 39094 | D84: =+C84/5 -> 7818.8 | E84: =+D84/2 -> 3909.4 | O84: =+O79/$E$84 -> 1.2572262 | P84: =+P79/$E$84 -> 0.89937075 | Q84: =+Q79/$E$84 -> 1.3362664 | R84: =+R79/$E$84 -> 1.018059 | S84: =+S79/$E$84 -> 1.2712948 | T84: =+T79/$E$84 -> 0.70599069 | U84: =+U79/$E$84 -> 1.8112754 | V84: =+V79/$E$84 -> 0.8359339 | ... X84: =+X79/$E$84 -> 1.8401801
B85: pendiente / balance | C85: 2683 | D85: =+C85/5 -> 536.6 | E85: =+D85/2 -> 268.3 | O85: =+O81/$F$86 -> 0.3656 | Q85: =+Q81/$F$86 -> 0.767 | S85: =+S81/$F$86 -> 0.4358 | U85: =+U81/$F$86 -> 0.4 | W85: =+W81/$F$86 -> 0
B86: entregado | C86: =+C84-C85 -> 36411 | F86: 5000
B87: AVANCE | C87: =+C86/C84 -> 0.93137054 | S87: 0 A 84 | T87: ROJO
B88: Pendiente / balance | C88: =+C85/C84 -> 0.068629457 | S88: 85 A 99
S89: 100 | T89: VERDE
B90: LENNOX I
A91: W31 | B91: 46230 | C91: 46231 | D91: 46232 | E91: 46233 | F91: 46234
B92: Lunes | C92: Martes | D92: Miércoles | E92: Jueves | F92: Viernes
A93: Avance | B93: 0.25 | C93: 0.45 | D93: 0.62 | E93: 0.77 | F93: 0.93
A94: Pendiente | B94: 0.75 | C94: 0.55 | D94: 0.38 | E94: 0.23 | F94: 0.07
B95: PORCENTAJES DE AVANCES AL FINALIZAR AMBOS TURNOS

Sheet SEMANA 32
B2: DÍA | C2: TURNO
B3: =TODAY() -> 46309 | C3: A | D3: X | H3: PROGRAMA
C4: B | H4: SEMANA | I4: Convertirlo a horas | O4: 46237 | Q4: 46238 | S4: 46239 | U4: 46240 | W4: 46241 | Y4: Ag1
B5: CLIENTE | C5: DESTINO | D5: NÚMERO DE PARTE | E5: DIAMETRO | F5: PARED | G5: PESO | H5: 32 | I5: W31 | J5: W32 | K5: Ag3 | L5: Ag4 | N5: BALANCE | O5: A | P5: B | Q5: A | R5: B | S5: A | T5: B | U5: A | V5: B | W5: A | X5: B | Y5: AYB | Z5: KG | AA5: STD. | AB5: SWITCH | AC5: SWITCH | AD5: BRACKET | AE5: BRACKET | AF5: PIJA | AG5: VALVULA | AH5: CANT. VAL. | AI5: CAJA | AJ5: HOJA COLOR | AL5: Row Labels | AM5: Sum of CANT. VAL.
B6: LENNOX 1 | C6: SAIRA MORALES | D6: 625994-01 | E6: A - 3/8 | F6: 0.42 | G6: 0.42 | I6: 3515 | J6: 2600 | N6: =+H6+I6+J6+K6+L6+M6-SUM(O6:Y6) -> 3365 | P6: 1500 | T6: 500 | X6: 750 | Z6: =+G6*SUM(H6:M6) -> 2568.3 | AA6: 1000 | AB6: 0 | AC6: =+H6*AB6 -> 0 | AD6: 0 | AE6: =+H6*AD6 -> 0 | AF6: =+AE6*2 -> 0 | AG6: 0 | AH6: 0 | AI6: CTD T.MÉXICO | AJ6: BLANCO | AL6: 0 | AM6: 0 | AQ6: 5600
B7: LENNOX 1 | C7: SAIRA MORALES | D7: 627512-01 | E7: A - 3/8 | F7: 0.42 | G7: 0.42 | I7: 6076 | J7: 1200 | N7: =+H7+I7+J7+K7+L7+M7-SUM(O7:Y7) -> 3576 | P7: 800 | T7: 2700 | X7: 200 | Z7: =+G7*SUM(H7:M7) -> 3055.92 | AA7: 1000 | AB7: 0 | AC7: =+H7*AB7 -> 0 | AD7: 0 | AE7: =+H7*AD7 -> 0 | AF7: =+AE7*2 -> 0 | AG7: 0 | AH7: 0 | AI7: CTD T.MÉXICO | AJ7: BLANCO | AL7: 102831-10 | AM7: 128 | AQ7: 4338
B8: LENNOX 1 | C8: SAIRA MORALES | D8: 625967-01 | E8: A - 3/8 | F8: 0.42 | G8: 0.42 | I8: 672 | J8: 500 | N8: =+H8+I8+J8+K8+L8+M8-SUM(O8:Y8) -> 472 | X8: 700 | Z8: =+G8*SUM(H8:M8) -> 492.24 | AA8: 1000 | AB8: 0 | AC8: =+H8*AB8 -> 0 | AD8: 0 | AE8: =+H8*AD8 -> 0 | AF8: =+AE8*2 -> 0 | AG8: 0 | AH8: 0 | AI8: CTD T.MÉXICO | AJ8: BLANCO | AL8: 102831-11 | AM8: 0 | AQ8: 1300
B9: LENNOX 1 | C9: SAIRA MORALES | D9: 626309-01 | E9: A - 3/8 | F9: 0.42 | G9: 0.42 | I9: 0 | J9: 700 | N9: =+H9+I9+J9+K9+L9+M9-SUM(O9:Y9) -> 200 | T9: 500 | Z9: =+G9*SUM(H9:M9) -> 294 | AA9: 1000 | AB9: 0 | AC9: =+H9*AB9 -> 0 | AD9: 0 | AE9: =+H9*AD9 -> 0 | AF9: =+AE9*2 -> 0 | AG9: 0 | AH9: 0 | AI9: CTD T.MÉXICO | AJ9: BLANCO | AL9: 103881-02 | AM9: 864 | AQ9: 0
B10: LENNOX 1 | C10: SAIRA MORALES | D10: 625890-01 | E10: A - 3/8 | F10: 0.42 | G10: 0.42 | I10: 200 | J10: 500 | N10: =+H10+I10+J10+K10+L10+M10-SUM(O10:Y10) -> 700 | Z10: =+G10*SUM(H10:M10) -> 294 | AA10: 1000 | AB10: 0 | AC10: =+H10*AB10 -> 0 | AD10: 0 | AE10: =+H10*AD10 -> 0 | AF10: =+AE10*2 -> 0 | AG10: 0 | AH10: 0 | AI10: CTD T.MÉXICO | AJ10: BLANCO | AL10: 103881-03 | AM10: 0 | AQ10: 1000
B11: LENNOX 1 | C11: SAIRA MORALES | D11: 615991-01 | E11: A - 3/8 | F11: 0.42 | G11: 0.42 | I11: 1507 | J11: 600 | N11: =+H11+I11+J11+K11+L11+M11-SUM(O11:Y11) -> 573 | P11: 1534 | Z11: =+G11*SUM(H11:M11) -> 884.94 | AA11: 1000 | AB11: 0 | AC11: =+H11*AB11 -> 0 | AD11: 0 | AE11: =+H11*AD11 -> 0 | AF11: =+AE11*2 -> 0 | AG11: 0 | AH11: 0 | AI11: CTD T.MÉXICO | AJ11: BLANCO | AL11: 107892-03 | AM11: 7704 | AQ11: 1707
B12: LENNOX 1 | C12: SAIRA MORALES | D12: 626164-01 | E12: A - 3/8 | F12: 0.42 | G12: 0.42 | I12: 0 | J12: 0 | N12: =+H12+I12+J12+K12+L12+M12-SUM(O12:Y12) -> 0 | Z12: =+G12*SUM(H12:M12) -> 0 | AA12: 1000 | AB12: 0 | AC12: =+H12*AB12 -> 0 | AD12: 0 | AE12: =+H12*AD12 -> 0 | AF12: =+AE12*2 -> 0 | AG12: 0 | AH12: 0 | AI12: CTD T.MÉXICO | AJ12: BLANCO | AL12: 107892-04 | AM12: 3840 | AQ12: 0
B13: LENNOX 1 | C13: SAIRA MORALES | D13: 626121-01 | E13: C - 3/8 | F13: BUSCA | G13: 0.028 | H13: 2000 | I13: 0 | N13: =+H13+I13+J13+K13+L13+M13-SUM(O13:Y13) -> -200 | O13: 1000 | P13: 500 | Q13: 500 | R13: 200 | Z13: =+G13*SUM(H13:M13) -> 56 | AA13: 1000 | AB13: 0 | AC13: =+H13*AB13 -> 0 | AD13: 0 | AE13: =+H13*AD13 -> 0 | AF13: =+AE13*2 -> 0 | AG13: 0 | AH13: 0 | AI13: CTD T.MÉXICO | AJ13: BLANCO | AL13: 107905-06 | AM13: 1280 | AQ13: -3900
B14: LENNOX 1 | C14: SAIRA MORALES | D14: 625995-01 | E14: C - 3/8 | F14: 0.028 | G14: 0.028 | H14: 0 | I14: 0 | N14: =+H14+I14+J14+K14+L14+M14-SUM(O14:Y14) -> 0 | Z14: =+G14*SUM(H14:M14) -> 0 | AA14: 1000 | AB14: 0 | AC14: =+H14*AB14 -> 0 | AD14: 0 | AE14: =+H14*AD14 -> 0 | AF14: =+AE14*2 -> 0 | AG14: 0 | AH14: 0 | AI14: CTD T.MÉXICO | AJ14: BLANCO | AL14: 107905-07 | AM14: 384 | AQ14: -2966
B15: LENNOX 1 | C15: SAIRA MORALES | D15: 615380-01 | E15: C - 3/8 | F15: 0.028 | G15: 0.028 | H15: 2500 | I15: 0 | N15: =+H15+I15+J15+K15+L15+M15-SUM(O15:Y15) -> -500 | Q15: 300 | Y15: 2700 | Z15: =+G15*SUM(H15:M15) -> 70 | AA15: 1000 | AB15: 0 | AC15: =+H15*AB15 -> 0 | AD15: 0 | AE15: =+H15*AD15 -> 0 | AF15: =+AE15*2 -> 0 | AG15: 0 | AH15: 0 | AI15: CTD T.MÉXICO | AJ15: BLANCO | AL15: Grand Total | AM15: 14200 | AQ15: 2400
B16: LENNOX 1 | C16: SAIRA MORALES | D16: 625922-01 | E16: C - 3/8 | F16: 0.028 | G16: 0.028 | H16: 500 | I16: 0 | N16: =+H16+I16+J16+K16+L16+M16-SUM(O16:Y16) -> 500 | Z16: =+G16*SUM(H16:M16) -> 14 | AA16: 1000 | AB16: 0 | AC16: =+H16*AB16 -> 0 | AD16: 0 | AE16: =+H16*AD16 -> 0 | AF16: =+AE16*2 -> 0 | AG16: 0 | AH16: 0 | AI16: CTD T.MÉXICO | AJ16: BLANCO | AQ16: 400
B17: LENNOX 1 | C17: SAIRA MORALES | D17: 627511-01 | E17: C - 3/8 | F17: 0.028 | G17: 0.028 | H17: 3400 | I17: 0 | N17: =+H17+I17+J17+K17+L17+M17-SUM(O17:Y17) -> -800 | Y17: 4200 | Z17: =+G17*SUM(H17:M17) -> 95.2 | AA17: 1000 | AB17: 0 | AC17: =+H17*AB17 -> 0 | AD17: 0 | AE17: =+H17*AD17 -> 0 | AF17: =+AE17*2 -> 0 | AG17: 0 | AH17: 0 | AI17: CTD T.MÉXICO | AJ17: BLANCO | AQ17: 3600
B18: LENNOX 1 | C18: SAIRA MORALES | D18: 626308-01 | E18: C - 3/8 | F18: 0.028 | G18: 0.028 | H18: 700 | I18: 0 | N18: =+H18+I18+J18+K18+L18+M18-SUM(O18:Y18) -> 400 | T18: 300 | Z18: =+G18*SUM(H18:M18) -> 19.6 | AA18: 1000 | AB18: 0 | AC18: =+H18*AB18 -> 0 | AD18: 0 | AE18: =+H18*AD18 -> 0 | AF18: =+AE18*2 -> 0 | AG18: 0 | AH18: 0 | AI18: CTD T.MÉXICO | AJ18: BLANCO | AQ18: 0
B19: LENNOX 1 | C19: SAIRA MORALES | D19: 626467-01 | E19: C - 1/2 | F19: 0.028 | G19: 0.028 | H19: 200 | I19: 0 | N19: =+H19+I19+J19+K19+L19+M19-SUM(O19:Y19) -> -29 | V19: 211 | Y19: 18 | Z19: =+G19*SUM(H19:M19) -> 5.6 | AA19: 100 | AB19: 0 | AC19: =+H19*AB19 -> 0 | AD19: 0 | AE19: =+H19*AD19 -> 0 | AF19: =+AE19*2 -> 0 | AG19: 0 | AH19: 0 | AI19: CTD T.MÉXICO | AJ19: BLANCO | AQ19: -55
B20: LENNOX 1 | C20: SAIRA MORALES | D20: 626473-01 | E20: C - 1/2 | F20: 0.028 | G20: 0.028 | H20: 200 | I20: 0 | N20: =+H20+I20+J20+K20+L20+M20-SUM(O20:Y20) -> -22 | U20: 208 | Y20: 14 | Z20: =+G20*SUM(H20:M20) -> 5.6 | AA20: 100 | AB20: 0 | AC20: =+H20*AB20 -> 0 | AD20: 0 | AE20: =+H20*AD20 -> 0 | AF20: =+AE20*2 -> 0 | AG20: 0 | AH20: 0 | AI20: CTD T.MÉXICO | AJ20: BLANCO | AQ20: 0
B21: LENNOX 1 | C21: SAIRA MORALES | D21: 627051-01 | E21: C - 1/2 | F21: 0.028 | G21: 0.028 | H21: 0 | I21: 0 | N21: =+H21+I21+J21+K21+L21+M21-SUM(O21:Y21) -> 0 | Z21: =+G21*SUM(H21:M21) -> 0 | AA21: 100 | AB21: 0 | AC21: =+H21*AB21 -> 0 | AD21: 0 | AE21: =+H21*AD21 -> 0 | AF21: =+AE21*2 -> 0 | AG21: 0 | AH21: 0 | AI21: CTD T.MÉXICO | AJ21: BLANCO | AQ21: -25
B22: LENNOX 1 | C22: SAIRA MORALES | D22: 627186-01 | E22: C - 1/2 | F22: 0.028 | G22: 0.028 | H22: 700 | I22: 0 | N22: =+H22+I22+J22+K22+L22+M22-SUM(O22:Y22) -> -1399 | O22: 211 | V22: 700 | W22: 683 | Y22: 505 | Z22: =+G22*SUM(H22:M22) -> 19.6 | AA22: 100 | AB22: 0 | AC22: =+H22*AB22 -> 0 | AD22: 0 | AE22: =+H22*AD22 -> 0 | AF22: =+AE22*2 -> 0 | AG22: 0 | AH22: 0 | AI22: CTD T.MÉXICO | AJ22: BLANCO | AQ22: -250
B23: LENNOX 1 | C23: SAIRA MORALES | D23: 627041-01 | E23: C - 1/2 | F23: 0.028 | G23: 0.028 | H23: 0 | I23: 0 | N23: =+H23+I23+J23+K23+L23+M23-SUM(O23:Y23) -> 0 | Z23: =+G23*SUM(H23:M23) -> 0 | AA23: 100 | AB23: 0 | AC23: =+H23*AB23 -> 0 | AD23: 0 | AE23: =+H23*AD23 -> 0 | AF23: =+AE23*2 -> 0 | AG23: 0 | AH23: 0 | AI23: CTD T.MÉXICO | AJ23: BLANCO | AQ23: 0
B24: LENNOX 1 | C24: SAIRA MORALES | D24: 625151-01 | E24: C - 1/2 | F24: 0.028 | G24: 0.028 | H24: 0 | I24: 0 | N24: =+H24+I24+J24+K24+L24+M24-SUM(O24:Y24) -> -225 | W24: 225 | Z24: =+G24*SUM(H24:M24) -> 0 | AA24: 100 | AB24: 0 | AC24: =+H24*AB24 -> 0 | AD24: 0 | AE24: =+H24*AD24 -> 0 | AF24: =+AE24*2 -> 0 | AG24: 0 | AH24: 0 | AI24: CTD T.MÉXICO | AJ24: BLANCO | AQ24: -55
B25: LENNOX 1 | C25: SAIRA MORALES | D25: 626794-01 | E25: C - 1/2 | F25: 0.028 | G25: 0.028 | H25: 900 | I25: 0 | N25: =+H25+I25+J25+K25+L25+M25-SUM(O25:Y25) -> -14 | Y25: 914 | Z25: =+G25*SUM(H25:M25) -> 25.2 | AA25: 100 | AB25: 0 | AC25: =+H25*AB25 -> 0 | AD25: 0 | AE25: =+H25*AD25 -> 0 | AF25: =+AE25*2 -> 0 | AG25: 0 | AH25: 0 | AI25: CTD T.MÉXICO | AJ25: BLANCO | AQ25: -50
B26: LENNOX 1 | C26: SAIRA MORALES | D26: 618748-01 | E26: C - 1/2 | F26: 0.028 | G26: 0.028 | H26: 500 | I26: 0 | N26: =+H26+I26+J26+K26+L26+M26-SUM(O26:Y26) -> 0 | T26: 467 | Y26: 33 | Z26: =+G26*SUM(H26:M26) -> 14 | AA26: 100 | AB26: 0 | AC26: =+H26*AB26 -> 0 | AD26: 0 | AE26: =+H26*AD26 -> 0 | AF26: =+AE26*2 -> 0 | AG26: 0 | AH26: 0 | AI26: CTD T.MÉXICO | AJ26: BLANCO | AQ26: 0
B27: LENNOX 1 | C27: SAIRA MORALES | D27: 626532-01 | E27: C - 1/2 | F27: 0.028 | G27: 0.028 | H27: 1300 | I27: 0 | N27: =+H27+I27+J27+K27+L27+M27-SUM(O27:Y27) -> -590 | Y27: 1890 | Z27: =+G27*SUM(H27:M27) -> 36.4 | AA27: 100 | AB27: 0 | AC27: =+H27*AB27 -> 0 | AD27: 0 | AE27: =+H27*AD27 -> 0 | AF27: =+AE27*2 -> 0 | AG27: 0 | AH27: 0 | AI27: CTD T.MÉXICO | AJ27: BLANCO | AQ27: 307
B28: LENNOX 1 | C28: SAIRA MORALES | D28: 626391-01 | E28: C - 1/2 | F28: 0.028 | G28: 0.028 | H28: 0 | I28: 0 | N28: =+H28+I28+J28+K28+L28+M28-SUM(O28:Y28) -> 0 | Z28: =+G28*SUM(H28:M28) -> 0 | AA28: 100 | AB28: 0 | AC28: =+H28*AB28 -> 0 | AD28: 0 | AE28: =+H28*AD28 -> 0 | AF28: =+AE28*2 -> 0 | AG28: 0 | AH28: 0 | AI28: CTD T.MÉXICO | AJ28: BLANCO | AQ28: -77
B29: LENNOX 1 | C29: SAIRA MORALES | D29: 613544-01 | E29: C - 1/2 | F29: 0.028 | G29: 0.028 | H29: 100 | I29: 0 | N29: =+H29+I29+J29+K29+L29+M29-SUM(O29:Y29) -> 0 | Y29: 100 | Z29: =+G29*SUM(H29:M29) -> 2.8 | AA29: 100 | AB29: 0 | AC29: =+H29*AB29 -> 0 | AD29: 0 | AE29: =+H29*AD29 -> 0 | AF29: =+AE29*2 -> 0 | AG29: 0 | AH29: 0 | AI29: CTD T.MÉXICO | AJ29: BLANCO | AQ29: 300
B30: LENNOX 1 | C30: SAIRA MORALES | D30: 627101-01 | E30: C - 1/2 | F30: 0.028 | G30: 0.028 | H30: 1200 | I30: 0 | N30: =+H30+I30+J30+K30+L30+M30-SUM(O30:Y30) -> -460 | Y30: 1660 | Z30: =+G30*SUM(H30:M30) -> 33.6 | AA30: 100 | AB30: 0 | AC30: =+H30*AB30 -> 0 | AD30: 0 | AE30: =+H30*AD30 -> 0 | AF30: =+AE30*2 -> 0 | AG30: 0 | AH30: 0 | AI30: CTD T.MÉXICO | AJ30: BLANCO | AQ30: -445
B31: LENNOX 1 | C31: SAIRA MORALES | D31: 626469-01 | E31: C - 1/2 | F31: 0.028 | G31: 0.028 | H31: 700 | I31: 0 | N31: =+H31+I31+J31+K31+L31+M31-SUM(O31:Y31) -> -378 | Y31: 1078 | Z31: =+G31*SUM(H31:M31) -> 19.6 | AA31: 100 | AB31: 0 | AC31: =+H31*AB31 -> 0 | AD31: 0 | AE31: =+H31*AD31 -> 0 | AF31: =+AE31*2 -> 0 | AG31: 0 | AH31: 0 | AI31: CTD T.MÉXICO | AJ31: BLANCO | AQ31: -83
B32: LENNOX 1 | C32: SAIRA MORALES | D32: 619792-01 | E32: C - 1/2 | F32: 0.028 | G32: 0.028 | H32: 400 | I32: 0 | N32: =+H32+I32+J32+K32+L32+M32-SUM(O32:Y32) -> 0 | Q32: 400 | Z32: =+G32*SUM(H32:M32) -> 11.2 | AA32: 100 | AB32: 0 | AC32: =+H32*AB32 -> 0 | AD32: 0 | AE32: =+H32*AD32 -> 0 | AF32: =+AE32*2 -> 0 | AG32: 0 | AH32: 0 | AI32: CTD T.MÉXICO | AJ32: BLANCO | AQ32: 0
B33: LENNOX 1 | C33: SAIRA MORALES | D33: 625022-01 | E33: C - 1/2 | F33: 0.028 | G33: 0.028 | H33: 300 | I33: 0 | N33: =+H33+I33+J33+K33+L33+M33-SUM(O33:Y33) -> -230 | S33: 300 | Y33: 230 | Z33: =+G33*SUM(H33:M33) -> 8.4 | AA33: 100 | AB33: 0 | AC33: =+H33*AB33 -> 0 | AD33: 0 | AE33: =+H33*AD33 -> 0 | AF33: =+AE33*2 -> 0 | AG33: 0 | AH33: 0 | AI33: CTD T.MÉXICO | AJ33: BLANCO | AQ33: 300
B34: LENNOX 1 | C34: SAIRA MORALES | D34: 627046-01 | E34: C - 1/2 | F34: 0.028 | G34: 0.028 | H34: 100 | I34: 0 | N34: =+H34+I34+J34+K34+L34+M34-SUM(O34:Y34) -> -53 | U34: 115 | Y34: 38 | Z34: =+G34*SUM(H34:M34) -> 2.8 | AA34: 100 | AB34: 0 | AC34: =+H34*AB34 -> 0 | AD34: 0 | AE34: =+H34*AD34 -> 0 | AF34: =+AE34*2 -> 0 | AG34: 0 | AH34: 0 | AI34: CTD T.MÉXICO | AJ34: BLANCO | AQ34: 500
B35: LENNOX 1 | C35: SAIRA MORALES | D35: MXLB-112323 | E35: C - 1/2 | F35: 0.028 | G35: 0.028 | H35: 700 | I35: 0 | N35: =+H35+I35+J35+K35+L35+M35-SUM(O35:Y35) -> -73 | O35: 182 | Q35: 591 | Z35: =+G35*SUM(H35:M35) -> 19.6 | AA35: 100 | AB35: 0 | AC35: =+H35*AB35 -> 0 | AD35: 0 | AE35: =+H35*AD35 -> 0 | AF35: =+AE35*2 -> 0 | AG35: 0 | AH35: 0 | AI35: CTD T.MÉXICO | AJ35: BLANCO | AQ35: 300
B36: LENNOX 1 | C36: SAIRA MORALES | D36: 626471-01 | E36: C - 1/2 | F36: 0.028 | G36: 0.028 | H36: 0 | I36: 0 | N36: =+H36+I36+J36+K36+L36+M36-SUM(O36:Y36) -> 0 | Z36: =+G36*SUM(H36:M36) -> 0 | AA36: 100 | AB36: 0 | AC36: =+H36*AB36 -> 0 | AD36: 0 | AE36: =+H36*AD36 -> 0 | AF36: =+AE36*2 -> 0 | AG36: 0 | AH36: 0 | AI36: CTD T.MÉXICO | AJ36: BLANCO | AQ36: 0
B37: LENNOX 1 | C37: SAIRA MORALES | D37: 626472-01 | E37: C - 1/2 | F37: 0.028 | G37: 0.028 | H37: 100 | I37: 0 | N37: =+H37+I37+J37+K37+L37+M37-SUM(O37:Y37) -> -109 | U37: 209 | Z37: =+G37*SUM(H37:M37) -> 2.8 | AA37: 100 | AB37: 0 | AC37: =+H37*AB37 -> 0 | AD37: 0 | AE37: =+H37*AD37 -> 0 | AF37: =+AE37*2 -> 0 | AG37: 0 | AH37: 0 | AI37: CTD T.MÉXICO | AJ37: BLANCO | AQ37: 300
B38: LENNOX 1 | C38: SAIRA MORALES | D38: 626433-01 | E38: C - 1/2 | F38: 0.028 | G38: 0.028 | H38: 0 | I38: 0 | N38: =+H38+I38+J38+K38+L38+M38-SUM(O38:Y38) -> 0 | Z38: =+G38*SUM(H38:M38) -> 0 | AA38: 100 | AB38: 0 | AC38: =+H38*AB38 -> 0 | AD38: 0 | AE38: =+H38*AD38 -> 0 | AF38: =+AE38*2 -> 0 | AG38: 0 | AH38: 0 | AI38: CTD T.MÉXICO | AJ38: BLANCO | AQ38: 0
B39: LENNOX 1 | C39: SAIRA MORALES | D39: 627175-01 | E39: C - 1/2 | F39: 0.028 | G39: 0.028 | H39: 0 | I39: 0 | N39: =+H39+I39+J39+K39+L39+M39-SUM(O39:Y39) -> 0 | Z39: =+G39*SUM(H39:M39) -> 0 | AA39: 100 | AB39: 0 | AC39: =+H39*AB39 -> 0 | AD39: 0 | AE39: =+H39*AD39 -> 0 | AF39: =+AE39*2 -> 0 | AG39: 0 | AH39: 0 | AI39: CTD T.MÉXICO | AJ39: BLANCO | AQ39: 0
B40: LENNOX 1 | C40: SAIRA MORALES | D40: 627021-01 | E40: C - 1/2 | F40: 0.028 | G40: 0.028 | H40: 0 | I40: 0 | N40: =+H40+I40+J40+K40+L40+M40-SUM(O40:Y40) -> 0 | Z40: =+G40*SUM(H40:M40) -> 0 | AA40: 100 | AB40: 0 | AC40: =+H40*AB40 -> 0 | AD40: 0 | AE40: =+H40*AD40 -> 0 | AF40: =+AE40*2 -> 0 | AG40: 0 | AH40: 0 | AI40: CTD T.MÉXICO | AJ40: BLANCO | AQ40: 0
B41: LENNOX 1 | C41: SAIRA MORALES | D41: 613366-01 | E41: C - 1/2 | F41: 0.028 | G41: 0.028 | H41: 300 | I41: 0 | N41: =+H41+I41+J41+K41+L41+M41-SUM(O41:Y41) -> -14 | O41: 314 | Z41: =+G41*SUM(H41:M41) -> 8.4 | AA41: 100 | AB41: 0 | AC41: =+H41*AB41 -> 0 | AD41: 0 | AE41: =+H41*AD41 -> 0 | AF41: =+AE41*2 -> 0 | AG41: 0 | AH41: 0 | AI41: CTD T.MÉXICO | AJ41: BLANCO | AQ41: 0
B42: LENNOX 1 | C42: SAIRA MORALES | D42: 613569-01 | E42: C - 1/2 | F42: 0.028 | G42: 0.028 | H42: 0 | I42: 0 | N42: =+H42+I42+J42+K42+L42+M42-SUM(O42:Y42) -> 0 | Z42: =+G42*SUM(H42:M42) -> 0 | AA42: 100 | AB42: 0 | AC42: =+H42*AB42 -> 0 | AD42: 0 | AE42: =+H42*AD42 -> 0 | AF42: =+AE42*2 -> 0 | AG42: 0 | AH42: 0 | AI42: CTD T.MÉXICO | AJ42: BLANCO | AQ42: 0
B43: LENNOX 1 | C43: SAIRA MORALES | D43: 626310-01 | E43: C - 1/2 | F43: 0.028 | G43: 0.028 | H43: 500 | I43: 0 | N43: =+H43+I43+J43+K43+L43+M43-SUM(O43:Y43) -> -50 | O43: 550 | Z43: =+G43*SUM(H43:M43) -> 14 | AA43: 100 | AB43: 0 | AC43: =+H43*AB43 -> 0 | AD43: 0 | AE43: =+H43*AD43 -> 0 | AF43: =+AE43*2 -> 0 | AG43: 0 | AH43: 0 | AI43: CTD T.MÉXICO | AJ43: BLANCO | AQ43: 0
B44: LENNOX 1 | C44: SAIRA MORALES | D44: 613556-01 | E44: C - 1/2 | F44: 0.028 | G44: 0.028 | H44: 100 | I44: 0 | N44: =+H44+I44+J44+K44+L44+M44-SUM(O44:Y44) -> -37 | U44: 115 | Y44: 22 | Z44: =+G44*SUM(H44:M44) -> 2.8 | AA44: 100 | AB44: 0 | AC44: =+H44*AB44 -> 0 | AD44: 0 | AE44: =+H44*AD44 -> 0 | AF44: =+AE44*2 -> 0 | AG44: 0 | AH44: 0 | AI44: CTD T.MÉXICO | AJ44: BLANCO | AQ44: 0
B45: LENNOX 1 | C45: SAIRA MORALES | D45: 613472-01 | E45: C - 1/2 | F45: 0.028 | G45: 0.028 | H45: 700 | I45: 0 | N45: =+H45+I45+J45+K45+L45+M45-SUM(O45:Y45) -> -86 | O45: 700 | Y45: 86 | Z45: =+G45*SUM(H45:M45) -> 19.6 | AA45: 100 | AB45: 0 | AC45: =+H45*AB45 -> 0 | AD45: 0 | AE45: =+H45*AD45 -> 0 | AF45: =+AE45*2 -> 0 | AG45: 0 | AH45: 0 | AI45: CTD T.MÉXICO | AJ45: BLANCO | AQ45: 328
B46: LENNOX 1 | C46: SAIRA MORALES | D46: 615112-01 | E46: C - 1/2 | F46: 0.028 | G46: 0.028 | H46: 0 | I46: 0 | N46: =+H46+I46+J46+K46+L46+M46-SUM(O46:Y46) -> 0 | Z46: =+G46*SUM(H46:M46) -> 0 | AA46: 100 | AB46: 0 | AC46: =+H46*AB46 -> 0 | AD46: 0 | AE46: =+H46*AD46 -> 0 | AF46: =+AE46*2 -> 0 | AG46: 0 | AH46: 0 | AI46: CTD T.MÉXICO | AJ46: BLANCO | AQ46: 400
B47: LENNOX 1 | C47: SAIRA MORALES | D47: 626470-01 | E47: C - 1/2 | F47: 0.028 | G47: 0.028 | H47: 400 | I47: 0 | N47: =+H47+I47+J47+K47+L47+M47-SUM(O47:Y47) -> 0 | S47: 400 | Z47: =+G47*SUM(H47:M47) -> 11.2 | AA47: 100 | AB47: 0 | AC47: =+H47*AB47 -> 0 | AD47: 0 | AE47: =+H47*AD47 -> 0 | AF47: =+AE47*2 -> 0 | AG47: 0 | AH47: 0 | AI47: CTD T.MÉXICO | AJ47: BLANCO | AQ47: -1493
B48: LENNOX 1 | C48: SAIRA MORALES | D48: 626873-01 | E48: C - 1/2 | F48: 0.028 | G48: 0.028 | H48: 2200 | I48: 0 | N48: =+H48+I48+J48+K48+L48+M48-SUM(O48:Y48) -> -800 | Q48: 700 | R48: 900 | S48: 700 | T48: 700 | Z48: =+G48*SUM(H48:M48) -> 61.6 | AA48: 100 | AB48: 0 | AC48: =+H48*AB48 -> 0 | AD48: 0 | AE48: =+H48*AD48 -> 0 | AF48: =+AE48*2 -> 0 | AG48: 0 | AH48: 0 | AI48: CTD T.MÉXICO | AJ48: BLANCO | AQ48: -66
B49: LENNOX 1 | C49: SAIRA MORALES | D49: 626962-01 | E49: C - 3/4 | F49: 0.035 | G49: 0.035 | H49: 3000 | I49: 0 | N49: =+H49+I49+J49+K49+L49+M49-SUM(O49:Y49) -> 3000 | Z49: =+G49*SUM(H49:M49) -> 105 | AA49: 500 | AB49: 0 | AC49: =+H49*AB49 -> 0 | AD49: 0 | AE49: =+H49*AD49 -> 0 | AF49: =+AE49*2 -> 0 | AG49: 0 | AH49: 0 | AI49: CTD T.MÉXICO | AJ49: BLANCO | AQ49: 0
B50: LENNOX 1 | C50: SAIRA MORALES | D50: 619770-01 | E50: C - 3/4 | F50: 0.035 | G50: 0.035 | H50: 300 | I50: 0 | N50: =+H50+I50+J50+K50+L50+M50-SUM(O50:Y50) -> 300 | Z50: =+G50*SUM(H50:M50) -> 10.5 | AA50: 500 | AB50: 0 | AC50: =+H50*AB50 -> 0 | AD50: 0 | AE50: =+H50*AD50 -> 0 | AF50: =+AE50*2 -> 0 | AG50: 0 | AH50: 0 | AI50: CTD T.MÉXICO | AJ50: BLANCO | AQ50: 0
B51: LENNOX 1 | C51: SAIRA MORALES | D51: 618685-01 | E51: C - 3/4 | F51: 0.035 | G51: 0.035 | H51: 2200 | I51: 0 | N51: =+H51+I51+J51+K51+L51+M51-SUM(O51:Y51) -> -1063 | Q51: 430 | S51: 2833 | Z51: =+G51*SUM(H51:M51) -> 77 | AA51: 1000 | AB51: 0 | AC51: =+H51*AB51 -> 0 | AD51: 0 | AE51: =+H51*AD51 -> 0 | AF51: =+AE51*2 -> 0 | AG51: 0 | AH51: 0 | AI51: CTD T.MÉXICO | AJ51: BLANCO | AQ51: 1200
B52: LENNOX 1 | C52: SAIRA MORALES | D52: 627106-01 | E52: C - 3/4 | F52: 0.035 | G52: 0.035 | H52: 0 | I52: 0 | N52: =+H52+I52+J52+K52+L52+M52-SUM(O52:Y52) -> 0 | Z52: =+G52*SUM(H52:M52) -> 0 | AA52: 500 | AB52: 0 | AC52: =+H52*AB52 -> 0 | AD52: 0 | AE52: =+H52*AD52 -> 0 | AF52: =+AE52*2 -> 0 | AG52: 0 | AH52: 0 | AI52: CTD T.MÉXICO | AJ52: BLANCO | AQ52: 0
B53: LENNOX 1 | C53: SAIRA MORALES | D53: 626967-01 | E53: C - 3/4 | F53: 0.035 | G53: 0.035 | H53: 1000 | I53: 0 | N53: =+H53+I53+J53+K53+L53+M53-SUM(O53:Y53) -> 800 | W53: 200 | Z53: =+G53*SUM(H53:M53) -> 35 | AA53: 500 | AB53: 0 | AC53: =+H53*AB53 -> 0 | AD53: 0 | AE53: =+H53*AD53 -> 0 | AF53: =+AE53*2 -> 0 | AG53: 0 | AH53: 0 | AI53: CTD T.MÉXICO | AJ53: BLANCO | AQ53: 1000
B54: LENNOX 1 | C54: SAIRA MORALES | D54: 618927-01 | E54: C - 7/8 | F54: 0.041 | G54: 0.041 | H54: 0 | I54: 0 | N54: =+H54+I54+J54+K54+L54+M54-SUM(O54:Y54) -> 0 | Z54: =+G54*SUM(H54:M54) -> 0 | AA54: 1000 | AB54: 0 | AC54: =+H54*AB54 -> 0 | AD54: 0 | AE54: =+H54*AD54 -> 0 | AF54: =+AE54*2 -> 0 | AG54: 0 | AH54: 0 | AI54: CTD T.MÉXICO | AJ54: BLANCO | AQ54: 2800
B55: LENNOX 1 | C55: SAIRA MORALES | D55: 624302-01 | E55: C - 7/8 | F55: 0.045 | G55: 0.045 | H55: 1000 | I55: 646 | N55: =+H55+I55+J55+K55+L55+M55-SUM(O55:Y55) -> 696 | Q55: 180 | R55: 364 | S55: 406 | Z55: =+G55*SUM(H55:M55) -> 74.07 | AA55: 200 | AB55: 0 | AC55: =+H55*AB55 -> 0 | AD55: 0 | AE55: =+H55*AD55 -> 0 | AF55: =+AE55*2 -> 0 | AG55: 0 | AH55: 0 | AI55: CTD T.MÉXICO | AJ55: BLANCO | AQ55: 1000
B56: LENNOX 1 | C56: SAIRA MORALES | D56: 626978-01 | E56: C - 7/8 | F56: 0.045 | G56: 0.045 | H56: 0 | I56: 0 | N56: =+H56+I56+J56+K56+L56+M56-SUM(O56:Y56) -> 0 | Z56: =+G56*SUM(H56:M56) -> 0 | AA56: 500 | AB56: 0 | AC56: =+H56*AB56 -> 0 | AD56: 0 | AE56: =+H56*AD56 -> 0 | AF56: =+AE56*2 -> 0 | AG56: 0 | AH56: 0 | AI56: CTD T.MÉXICO | AJ56: BLANCO | AQ56: 416
B57: LENNOX 1 | C57: SAIRA MORALES | D57: 618887-01 | E57: C - 7/8 | F57: 0.041 | G57: 0.041 | H57: 2500 | I57: 129 | N57: =+H57+I57+J57+K57+L57+M57-SUM(O57:Y57) -> 1585 | Q57: 315 | U57: 150 | W57: 255 | X57: 324 | Z57: =+G57*SUM(H57:M57) -> 107.789 | AA57: 500 | AB57: 0 | AC57: =+H57*AB57 -> 0 | AD57: 0 | AE57: =+H57*AD57 -> 0 | AF57: =+AE57*2 -> 0 | AG57: 0 | AH57: 0 | AI57: CTD T.MÉXICO | AJ57: BLANCO | AQ57: 2200
B58: LENNOX 1 | C58: SAIRA MORALES | D58: 626998-01 | E58: C - 7/8 | F58: 0.045 | G58: 0.045 | H58: 3000 | I58: 69 | N58: =+H58+I58+J58+K58+L58+M58-SUM(O58:Y58) -> 162 | S58: 350 | T58: 1400 | U58: 1157 | Z58: =+G58*SUM(H58:M58) -> 138.105 | AA58: 500 | AB58: 0 | AC58: =+H58*AB58 -> 0 | AD58: 0 | AE58: =+H58*AD58 -> 0 | AF58: =+AE58*2 -> 0 | AG58: 0 | AH58: 0 | AI58: CTD T.MÉXICO | AJ58: BLANCO | AQ58: 1720
B59: LENNOX 1 | C59: SAIRA MORALES | D59: 614166-01 | E59: SOLDADURA 3/4 | F59: 0.035 | G59: 0.035 | H59: 144 | I59: 0 | N59: =+H59+I59+J59+K59+L59+M59-SUM(O59:Y59) -> 0 | P59: 144 | Z59: =+G59*SUM(H59:M59) -> 5.04 | AA59: 144 | AB59: 0 | AC59: =+H59*AB59 -> 0 | AD59: 0 | AE59: =+H59*AD59 -> 0 | AF59: =+AE59*2 -> 0 | AG59: 103881-02 | AH59: =+SUM(H59:M59) -> 144 | AI59: CTD T.MÉXICO | AJ59: BLANCO | AQ59: 0
B60: LENNOX 1 | C60: SAIRA MORALES | D60: 626798-01 | E60: SOLDADURA 3/4 | F60: 0.035 | G60: 0.035 | H60: 0 | I60: 0 | N60: =+H60+I60+J60+K60+L60+M60-SUM(O60:Y60) -> 0 | Z60: =+G60*SUM(H60:M60) -> 0 | AA60: 144 | AB60: 1 | AC60: =+H60*AB60 -> 0 | AD60: 0 | AE60: =+H60*AD60 -> 0 | AF60: =+AE60*2 -> 0 | AG60: 107892-03 | AH60: =+SUM(H60:M60) -> 0 | AI60: CTD T.MÉXICO | AJ60: BLANCO | AQ60: -576
B61: LENNOX 1 | C61: SAIRA MORALES | D61: 626430-01 | E61: SOLDADURA 3/4 | F61: 0.035 | G61: 0.035 | H61: 0 | I61: 0 | N61: =+H61+I61+J61+K61+L61+M61-SUM(O61:Y61) -> 0 | Z61: =+G61*SUM(H61:M61) -> 0 | AA61: 144 | AB61: 1 | AC61: =+H61*AB61 -> 0 | AD61: 0 | AE61: =+H61*AD61 -> 0 | AF61: =+AE61*2 -> 0 | AG61: 107892-03 | AH61: =+SUM(H61:M61) -> 0 | AI61: CTD T.MÉXICO | AJ61: BLANCO | AQ61: 0
B62: LENNOX 1 | C62: SAIRA MORALES | D62: 626581-01 | E62: SOLDADURA 3/4 | F62: 0.035 | G62: 0.035 | H62: 1440 | I62: 0 | N62: =+H62+I62+J62+K62+L62+M62-SUM(O62:Y62) -> -576 | S62: 576 | T62: 432 | U62: 720 | V62: 144 | W62: 144 | Z62: =+G62*SUM(H62:M62) -> 50.4 | AA62: 144 | AB62: 1 | AC62: =+H62*AB62 -> 1440 | AD62: 0 | AE62: =+H62*AD62 -> 0 | AF62: =+AE62*2 -> 0 | AG62: 107892-03 | AH62: =+SUM(H62:M62) -> 1440 | AI62: CTD T.MÉXICO | AJ62: BLANCO | AQ62: 144
B63: LENNOX 1 | C63: SAIRA MORALES | D63: 626798-02 | E63: SOLDADURA 3/4 | F63: 0.035 | G63: 0.035 | H63: 288 | I63: 500 | N63: =+H63+I63+J63+K63+L63+M63-SUM(O63:Y63) -> 356 | O63: 144 | U63: 144 | X63: 144 | Z63: =+G63*SUM(H63:M63) -> 27.58 | AA63: 144 | AB63: 1 | AC63: =+H63*AB63 -> 288 | AD63: 0 | AE63: =+H63*AD63 -> 0 | AF63: =+AE63*2 -> 0 | AG63: 107892-03 | AH63: =+SUM(H63:M63) -> 788 | AI63: CTD T.MÉXICO | AJ63: BLANCO | AQ63: 0
B64: LENNOX 1 | C64: SAIRA MORALES | D64: 626581-04 | E64: SOLDADURA 3/4 | F64: 0.035 | G64: 0.035 | H64: 864 | I64: 0 | N64: =+H64+I64+J64+K64+L64+M64-SUM(O64:Y64) -> 144 | R64: 432 | S64: 144 | T64: 144 | Z64: =+G64*SUM(H64:M64) -> 30.24 | AA64: 144 | AB64: 1 | AC64: =+H64*AB64 -> 864 | AD64: 0 | AE64: =+H64*AD64 -> 0 | AF64: =+AE64*2 -> 0 | AG64: 107892-03 | AH64: =+SUM(H64:M64) -> 864 | AI64: CTD T.MÉXICO | AJ64: BLANCO | AQ64: 576
B65: LENNOX 1 | C65: SAIRA MORALES | D65: 101777-01 | E65: SOLDADURA 3/4 | F65: 0.035 | G65: 0.035 | H65: 144 | I65: 300 | N65: =+H65+I65+J65+K65+L65+M65-SUM(O65:Y65) -> 0 | P65: 288 | V65: 144 | Y65: 12 | Z65: =+G65*SUM(H65:M65) -> 15.54 | AA65: 144 | AB65: 0 | AC65: =+H65*AB65 -> 0 | AD65: 0 | AE65: =+H65*AD65 -> 0 | AF65: =+AE65*2 -> 0 | AG65: 103881-02 | AH65: =+SUM(H65:M65) -> 444 | AI65: CTD T.MÉXICO | AJ65: BLANCO | AQ65: 0
B66: LENNOX 1 | C66: SAIRA MORALES | D66: 626581-02 | E66: SOLDADURA 3/4 | F66: 0.035 | G66: 0.035 | H66: 144 | I66: 300 | N66: =+H66+I66+J66+K66+L66+M66-SUM(O66:Y66) -> 0 | X66: 432 | Y66: 12 | Z66: =+G66*SUM(H66:M66) -> 15.54 | AA66: 144 | AB66: 1 | AC66: =+H66*AB66 -> 144 | AD66: 0 | AE66: =+H66*AD66 -> 0 | AF66: =+AE66*2 -> 0 | AG66: 107892-03 | AH66: =+SUM(H66:M66) -> 444 | AI66: CTD T.MÉXICO | AJ66: BLANCO | AQ66: 0
B67: LENNOX 1 | C67: SAIRA MORALES | D67: 613781-01 | E67: SOLDADURA 3/4 | F67: 0.035 | G67: 0.035 | H67: 144 | I67: 0 | N67: =+H67+I67+J67+K67+L67+M67-SUM(O67:Y67) -> 144 | Z67: =+G67*SUM(H67:M67) -> 5.04 | AA67: 144 | AB67: 0 | AC67: =+H67*AB67 -> 0 | AD67: 0 | AE67: =+H67*AD67 -> 0 | AF67: =+AE67*2 -> 0 | AG67: 103881-02 | AH67: =+SUM(H67:M67) -> 144 | AI67: CTD T.MÉXICO | AJ67: BLANCO | AQ67: 0
B68: LENNOX 1 | C68: SAIRA MORALES | D68: 626798-03 | E68: SOLDADURA 3/4 | F68: 0.035 | G68: 0.035 | H68: 288 | I68: 0 | N68: =+H68+I68+J68+K68+L68+M68-SUM(O68:Y68) -> 0 | X68: 288 | Z68: =+G68*SUM(H68:M68) -> 10.08 | AA68: 144 | AB68: 1 | AC68: =+H68*AB68 -> 288 | AD68: 0 | AE68: =+H68*AD68 -> 0 | AF68: =+AE68*2 -> 0 | AG68: 107892-03 | AH68: =+SUM(H68:M68) -> 288 | AI68: CTD T.MÉXICO | AJ68: BLANCO | AQ68: -144
B69: LENNOX 1 | C69: SAIRA MORALES | D69: 626581-05 | E69: SOLDADURA 7/8 | F69: 0.045 | G69: 0.045 | H69: 0 | I69: 0 | N69: =+H69+I69+J69+K69+L69+M69-SUM(O69:Y69) -> 0 | Z69: =+G69*SUM(H69:M69) -> 0 | AA69: 288 | AB69: 1 | AC69: =+H69*AB69 -> 0 | AD69: 0 | AE69: =+H69*AD69 -> 0 | AF69: =+AE69*2 -> 0 | AG69: 107892-04 | AH69: =+SUM(H69:M69) -> 0 | AI69: CTD T.MÉXICO | AJ69: BLANCO | AQ69: 512
B70: LENNOX 1 | C70: SAIRA MORALES | D70: 606820-03 | E70: SOLDADURA 7/8 | F70: 0.041 | G70: 0.041 | H70: 128 | I70: 0 | N70: =+H70+I70+J70+K70+L70+M70-SUM(O70:Y70) -> 128 | Z70: =+G70*SUM(H70:M70) -> 5.248 | AA70: 288 | AB70: 0 | AC70: =+H70*AB70 -> 0 | AD70: 1 | AE70: =+H70*AD70 -> 128 | AF70: =+AE70*2 -> 256 | AG70: 102831-11 | AH70: =+SUM(H70:M70) -> 128 | AI70: CTD T.MÉXICO | AJ70: BLANCO | AQ70: 0
B71: LENNOX 1 | C71: SAIRA MORALES | D71: 626432-01 | E71: SOLDADURA 7/8 | F71: 0.045 | G71: 0.045 | H71: 0 | I71: 0 | N71: =+H71+I71+J71+K71+L71+M71-SUM(O71:Y71) -> -256 | O71: 256 | Z71: =+G71*SUM(H71:M71) -> 0 | AA71: 288 | AB71: 1 | AC71: =+H71*AB71 -> 0 | AD71: 0 | AE71: =+H71*AD71 -> 0 | AF71: =+AE71*2 -> 0 | AG71: 107892-04 | AH71: =+SUM(H71:M71) -> 0 | AI71: CTD T.MÉXICO | AJ71: BLANCO | AQ71: 0
B72: LENNOX 1 | C72: SAIRA MORALES | D72: 626581-08 | E72: SOLDADURA 7/8 | F72: 0.045 | G72: 0.045 | H72: 384 | I72: 0 | N72: =+H72+I72+J72+K72+L72+M72-SUM(O72:Y72) -> -512 | S72: 384 | W72: 512 | Z72: =+G72*SUM(H72:M72) -> 17.28 | AA72: 288 | AB72: 1 | AC72: =+H72*AB72 -> 384 | AD72: 0 | AE72: =+H72*AD72 -> 0 | AF72: =+AE72*2 -> 0 | AG72: 107905-06 | AH72: =+SUM(H72:M72) -> 384 | AI72: CTD T.MÉXICO | AJ72: BLANCO | AQ72: 0
B73: LENNOX 1 | C73: SAIRA MORALES | D73: 626581-11 | E73: SOLDADURA 7/8 | F73: 0.045 | G73: 0.045 | H73: 128 | I73: 0 | N73: =+H73+I73+J73+K73+L73+M73-SUM(O73:Y73) -> 0 | X73: 128 | Z73: =+G73*SUM(H73:M73) -> 5.76 | AA73: 288 | AB73: 1 | AC73: =+H73*AB73 -> 128 | AD73: 0 | AE73: =+H73*AD73 -> 0 | AF73: =+AE73*2 -> 0 | AG73: 107905-07 | AH73: =+SUM(H73:M73) -> 128 | AI73: CTD T.MÉXICO | AJ73: BLANCO | AQ73: 0
B74: LENNOX 1 | C74: SAIRA MORALES | D74: 626434-01 | E74: SOLDADURA 7/8 | F74: 0.045 | G74: 0.045 | H74: 128 | I74: 128 | N74: =+H74+I74+J74+K74+L74+M74-SUM(O74:Y74) -> 128 | P74: 128 | Z74: =+G74*SUM(H74:M74) -> 11.52 | AA74: 288 | AB74: 1 | AC74: =+H74*AB74 -> 128 | AD74: 0 | AE74: =+H74*AD74 -> 0 | AF74: =+AE74*2 -> 0 | AG74: 107905-07 | AH74: =+SUM(H74:M74) -> 256 | AI74: CTD T.MÉXICO | AJ74: BLANCO | AQ74: 0
B75: LENNOX 1 | C75: SAIRA MORALES | D75: 614199-01 | E75: SOLDADURA 7/8 | F75: 0.041 | G75: 0.041 | H75: 0 | I75: 256 | N75: =+H75+I75+J75+K75+L75+M75-SUM(O75:Y75) -> 0 | P75: 128 | X75: 128 | Z75: =+G75*SUM(H75:M75) -> 10.496 | AA75: 288 | AB75: 0 | AC75: =+H75*AB75 -> 0 | AD75: 0 | AE75: =+H75*AD75 -> 0 | AF75: =+AE75*2 -> 0 | AG75: 103881-03 | AH75: =+SUM(H75:M75) -> 256 | AI75: CTD T.MÉXICO | AJ75: BLANCO | AQ75: 0
B76: LENNOX 1 | C76: SAIRA MORALES | D76: 626581-06 | E76: SOLDADURA 7/8 | F76: 0.045 | G76: 0.045 | H76: 1152 | I76: 167 | N76: =+H76+I76+J76+K76+L76+M76-SUM(O76:Y76) -> 640 | O76: 128 | R76: 128 | V76: 384 | Y76: 39 | Z76: =+G76*SUM(H76:M76) -> 59.355 | AA76: 288 | AB76: 1 | AC76: =+H76*AB76 -> 1152 | AD76: 0 | AE76: =+H76*AD76 -> 0 | AF76: =+AE76*2 -> 0 | AG76: 107892-04 | AH76: =+SUM(H76:M76) -> 1319 | AI76: CTD T.MÉXICO | AJ76: BLANCO | AQ76: 128
B77: LENNOX 1 | C77: SAIRA MORALES | D77: 612822-01 | E77: SOLDADURA 7/8 | F77: 0.041 | G77: 0.041 | H77: 0 | I77: 384 | N77: =+H77+I77+J77+K77+L77+M77-SUM(O77:Y77) -> -128 | R77: 128 | S77: 128 | V77: 128 | X77: 128 | Z77: =+G77*SUM(H77:M77) -> 15.744 | AA77: 288 | AB77: 0 | AC77: =+H77*AB77 -> 0 | AD77: 1 | AE77: =+H77*AD77 -> 0 | AF77: =+AE77*2 -> 0 | AG77: 102831-10 | AH77: =+SUM(H77:M77) -> 384 | AI77: CTD T.MÉXICO | AJ77: BLANCO | AQ77: 0
B78: LENNOX 1 | C78: SAIRA MORALES | D78: 626429-01 | E78: SOLDADURA 7/8 | F78: 0.045 | G78: 0.045 | H78: 384 | I78: 0 | N78: =+H78+I78+J78+K78+L78+M78-SUM(O78:Y78) -> -128 | T78: 128 | U78: 256 | W78: 128 | Z78: =+G78*SUM(H78:M78) -> 17.28 | AA78: 288 | AB78: 1 | AC78: =+H78*AB78 -> 384 | AD78: 0 | AE78: =+H78*AD78 -> 0 | AF78: =+AE78*2 -> 0 | AG78: 107892-04 | AH78: =+SUM(H78:M78) -> 384 | AI78: CTD T.MÉXICO | AJ78: BLANCO | AQ78: 0
G79: TOTAL | H79: =SUM(H6:H78) -> 39460 | I79: =SUM(I6:I78) -> 14849 | J79: =SUM(J6:J78) -> 6100 | K79: =SUM(K6:K78) -> 0 | L79: =SUM(L6:L78) -> 0 | M79: =SUM(M6:M78) -> 0 | N79: =SUM(N6:N78) -> 9137 | O79: =SUM(O13:O78) -> 3485 | P79: =SUM(P13:P78) -> 1188 | Q79: =SUM(Q13:Q78) -> 3416 | R79: =SUM(R13:R78) -> 2152 | S79: =SUM(S13:S78) -> 6221 | T79: =SUM(T13:T78) -> 3571 | U79: =SUM(U13:U78) -> 3074 | V79: =SUM(V13:V78) -> 1711 | ... X79: =SUM(X13:X78) -> 1572 | Y79: =SUM(Y6:Y78) -> 13551 | Z79: =SUM(Z6:Z78) -> 9018.607 | AB79: =SUM(AB6:AB78) -> 14 | AC79: =SUM(AC6:AC78) -> 5200 | AD79: =SUM(AD6:AD78) -> 2 | AE79: =SUM(AE6:AE78) -> 128 | AF79: =SUM(AF6:AF78) -> 256 | AH79: =SUM(AH6:AH78) -> 7795
G80: MAS AGREGADO | H80: =+H79+I79+J79+K79+L79+M79 -> 60409 | O80: =+O79+P79 -> 4673 | Q80: =+Q79+R79 -> 5568 | S80: =+S79+T79 -> 9792 | U80: =+U79+V79 -> 4785 | W80: =+W79+X79 -> 3719 | Y80: =+Y79 -> 13551
H81: =SUM(H13:H78) -> 39460 | I81: =SUM(I13:I78) -> 2879 | J81: =SUM(J13:J78) -> 0 | K81: =SUM(K13:K78) -> 0 | L81: =SUM(L13:L78) -> 0 | M81: =SUM(M13:M78) -> 0 | O81: =SUM(O6:P11) -> 3834 | Q81: =SUM(Q6:R11) -> 0 | S81: =SUM(S6:T11) -> 3700 | U81: =SUM(U6:V11) -> 0 | W81: =SUM(W6:X11) -> 1650
O82: Aluminio
C83: META | D83: X DÍA | E83: X TURNO | G83: Aluminio x dia
B84: programado | C84: 42339 | D84: =+C84/5 -> 8467.8 | E84: =+D84/2 -> 4233.9 | G84: 3500
B85: pendiente / balance | C85: 8983
B86: entregado | C86: =C84-C85 -> 33356
B87: avance | C87: =+C86/C84 -> 0.78783155
B88: pendiente | C88: =+C85/C84 -> 0.21216845
P89: AVANCE DIARIO POR TURNO
A90: AVANCE X DÍA | R90: 46237 | T90: 46238 | V90: 46239 | X90: 46240 | Z90: 46241
A91: W31 | B91: 46237 | C91: 46238 | D91: 46239 | E91: 46240 | F91: 46241 | G91: 46241 | R91: A | S91: B | T91: A | U91: B | V91: A | W91: B | X91: A | Y91: B | Z91: A | AA91: B
B92: Lunes | C92: Martes | D92: Miércoles | E92: Jueves | F92: Viernes | G92: Viernes | Q92: AVANCE | R92: =O79/E84 -> 0.82311817 | S92: =P79/E84 -> 0.28059236 | T92: =Q79/E84 -> 0.80682113 | U92: =R79/E84 -> 0.50827842 | V92: =S79/E84 -> 1.4693309 | W92: =T79/E84 -> 0.84343041 | X92: =U79/E84 -> 0.72604455 | Y92: =V79/E84 -> 0.40411913 | Z92: =W79/E84 -> 0.50709748 | AA92: =X79/E84 -> 0.37128888
A93: Avance | B93: 0.34 | C93: 0.48 | D93: 0.66 | E93: 0.74 | G93: 0.79 | Q93: ALUMINIO | R93: =O81/$G$84 -> 1.0954286 | T93: =Q81/$G$84 -> 0 | V93: =S81/$G$84 -> 1.0571429 | X93: =U81/$G$84 -> 0 | Z93: =W81/$G$84 -> 0.47142857
A94: Pendiente | B94: 0.52 | C94: 0.52 | D94: 0.34 | E94: 0.26 | G94: 0.21
B95: PORCENTAJES DE AVANCES AL FINALIZAR AMBOS TURNOS

Sheet SEMANA 33
B2: DÍA | C2: TURNO
B3: =TODAY() -> 46309 | C3: A | D3: X | H3: PROGRAMA
C4: B | H4: SEMANA | I4: Convertirlo a horas | O4: 46244 | Q4: 46245 | S4: 46246 | U4: 46247 | W4: 46248 | Y4: Ag1
B5: CLIENTE | C5: DESTINO | D5: NÚMERO DE PARTE | E5: DIAMETRO | F5: PARED | G5: PESO | H5: 33 | I5: W32 | J5: Ag2 | K5: Ag3 | L5: Ag4 | N5: BALANCE | O5: A | P5: B | Q5: A | R5: B | S5: A | T5: B | U5: A | V5: B | W5: A | X5: B | Y5: AYB | Z5: KG | AA5: STD. | AB5: SWITCH | AC5: SWITCH | AD5: BRACKET | AE5: BRACKET | AF5: PIJA | AG5: VALVULA | AH5: CANT. VAL. | AI5: CAJA | AJ5: HOJA COLOR | AL5: Row Labels | AM5: Sum of CANT. VAL.
B6: LENNOX 1 | C6: SAIRA MORALES | D6: 625994-01 | E6: A - 3/8 | F6: 0.42 | G6: 0.42 | H6: 4000 | I6: 3365 | N6: =+H6+I6+J6+K6+L6+M6-SUM(O6:Y6) -> 4865 | O6: 500 | V6: 1000 | X6: 1000 | Z6: =+G6*SUM(H6:M6) -> 3093.3 | AA6: 1000 | AB6: 0 | AC6: =+H6*AB6 -> 0 | AD6: 0 | AE6: =+H6*AD6 -> 0 | AF6: =+AE6*2 -> 0 | AG6: 0 | AH6: 0 | AI6: CTD T.MÉXICO | AJ6: BLANCO | AL6: 0 | AM6: 0 | AQ6: 5600
B7: LENNOX 1 | C7: SAIRA MORALES | D7: 627512-01 | E7: A - 3/8 | F7: 0.42 | G7: 0.42 | H7: 2500 | I7: 3576 | N7: =+H7+I7+J7+K7+L7+M7-SUM(O7:Y7) -> 2576 | O7: 1500 | V7: 1000 | X7: 1000 | Z7: =+G7*SUM(H7:M7) -> 2551.92 | AA7: 1000 | AB7: 0 | AC7: =+H7*AB7 -> 0 | AD7: 0 | AE7: =+H7*AD7 -> 0 | AF7: =+AE7*2 -> 0 | AG7: 0 | AH7: 0 | AI7: CTD T.MÉXICO | AJ7: BLANCO | AL7: 102831-10 | AM7: 128 | AQ7: 4338
B8: LENNOX 1 | C8: SAIRA MORALES | D8: 625967-01 | E8: A - 3/8 | F8: 0.42 | G8: 0.42 | I8: 472 | N8: =+H8+I8+J8+K8+L8+M8-SUM(O8:Y8) -> 472 | Z8: =+G8*SUM(H8:M8) -> 198.24 | AA8: 1000 | AB8: 0 | AC8: =+H8*AB8 -> 0 | AD8: 0 | AE8: =+H8*AD8 -> 0 | AF8: =+AE8*2 -> 0 | AG8: 0 | AH8: 0 | AI8: CTD T.MÉXICO | AJ8: BLANCO | AL8: 102831-11 | AM8: 0 | AQ8: 1300
B9: LENNOX 1 | C9: SAIRA MORALES | D9: 626309-01 | E9: A - 3/8 | F9: 0.42 | G9: 0.42 | H9: 500 | I9: 200 | N9: =+H9+I9+J9+K9+L9+M9-SUM(O9:Y9) -> 700 | Z9: =+G9*SUM(H9:M9) -> 294 | AA9: 1000 | AB9: 0 | AC9: =+H9*AB9 -> 0 | AD9: 0 | AE9: =+H9*AD9 -> 0 | AF9: =+AE9*2 -> 0 | AG9: 0 | AH9: 0 | AI9: CTD T.MÉXICO | AJ9: BLANCO | AL9: 103881-02 | AM9: 864 | AQ9: 0
B10: LENNOX 1 | C10: SAIRA MORALES | D10: 625890-01 | E10: A - 3/8 | F10: 0.42 | G10: 0.42 | I10: 700 | N10: =+H10+I10+J10+K10+L10+M10-SUM(O10:Y10) -> 700 | Z10: =+G10*SUM(H10:M10) -> 294 | AA10: 1000 | AB10: 0 | AC10: =+H10*AB10 -> 0 | AD10: 0 | AE10: =+H10*AD10 -> 0 | AF10: =+AE10*2 -> 0 | AG10: 0 | AH10: 0 | AI10: CTD T.MÉXICO | AJ10: BLANCO | AL10: 103881-03 | AM10: 0 | AQ10: 1000
B11: LENNOX 1 | C11: SAIRA MORALES | D11: 615991-01 | E11: A - 3/8 | F11: 0.42 | G11: 0.42 | H11: 1000 | I11: 573 | N11: =+H11+I11+J11+K11+L11+M11-SUM(O11:Y11) -> 473 | V11: 100 | X11: 1000 | Z11: =+G11*SUM(H11:M11) -> 660.66 | AA11: 1000 | AB11: 0 | AC11: =+H11*AB11 -> 0 | AD11: 0 | AE11: =+H11*AD11 -> 0 | AF11: =+AE11*2 -> 0 | AG11: 0 | AH11: 0 | AI11: CTD T.MÉXICO | AJ11: BLANCO | AL11: 107892-03 | AM11: 7704 | AQ11: 1707
B12: LENNOX 1 | C12: SAIRA MORALES | D12: 626164-01 | E12: A - 3/8 | F12: 0.42 | G12: 0.42 | I12: 0 | N12: =+H12+I12+J12+K12+L12+M12-SUM(O12:Y12) -> 0 | Z12: =+G12*SUM(H12:M12) -> 0 | AA12: 1000 | AB12: 0 | AC12: =+H12*AB12 -> 0 | AD12: 0 | AE12: =+H12*AD12 -> 0 | AF12: =+AE12*2 -> 0 | AG12: 0 | AH12: 0 | AI12: CTD T.MÉXICO | AJ12: BLANCO | AL12: 107892-04 | AM12: 3840 | AQ12: 0
B13: LENNOX 1 | C13: SAIRA MORALES | D13: 626121-01 | E13: C - 3/8 | F13: BUSCA | G13: 0.028 | H13: =VLOOKUP(D13,'[2]programa producción LENNOX Cu'!$B$11:$L$63,2,0) -> 800 | I13: 0 | N13: =+H13+I13+J13+K13+L13+M13-SUM(O13:Y13) -> 0 | V13: 800 | Z13: =+G13*SUM(H13:M13) -> 22.4 | AA13: 1000 | AB13: 0 | AC13: =+H13*AB13 -> 0 | AD13: 0 | AE13: =+H13*AD13 -> 0 | AF13: =+AE13*2 -> 0 | AG13: 0 | AH13: 0 | AI13: CTD T.MÉXICO | AJ13: BLANCO | AL13: 107905-06 | AM13: 1280 | AQ13: -3900
B14: LENNOX 1 | C14: SAIRA MORALES | D14: 625995-01 | E14: C - 3/8 | F14: 0.028 | G14: 0.028 | H14: =VLOOKUP(D14,'[2]programa producción LENNOX Cu'!$B$11:$L$63,2,0) -> 6500 | I14: 0 | N14: =+H14+I14+J14+K14+L14+M14-SUM(O14:Y14) -> -600 | Q14: 800 | R14: 800 | S14: 1200 | V14: 1500 | W14: 1200 | X14: 1600 | Z14: =+G14*SUM(H14:M14) -> 182 | AA14: 1000 | AB14: 0 | AC14: =+H14*AB14 -> 0 | AD14: 0 | AE14: =+H14*AD14 -> 0 | AF14: =+AE14*2 -> 0 | AG14: 0 | AH14: 0 | AI14: CTD T.MÉXICO | AJ14: BLANCO | AL14: 107905-07 | AM14: 384 | AQ14: -2966
B15: LENNOX 1 | C15: SAIRA MORALES | D15: 615380-01 | E15: C - 3/8 | F15: 0.028 | G15: 0.028 | H15: =VLOOKUP(D15,'[2]programa producción LENNOX Cu'!$B$11:$L$63,2,0) -> 1700 | I15: 0 | N15: =+H15+I15+J15+K15+L15+M15-SUM(O15:Y15) -> 1700 | Z15: =+G15*SUM(H15:M15) -> 47.6 | AA15: 1000 | AB15: 0 | AC15: =+H15*AB15 -> 0 | AD15: 0 | AE15: =+H15*AD15 -> 0 | AF15: =+AE15*2 -> 0 | AG15: 0 | AH15: 0 | AI15: CTD T.MÉXICO | AJ15: BLANCO | AL15: Grand Total | AM15: 14200 | AQ15: 2400
B16: LENNOX 1 | C16: SAIRA MORALES | D16: 625922-01 | E16: C - 3/8 | F16: 0.028 | G16: 0.028 | I16: 500 | N16: =+H16+I16+J16+K16+L16+M16-SUM(O16:Y16) -> 0 | Q16: 500 | Z16: =+G16*SUM(H16:M16) -> 14 | AA16: 1000 | AB16: 0 | AC16: =+H16*AB16 -> 0 | AD16: 0 | AE16: =+H16*AD16 -> 0 | AF16: =+AE16*2 -> 0 | AG16: 0 | AH16: 0 | AI16: CTD T.MÉXICO | AJ16: BLANCO | AQ16: 400
B17: LENNOX 1 | C17: SAIRA MORALES | D17: 627511-01 | E17: C - 3/8 | F17: 0.028 | G17: 0.028 | H17: =VLOOKUP(D17,'[2]programa producción LENNOX Cu'!$B$11:$L$63,2,0) -> 500 | I17: 0 | N17: =+H17+I17+J17+K17+L17+M17-SUM(O17:Y17) -> 500 | Z17: =+G17*SUM(H17:M17) -> 14 | AA17: 1000 | AB17: 0 | AC17: =+H17*AB17 -> 0 | AD17: 0 | AE17: =+H17*AD17 -> 0 | AF17: =+AE17*2 -> 0 | AG17: 0 | AH17: 0 | AI17: CTD T.MÉXICO | AJ17: BLANCO | AQ17: 3600
B18: LENNOX 1 | C18: SAIRA MORALES | D18: 626308-01 | E18: C - 3/8 | F18: 0.028 | G18: 0.028 | H18: =VLOOKUP(D18,'[2]programa producción LENNOX Cu'!$B$11:$L$63,2,0) -> 600 | I18: 400 | N18: =+H18+I18+J18+K18+L18+M18-SUM(O18:Y18) -> 300 | S18: 700 | Z18: =+G18*SUM(H18:M18) -> 28 | AA18: 1000 | AB18: 0 | AC18: =+H18*AB18 -> 0 | AD18: 0 | AE18: =+H18*AD18 -> 0 | AF18: =+AE18*2 -> 0 | AG18: 0 | AH18: 0 | AI18: CTD T.MÉXICO | AJ18: BLANCO | AQ18: 0
B19: LENNOX 1 | C19: SAIRA MORALES | D19: 626467-01 | E19: C - 1/2 | F19: 0.028 | G19: 0.028 | H19: =VLOOKUP(D19,'[2]programa producción LENNOX Cu'!$B$11:$L$63,2,0) -> 200 | I19: 0 | N19: =+H19+I19+J19+K19+L19+M19-SUM(O19:Y19) -> 200 | Z19: =+G19*SUM(H19:M19) -> 5.6 | AA19: 100 | AB19: 0 | AC19: =+H19*AB19 -> 0 | AD19: 0 | AE19: =+H19*AD19 -> 0 | AF19: =+AE19*2 -> 0 | AG19: 0 | AH19: 0 | AI19: CTD T.MÉXICO | AJ19: BLANCO | AQ19: -55
B20: LENNOX 1 | C20: SAIRA MORALES | D20: 626473-01 | E20: C - 1/2 | F20: 0.028 | G20: 0.028 | H20: =VLOOKUP(D20,'[2]programa producción LENNOX Cu'!$B$11:$L$63,2,0) -> 200 | I20: 0 | N20: =+H20+I20+J20+K20+L20+M20-SUM(O20:Y20) -> 200 | Z20: =+G20*SUM(H20:M20) -> 5.6 | AA20: 100 | AB20: 0 | AC20: =+H20*AB20 -> 0 | AD20: 0 | AE20: =+H20*AD20 -> 0 | AF20: =+AE20*2 -> 0 | AG20: 0 | AH20: 0 | AI20: CTD T.MÉXICO | AJ20: BLANCO | AQ20: 0
B21: LENNOX 1 | C21: SAIRA MORALES | D21: 627051-01 | E21: C - 1/2 | F21: 0.028 | G21: 0.028 | H21: =VLOOKUP(D21,'[2]programa producción LENNOX Cu'!$B$11:$L$63,2,0) -> 600 | I21: 0 | N21: =+H21+I21+J21+K21+L21+M21-SUM(O21:Y21) -> 100 | W21: 500 | Z21: =+G21*SUM(H21:M21) -> 16.8 | AA21: 100 | AB21: 0 | AC21: =+H21*AB21 -> 0 | AD21: 0 | AE21: =+H21*AD21 -> 0 | AF21: =+AE21*2 -> 0 | AG21: 0 | AH21: 0 | AI21: CTD T.MÉXICO | AJ21: BLANCO | AQ21: -25
B22: LENNOX 1 | C22: SAIRA MORALES | D22: 627186-01 | E22: C - 1/2 | F22: 0.028 | G22: 0.028 | H22: =VLOOKUP(D22,'[2]programa producción LENNOX Cu'!$B$11:$L$63,2,0) -> 1200 | I22: 0 | N22: =+H22+I22+J22+K22+L22+M22-SUM(O22:Y22) -> -1035 | S22: 750 | T22: 285 | Y22: 1200 | Z22: =+G22*SUM(H22:M22) -> 33.6 | AA22: 100 | AB22: 0 | AC22: =+H22*AB22 -> 0 | AD22: 0 | AE22: =+H22*AD22 -> 0 | AF22: =+AE22*2 -> 0 | AG22: 0 | AH22: 0 | AI22: CTD T.MÉXICO | AJ22: BLANCO | AQ22: -250
B23: LENNOX 1 | C23: SAIRA MORALES | D23: 627041-01 | E23: C - 1/2 | F23: 0.028 | G23: 0.028 | I23: 0 | N23: =+H23+I23+J23+K23+L23+M23-SUM(O23:Y23) -> 0 | Z23: =+G23*SUM(H23:M23) -> 0 | AA23: 100 | AB23: 0 | AC23: =+H23*AB23 -> 0 | AD23: 0 | AE23: =+H23*AD23 -> 0 | AF23: =+AE23*2 -> 0 | AG23: 0 | AH23: 0 | AI23: CTD T.MÉXICO | AJ23: BLANCO | AQ23: 0
B24: LENNOX 1 | C24: SAIRA MORALES | D24: 625151-01 | E24: C - 1/2 | F24: 0.028 | G24: 0.028 | H24: =VLOOKUP(D24,'[2]programa producción LENNOX Cu'!$B$11:$L$63,2,0) -> 2000 | I24: 0 | N24: =+H24+I24+J24+K24+L24+M24-SUM(O24:Y24) -> -88 | S24: 1863 | Y24: 225 | Z24: =+G24*SUM(H24:M24) -> 56 | AA24: 100 | AB24: 0 | AC24: =+H24*AB24 -> 0 | AD24: 0 | AE24: =+H24*AD24 -> 0 | AF24: =+AE24*2 -> 0 | AG24: 0 | AH24: 0 | AI24: CTD T.MÉXICO | AJ24: BLANCO | AQ24: -55
B25: LENNOX 1 | C25: SAIRA MORALES | D25: 626794-01 | E25: C - 1/2 | F25: 0.028 | G25: 0.028 | H25: =VLOOKUP(D25,'[2]programa producción LENNOX Cu'!$B$11:$L$63,2,0) -> 300 | I25: 0 | N25: =+H25+I25+J25+K25+L25+M25-SUM(O25:Y25) -> 100 | X25: 200 | Z25: =+G25*SUM(H25:M25) -> 8.4 | AA25: 100 | AB25: 0 | AC25: =+H25*AB25 -> 0 | AD25: 0 | AE25: =+H25*AD25 -> 0 | AF25: =+AE25*2 -> 0 | AG25: 0 | AH25: 0 | AI25: CTD T.MÉXICO | AJ25: BLANCO | AQ25: -50
B26: LENNOX 1 | C26: SAIRA MORALES | D26: 618748-01 | E26: C - 1/2 | F26: 0.028 | G26: 0.028 | H26: =VLOOKUP(D26,'[2]programa producción LENNOX Cu'!$B$11:$L$63,2,0) -> 300 | I26: 0 | N26: =+H26+I26+J26+K26+L26+M26-SUM(O26:Y26) -> 0 | U26: 300 | Z26: =+G26*SUM(H26:M26) -> 8.4 | AA26: 100 | AB26: 0 | AC26: =+H26*AB26 -> 0 | AD26: 0 | AE26: =+H26*AD26 -> 0 | AF26: =+AE26*2 -> 0 | AG26: 0 | AH26: 0 | AI26: CTD T.MÉXICO | AJ26: BLANCO | AQ26: 0
B27: LENNOX 1 | C27: SAIRA MORALES | D27: 626532-01 | E27: C - 1/2 | F27: 0.028 | G27: 0.028 | H27: =VLOOKUP(D27,'[2]programa producción LENNOX Cu'!$B$11:$L$63,2,0) -> 500 | I27: 0 | N27: =+H27+I27+J27+K27+L27+M27-SUM(O27:Y27) -> -22 | X27: 522 | Z27: =+G27*SUM(H27:M27) -> 14 | AA27: 100 | AB27: 0 | AC27: =+H27*AB27 -> 0 | AD27: 0 | AE27: =+H27*AD27 -> 0 | AF27: =+AE27*2 -> 0 | AG27: 0 | AH27: 0 | AI27: CTD T.MÉXICO | AJ27: BLANCO | AQ27: 307
B28: LENNOX 1 | C28: SAIRA MORALES | D28: 626391-01 | E28: C - 1/2 | F28: 0.028 | G28: 0.028 | I28: 0 | N28: =+H28+I28+J28+K28+L28+M28-SUM(O28:Y28) -> 0 | Z28: =+G28*SUM(H28:M28) -> 0 | AA28: 100 | AB28: 0 | AC28: =+H28*AB28 -> 0 | AD28: 0 | AE28: =+H28*AD28 -> 0 | AF28: =+AE28*2 -> 0 | AG28: 0 | AH28: 0 | AI28: CTD T.MÉXICO | AJ28: BLANCO | AQ28: -77
B29: LENNOX 1 | C29: SAIRA MORALES | D29: 613544-01 | E29: C - 1/2 | F29: 0.028 | G29: 0.028 | H29: =VLOOKUP(D29,'[2]programa producción LENNOX Cu'!$B$11:$L$63,2,0) -> 600 | I29: 0 | N29: =+H29+I29+J29+K29+L29+M29-SUM(O29:Y29) -> 0 | V29: 600 | Z29: =+G29*SUM(H29:M29) -> 16.8 | AA29: 100 | AB29: 0 | AC29: =+H29*AB29 -> 0 | AD29: 0 | AE29: =+H29*AD29 -> 0 | AF29: =+AE29*2 -> 0 | AG29: 0 | AH29: 0 | AI29: CTD T.MÉXICO | AJ29: BLANCO | AQ29: 300
B30: LENNOX 1 | C30: SAIRA MORALES | D30: 627101-01 | E30: C - 1/2 | F30: 0.028 | G30: 0.028 | H30: =VLOOKUP(D30,'[2]programa producción LENNOX Cu'!$B$11:$L$63,2,0) -> 200 | I30: 0 | N30: =+H30+I30+J30+K30+L30+M30-SUM(O30:Y30) -> 200 | Z30: =+G30*SUM(H30:M30) -> 5.6 | AA30: 100 | AB30: 0 | AC30: =+H30*AB30 -> 0 | AD30: 0 | AE30: =+H30*AD30 -> 0 | AF30: =+AE30*2 -> 0 | AG30: 0 | AH30: 0 | AI30: CTD T.MÉXICO | AJ30: BLANCO | AQ30: -445
B31: LENNOX 1 | C31: SAIRA MORALES | D31: 626469-01 | E31: C - 1/2 | F31: 0.028 | G31: 0.028 | H31: =VLOOKUP(D31,'[2]programa producción LENNOX Cu'!$B$11:$L$63,2,0) -> 900 | I31: 0 | N31: =+H31+I31+J31+K31+L31+M31-SUM(O31:Y31) -> 398 | W31: 502 | Z31: =+G31*SUM(H31:M31) -> 25.2 | AA31: 100 | AB31: 0 | AC31: =+H31*AB31 -> 0 | AD31: 0 | AE31: =+H31*AD31 -> 0 | AF31: =+AE31*2 -> 0 | AG31: 0 | AH31: 0 | AI31: CTD T.MÉXICO | AJ31: BLANCO | AQ31: -83
B32: LENNOX 1 | C32: SAIRA MORALES | D32: 619792-01 | E32: C - 1/2 | F32: 0.028 | G32: 0.028 | H32: =VLOOKUP(D32,'[2]programa producción LENNOX Cu'!$B$11:$L$63,2,0) -> 300 | I32: 0 | N32: =+H32+I32+J32+K32+L32+M32-SUM(O32:Y32) -> 300 | Z32: =+G32*SUM(H32:M32) -> 8.4 | AA32: 100 | AB32: 0 | AC32: =+H32*AB32 -> 0 | AD32: 0 | AE32: =+H32*AD32 -> 0 | AF32: =+AE32*2 -> 0 | AG32: 0 | AH32: 0 | AI32: CTD T.MÉXICO | AJ32: BLANCO | AQ32: 0
B33: LENNOX 1 | C33: SAIRA MORALES | D33: 625022-01 | E33: C - 1/2 | F33: 0.028 | G33: 0.028 | H33: =VLOOKUP(D33,'[2]programa producción LENNOX Cu'!$B$11:$L$63,2,0) -> 800 | I33: 0 | N33: =+H33+I33+J33+K33+L33+M33-SUM(O33:Y33) -> 300 | U33: 500 | Z33: =+G33*SUM(H33:M33) -> 22.4 | AA33: 100 | AB33: 0 | AC33: =+H33*AB33 -> 0 | AD33: 0 | AE33: =+H33*AD33 -> 0 | AF33: =+AE33*2 -> 0 | AG33: 0 | AH33: 0 | AI33: CTD T.MÉXICO | AJ33: BLANCO | AQ33: 300
B34: LENNOX 1 | C34: SAIRA MORALES | D34: 627046-01 | E34: C - 1/2 | F34: 0.028 | G34: 0.028 | H34: =VLOOKUP(D34,'[2]programa producción LENNOX Cu'!$B$11:$L$63,2,0) -> 700 | I34: 0 | N34: =+H34+I34+J34+K34+L34+M34-SUM(O34:Y34) -> 46 | X34: 654 | Z34: =+G34*SUM(H34:M34) -> 19.6 | AA34: 100 | AB34: 0 | AC34: =+H34*AB34 -> 0 | AD34: 0 | AE34: =+H34*AD34 -> 0 | AF34: =+AE34*2 -> 0 | AG34: 0 | AH34: 0 | AI34: CTD T.MÉXICO | AJ34: BLANCO | AQ34: 500
B35: LENNOX 1 | C35: SAIRA MORALES | D35: MXLB-112323 | E35: C - 1/2 | F35: 0.028 | G35: 0.028 | H35: =VLOOKUP(D35,'[2]programa producción LENNOX Cu'!$B$11:$L$63,2,0) -> 200 | I35: 0 | N35: =+H35+I35+J35+K35+L35+M35-SUM(O35:Y35) -> 200 | Z35: =+G35*SUM(H35:M35) -> 5.6 | AA35: 100 | AB35: 0 | AC35: =+H35*AB35 -> 0 | AD35: 0 | AE35: =+H35*AD35 -> 0 | AF35: =+AE35*2 -> 0 | AG35: 0 | AH35: 0 | AI35: CTD T.MÉXICO | AJ35: BLANCO | AQ35: 300
B36: LENNOX 1 | C36: SAIRA MORALES | D36: 626471-01 | E36: C - 1/2 | F36: 0.028 | G36: 0.028 | H36: =VLOOKUP(D36,'[2]programa producción LENNOX Cu'!$B$11:$L$63,2,0) -> 400 | I36: 0 | N36: =+H36+I36+J36+K36+L36+M36-SUM(O36:Y36) -> 400 | Z36: =+G36*SUM(H36:M36) -> 11.2 | AA36: 100 | AB36: 0 | AC36: =+H36*AB36 -> 0 | AD36: 0 | AE36: =+H36*AD36 -> 0 | AF36: =+AE36*2 -> 0 | AG36: 0 | AH36: 0 | AI36: CTD T.MÉXICO | AJ36: BLANCO | AQ36: 0
B37: LENNOX 1 | C37: SAIRA MORALES | D37: 626472-01 | E37: C - 1/2 | F37: 0.028 | G37: 0.028 | H37: =VLOOKUP(D37,'[2]programa producción LENNOX Cu'!$B$11:$L$63,2,0) -> 400 | I37: 0 | N37: =+H37+I37+J37+K37+L37+M37-SUM(O37:Y37) -> 400 | Z37: =+G37*SUM(H37:M37) -> 11.2 | AA37: 100 | AB37: 0 | AC37: =+H37*AB37 -> 0 | AD37: 0 | AE37: =+H37*AD37 -> 0 | AF37: =+AE37*2 -> 0 | AG37: 0 | AH37: 0 | AI37: CTD T.MÉXICO | AJ37: BLANCO | AQ37: 300
B38: LENNOX 1 | C38: SAIRA MORALES | D38: 626433-01 | E38: C - 1/2 | F38: 0.028 | G38: 0.028 | I38: 0 | N38: =+H38+I38+J38+K38+L38+M38-SUM(O38:Y38) -> 0 | Z38: =+G38*SUM(H38:M38) -> 0 | AA38: 100 | AB38: 0 | AC38: =+H38*AB38 -> 0 | AD38: 0 | AE38: =+H38*AD38 -> 0 | AF38: =+AE38*2 -> 0 | AG38: 0 | AH38: 0 | AI38: CTD T.MÉXICO | AJ38: BLANCO | AQ38: 0
B39: LENNOX 1 | C39: SAIRA MORALES | D39: 627175-01 | E39: C - 1/2 | F39: 0.028 | G39: 0.028 | H39: =VLOOKUP(D39,'[2]programa producción LENNOX Cu'!$B$11:$L$63,2,0) -> 300 | I39: 0 | N39: =+H39+I39+J39+K39+L39+M39-SUM(O39:Y39) -> 300 | Z39: =+G39*SUM(H39:M39) -> 8.4 | AA39: 100 | AB39: 0 | AC39: =+H39*AB39 -> 0 | AD39: 0 | AE39: =+H39*AD39 -> 0 | AF39: =+AE39*2 -> 0 | AG39: 0 | AH39: 0 | AI39: CTD T.MÉXICO | AJ39: BLANCO | AQ39: 0
B40: LENNOX 1 | C40: SAIRA MORALES | D40: 627021-01 | E40: C - 1/2 | F40: 0.028 | G40: 0.028 | I40: 0 | N40: =+H40+I40+J40+K40+L40+M40-SUM(O40:Y40) -> 0 | Z40: =+G40*SUM(H40:M40) -> 0 | AA40: 100 | AB40: 0 | AC40: =+H40*AB40 -> 0 | AD40: 0 | AE40: =+H40*AD40 -> 0 | AF40: =+AE40*2 -> 0 | AG40: 0 | AH40: 0 | AI40: CTD T.MÉXICO | AJ40: BLANCO | AQ40: 0
B41: LENNOX 1 | C41: SAIRA MORALES | D41: 613366-01 | E41: C - 1/2 | F41: 0.028 | G41: 0.028 | H41: =VLOOKUP(D41,'[2]programa producción LENNOX Cu'!$B$11:$L$63,2,0) -> 300 | I41: 0 | N41: =+H41+I41+J41+K41+L41+M41-SUM(O41:Y41) -> 300 | Z41: =+G41*SUM(H41:M41) -> 8.4 | AA41: 100 | AB41: 0 | AC41: =+H41*AB41 -> 0 | AD41: 0 | AE41: =+H41*AD41 -> 0 | AF41: =+AE41*2 -> 0 | AG41: 0 | AH41: 0 | AI41: CTD T.MÉXICO | AJ41: BLANCO | AQ41: 0
B42: LENNOX 1 | C42: SAIRA MORALES | D42: 613569-01 | E42: C - 1/2 | F42: 0.028 | G42: 0.028 | H42: =VLOOKUP(D42,'[2]programa producción LENNOX Cu'!$B$11:$L$63,2,0) -> 200 | I42: 0 | N42: =+H42+I42+J42+K42+L42+M42-SUM(O42:Y42) -> 200 | Z42: =+G42*SUM(H42:M42) -> 5.6 | AA42: 100 | AB42: 0 | AC42: =+H42*AB42 -> 0 | AD42: 0 | AE42: =+H42*AD42 -> 0 | AF42: =+AE42*2 -> 0 | AG42: 0 | AH42: 0 | AI42: CTD T.MÉXICO | AJ42: BLANCO | AQ42: 0
B43: LENNOX 1 | C43: SAIRA MORALES | D43: 626310-01 | E43: C - 1/2 | F43: 0.028 | G43: 0.028 | I43: 0 | N43: =+H43+I43+J43+K43+L43+M43-SUM(O43:Y43) -> 0 | Z43: =+G43*SUM(H43:M43) -> 0 | AA43: 100 | AB43: 0 | AC43: =+H43*AB43 -> 0 | AD43: 0 | AE43: =+H43*AD43 -> 0 | AF43: =+AE43*2 -> 0 | AG43: 0 | AH43: 0 | AI43: CTD T.MÉXICO | AJ43: BLANCO | AQ43: 0
B44: LENNOX 1 | C44: SAIRA MORALES | D44: 613556-01 | E44: C - 1/2 | F44: 0.028 | G44: 0.028 | H44: =VLOOKUP(D44,'[2]programa producción LENNOX Cu'!$B$11:$L$63,2,0) -> 200 | I44: 0 | N44: =+H44+I44+J44+K44+L44+M44-SUM(O44:Y44) -> 200 | Z44: =+G44*SUM(H44:M44) -> 5.6 | AA44: 100 | AB44: 0 | AC44: =+H44*AB44 -> 0 | AD44: 0 | AE44: =+H44*AD44 -> 0 | AF44: =+AE44*2 -> 0 | AG44: 0 | AH44: 0 | AI44: CTD T.MÉXICO | AJ44: BLANCO | AQ44: 0
B45: LENNOX 1 | C45: SAIRA MORALES | D45: 613472-01 | E45: C - 1/2 | F45: 0.028 | G45: 0.028 | I45: 0 | N45: =+H45+I45+J45+K45+L45+M45-SUM(O45:Y45) -> 0 | Z45: =+G45*SUM(H45:M45) -> 0 | AA45: 100 | AB45: 0 | AC45: =+H45*AB45 -> 0 | AD45: 0 | AE45: =+H45*AD45 -> 0 | AF45: =+AE45*2 -> 0 | AG45: 0 | AH45: 0 | AI45: CTD T.MÉXICO | AJ45: BLANCO | AQ45: 328
B46: LENNOX 1 | C46: SAIRA MORALES | D46: 615112-01 | E46: C - 1/2 | F46: 0.028 | G46: 0.028 | I46: 0 | N46: =+H46+I46+J46+K46+L46+M46-SUM(O46:Y46) -> 0 | Z46: =+G46*SUM(H46:M46) -> 0 | AA46: 100 | AB46: 0 | AC46: =+H46*AB46 -> 0 | AD46: 0 | AE46: =+H46*AD46 -> 0 | AF46: =+AE46*2 -> 0 | AG46: 0 | AH46: 0 | AI46: CTD T.MÉXICO | AJ46: BLANCO | AQ46: 400
B47: LENNOX 1 | C47: SAIRA MORALES | D47: 626470-01 | E47: C - 1/2 | F47: 0.028 | G47: 0.028 | I47: 0 | N47: =+H47+I47+J47+K47+L47+M47-SUM(O47:Y47) -> 0 | Z47: =+G47*SUM(H47:M47) -> 0 | AA47: 100 | AB47: 0 | AC47: =+H47*AB47 -> 0 | AD47: 0 | AE47: =+H47*AD47 -> 0 | AF47: =+AE47*2 -> 0 | AG47: 0 | AH47: 0 | AI47: CTD T.MÉXICO | AJ47: BLANCO | AQ47: -1493
B48: LENNOX 1 | C48: SAIRA MORALES | D48: 626873-01 | E48: C - 1/2 | F48: 0.028 | G48: 0.028 | H48: =VLOOKUP(D48,'[2]programa producción LENNOX Cu'!$B$11:$L$63,2,0) -> 1200 | I48: 0 | N48: =+H48+I48+J48+K48+L48+M48-SUM(O48:Y48) -> 38 | U48: 1162 | Z48: =+G48*SUM(H48:M48) -> 33.6 | AA48: 100 | AB48: 0 | AC48: =+H48*AB48 -> 0 | AD48: 0 | AE48: =+H48*AD48 -> 0 | AF48: =+AE48*2 -> 0 | AG48: 0 | AH48: 0 | AI48: CTD T.MÉXICO | AJ48: BLANCO | AQ48: -66
B49: LENNOX 1 | C49: SAIRA MORALES | D49: 626962-01 | E49: C - 3/4 | F49: 0.035 | G49: 0.035 | I49: 3000 | N49: =+H49+I49+J49+K49+L49+M49-SUM(O49:Y49) -> 40 | O49: 1650 | P49: 1310 | Z49: =+G49*SUM(H49:M49) -> 105 | AA49: 500 | AB49: 0 | AC49: =+H49*AB49 -> 0 | AD49: 0 | AE49: =+H49*AD49 -> 0 | AF49: =+AE49*2 -> 0 | AG49: 0 | AH49: 0 | AI49: CTD T.MÉXICO | AJ49: BLANCO | AQ49: 0
B50: LENNOX 1 | C50: SAIRA MORALES | D50: 619770-01 | E50: C - 3/4 | F50: 0.035 | G50: 0.035 | H50: =VLOOKUP(D50,'[2]programa producción LENNOX Cu'!$B$11:$L$63,2,0) -> 200 | I50: 300 | N50: =+H50+I50+J50+K50+L50+M50-SUM(O50:Y50) -> 65 | W50: 200 | X50: 235 | Z50: =+G50*SUM(H50:M50) -> 17.5 | AA50: 500 | AB50: 0 | AC50: =+H50*AB50 -> 0 | AD50: 0 | AE50: =+H50*AD50 -> 0 | AF50: =+AE50*2 -> 0 | AG50: 0 | AH50: 0 | AI50: CTD T.MÉXICO | AJ50: BLANCO | AQ50: 0
B51: LENNOX 1 | C51: SAIRA MORALES | D51: 618685-01 | E51: C - 3/4 | F51: 0.035 | G51: 0.035 | I51: 0 | N51: =+H51+I51+J51+K51+L51+M51-SUM(O51:Y51) -> 0 | Z51: =+G51*SUM(H51:M51) -> 0 | AA51: 1000 | AB51: 0 | AC51: =+H51*AB51 -> 0 | AD51: 0 | AE51: =+H51*AD51 -> 0 | AF51: =+AE51*2 -> 0 | AG51: 0 | AH51: 0 | AI51: CTD T.MÉXICO | AJ51: BLANCO | AQ51: 1200
B52: LENNOX 1 | C52: SAIRA MORALES | D52: 627106-01 | E52: C - 3/4 | F52: 0.035 | G52: 0.035 | H52: =VLOOKUP(D52,'[2]programa producción LENNOX Cu'!$B$11:$L$63,2,0) -> 300 | I52: 0 | N52: =+H52+I52+J52+K52+L52+M52-SUM(O52:Y52) -> 300 | Z52: =+G52*SUM(H52:M52) -> 10.5 | AA52: 500 | AB52: 0 | AC52: =+H52*AB52 -> 0 | AD52: 0 | AE52: =+H52*AD52 -> 0 | AF52: =+AE52*2 -> 0 | AG52: 0 | AH52: 0 | AI52: CTD T.MÉXICO | AJ52: BLANCO | AQ52: 0
B53: LENNOX 1 | C53: SAIRA MORALES | D53: 626967-01 | E53: C - 3/4 | F53: 0.035 | G53: 0.035 | H53: =VLOOKUP(D53,'[2]programa producción LENNOX Cu'!$B$11:$L$63,2,0) -> 2400 | I53: 800 | N53: =+H53+I53+J53+K53+L53+M53-SUM(O53:Y53) -> 1064 | R53: 266 | W53: 460 | X53: 1410 | Z53: =+G53*SUM(H53:M53) -> 112 | AA53: 500 | AB53: 0 | AC53: =+H53*AB53 -> 0 | AD53: 0 | AE53: =+H53*AD53 -> 0 | AF53: =+AE53*2 -> 0 | AG53: 0 | AH53: 0 | AI53: CTD T.MÉXICO | AJ53: BLANCO | AQ53: 1000
B54: LENNOX 1 | C54: SAIRA MORALES | D54: 618927-01 | E54: C - 7/8 | F54: 0.041 | G54: 0.041 | H54: =VLOOKUP(D54,'[2]programa producción LENNOX Cu'!$B$11:$L$63,2,0) -> 2200 | I54: 0 | N54: =+H54+I54+J54+K54+L54+M54-SUM(O54:Y54) -> 1165 | V54: 1035 | Z54: =+G54*SUM(H54:M54) -> 90.2 | AA54: 1000 | AB54: 0 | AC54: =+H54*AB54 -> 0 | AD54: 0 | AE54: =+H54*AD54 -> 0 | AF54: =+AE54*2 -> 0 | AG54: 0 | AH54: 0 | AI54: CTD T.MÉXICO | AJ54: BLANCO | AQ54: 2800
B55: LENNOX 1 | C55: SAIRA MORALES | D55: 624302-01 | E55: C - 7/8 | F55: 0.045 | G55: 0.045 | H55: =VLOOKUP(D55,'[2]programa producción LENNOX Cu'!$B$11:$L$63,2,0) -> 300 | I55: 696 | N55: =+H55+I55+J55+K55+L55+M55-SUM(O55:Y55) -> 996 | Z55: =+G55*SUM(H55:M55) -> 44.82 | AA55: 200 | AB55: 0 | AC55: =+H55*AB55 -> 0 | AD55: 0 | AE55: =+H55*AD55 -> 0 | AF55: =+AE55*2 -> 0 | AG55: 0 | AH55: 0 | AI55: CTD T.MÉXICO | AJ55: BLANCO | AQ55: 1000
B56: LENNOX 1 | C56: SAIRA MORALES | D56: 626978-01 | E56: C - 7/8 | F56: 0.045 | G56: 0.045 | H56: =VLOOKUP(D56,'[2]programa producción LENNOX Cu'!$B$11:$L$63,2,0) -> 400 | I56: 0 | N56: =+H56+I56+J56+K56+L56+M56-SUM(O56:Y56) -> 400 | Z56: =+G56*SUM(H56:M56) -> 18 | AA56: 500 | AB56: 0 | AC56: =+H56*AB56 -> 0 | AD56: 0 | AE56: =+H56*AD56 -> 0 | AF56: =+AE56*2 -> 0 | AG56: 0 | AH56: 0 | AI56: CTD T.MÉXICO | AJ56: BLANCO | AQ56: 416
B57: LENNOX 1 | C57: SAIRA MORALES | D57: 618887-01 | E57: C - 7/8 | F57: 0.041 | G57: 0.041 | H57: =VLOOKUP(D57,'[2]programa producción LENNOX Cu'!$B$11:$L$63,2,0) -> 600 | I57: 1585 | N57: =+H57+I57+J57+K57+L57+M57-SUM(O57:Y57) -> 965 | O57: 250 | W57: 250 | X57: 720 | Z57: =+G57*SUM(H57:M57) -> 89.585 | AA57: 500 | AB57: 0 | AC57: =+H57*AB57 -> 0 | AD57: 0 | AE57: =+H57*AD57 -> 0 | AF57: =+AE57*2 -> 0 | AG57: 0 | AH57: 0 | AI57: CTD T.MÉXICO | AJ57: BLANCO | AQ57: 2200
B58: LENNOX 1 | C58: SAIRA MORALES | D58: 626998-01 | E58: C - 7/8 | F58: 0.045 | G58: 0.045 | H58: =VLOOKUP(D58,'[2]programa producción LENNOX Cu'!$B$11:$L$63,2,0) -> 900 | I58: 162 | N58: =+H58+I58+J58+K58+L58+M58-SUM(O58:Y58) -> 412 | U58: 400 | X58: 250 | Z58: =+G58*SUM(H58:M58) -> 47.79 | AA58: 500 | AB58: 0 | AC58: =+H58*AB58 -> 0 | AD58: 0 | AE58: =+H58*AD58 -> 0 | AF58: =+AE58*2 -> 0 | AG58: 0 | AH58: 0 | AI58: CTD T.MÉXICO | AJ58: BLANCO | AQ58: 1720
B59: LENNOX 1 | C59: SAIRA MORALES | D59: 614166-01 | E59: SOLDADURA 3/4 | F59: 0.035 | G59: 0.035 | H59: =VLOOKUP(D59,'[2]programa producción LENNOX Cu'!$B$11:$L$63,2,0) -> 432 | I59: 0 | N59: =+H59+I59+J59+K59+L59+M59-SUM(O59:Y59) -> -288 | Q59: 288 | R59: 288 | S59: 144 | Z59: =+G59*SUM(H59:M59) -> 15.12 | AA59: 144 | AB59: 0 | AC59: =+H59*AB59 -> 0 | AD59: 0 | AE59: =+H59*AD59 -> 0 | AF59: =+AE59*2 -> 0 | AG59: 103881-02 | AH59: =+SUM(H59:M59) -> 432 | AI59: CTD T.MÉXICO | AJ59: BLANCO | AQ59: 0
B60: LENNOX 1 | C60: SAIRA MORALES | D60: 626798-01 | E60: SOLDADURA 3/4 | F60: 0.035 | G60: 0.035 | I60: 0 | N60: =+H60+I60+J60+K60+L60+M60-SUM(O60:Y60) -> 0 | Z60: =+G60*SUM(H60:M60) -> 0 | AA60: 144 | AB60: 1 | AC60: =+H60*AB60 -> 0 | AD60: 0 | AE60: =+H60*AD60 -> 0 | AF60: =+AE60*2 -> 0 | AG60: 107892-03 | AH60: =+SUM(H60:M60) -> 0 | AI60: CTD T.MÉXICO | AJ60: BLANCO | AQ60: -576
B61: LENNOX 1 | C61: SAIRA MORALES | D61: 626430-01 | E61: SOLDADURA 3/4 | F61: 0.035 | G61: 0.035 | I61: 0 | N61: =+H61+I61+J61+K61+L61+M61-SUM(O61:Y61) -> 0 | Z61: =+G61*SUM(H61:M61) -> 0 | AA61: 144 | AB61: 1 | AC61: =+H61*AB61 -> 0 | AD61: 0 | AE61: =+H61*AD61 -> 0 | AF61: =+AE61*2 -> 0 | AG61: 107892-03 | AH61: =+SUM(H61:M61) -> 0 | AI61: CTD T.MÉXICO | AJ61: BLANCO | AQ61: 0
B62: LENNOX 1 | C62: SAIRA MORALES | D62: 626581-01 | E62: SOLDADURA 3/4 | F62: 0.035 | G62: 0.035 | H62: =VLOOKUP(D62,'[2]programa producción LENNOX Cu'!$B$11:$L$63,2,0) -> 144 | I62: 0 | N62: =+H62+I62+J62+K62+L62+M62-SUM(O62:Y62) -> 0 | T62: 144 | Z62: =+G62*SUM(H62:M62) -> 5.04 | AA62: 144 | AB62: 1 | AC62: =+H62*AB62 -> 144 | AD62: 0 | AE62: =+H62*AD62 -> 0 | AF62: =+AE62*2 -> 0 | AG62: 107892-03 | AH62: =+SUM(H62:M62) -> 144 | AI62: CTD T.MÉXICO | AJ62: BLANCO | AQ62: 144
B63: LENNOX 1 | C63: SAIRA MORALES | D63: 626798-02 | E63: SOLDADURA 3/4 | F63: 0.035 | G63: 0.035 | H63: =VLOOKUP(D63,'[2]programa producción LENNOX Cu'!$B$11:$L$63,2,0) -> 144 | I63: 356 | N63: =+H63+I63+J63+K63+L63+M63-SUM(O63:Y63) -> 68 | O63: 144 | P63: 288 | Z63: =+G63*SUM(H63:M63) -> 17.5 | AA63: 144 | AB63: 1 | AC63: =+H63*AB63 -> 144 | AD63: 0 | AE63: =+H63*AD63 -> 0 | AF63: =+AE63*2 -> 0 | AG63: 107892-03 | AH63: =+SUM(H63:M63) -> 500 | AI63: CTD T.MÉXICO | AJ63: BLANCO | AQ63: 0
B64: LENNOX 1 | C64: SAIRA MORALES | D64: 626581-04 | E64: SOLDADURA 3/4 | F64: 0.035 | G64: 0.035 | H64: =VLOOKUP(D64,'[2]programa producción LENNOX Cu'!$B$11:$L$63,2,0) -> 288 | I64: 144 | N64: =+H64+I64+J64+K64+L64+M64-SUM(O64:Y64) -> 0 | P64: 144 | S64: 288 | Z64: =+G64*SUM(H64:M64) -> 15.12 | AA64: 144 | AB64: 1 | AC64: =+H64*AB64 -> 288 | AD64: 0 | AE64: =+H64*AD64 -> 0 | AF64: =+AE64*2 -> 0 | AG64: 107892-03 | AH64: =+SUM(H64:M64) -> 432 | AI64: CTD T.MÉXICO | AJ64: BLANCO | AQ64: 576
B65: LENNOX 1 | C65: SAIRA MORALES | D65: 101777-01 | E65: SOLDADURA 3/4 | F65: 0.035 | G65: 0.035 | H65: =VLOOKUP(D65,'[2]programa producción LENNOX Cu'!$B$11:$L$63,2,0) -> 288 | I65: 0 | N65: =+H65+I65+J65+K65+L65+M65-SUM(O65:Y65) -> -144 | T65: 144 | V65: 144 | X65: 144 | Z65: =+G65*SUM(H65:M65) -> 10.08 | AA65: 144 | AB65: 0 | AC65: =+H65*AB65 -> 0 | AD65: 0 | AE65: =+H65*AD65 -> 0 | AF65: =+AE65*2 -> 0 | AG65: 103881-02 | AH65: =+SUM(H65:M65) -> 288 | AI65: CTD T.MÉXICO | AJ65: BLANCO | AQ65: 0
B66: LENNOX 1 | C66: SAIRA MORALES | D66: 626581-02 | E66: SOLDADURA 3/4 | F66: 0.035 | G66: 0.035 | H66: =VLOOKUP(D66,'[2]programa producción LENNOX Cu'!$B$11:$L$63,2,0) -> 288 | I66: 0 | N66: =+H66+I66+J66+K66+L66+M66-SUM(O66:Y66) -> -144 | S66: 288 | T66: 144 | Z66: =+G66*SUM(H66:M66) -> 10.08 | AA66: 144 | AB66: 1 | AC66: =+H66*AB66 -> 288 | AD66: 0 | AE66: =+H66*AD66 -> 0 | AF66: =+AE66*2 -> 0 | AG66: 107892-03 | AH66: =+SUM(H66:M66) -> 288 | AI66: CTD T.MÉXICO | AJ66: BLANCO | AQ66: 0
B67: LENNOX 1 | C67: SAIRA MORALES | D67: 613781-01 | E67: SOLDADURA 3/4 | F67: 0.035 | G67: 0.035 | H67: =VLOOKUP(D67,'[2]programa producción LENNOX Cu'!$B$11:$L$63,2,0) -> 288 | I67: 144 | N67: =+H67+I67+J67+K67+L67+M67-SUM(O67:Y67) -> -288 | P67: 144 | S67: 144 | T67: 144 | U67: 144 | V67: 144 | Z67: =+G67*SUM(H67:M67) -> 15.12 | AA67: 144 | AB67: 0 | AC67: =+H67*AB67 -> 0 | AD67: 0 | AE67: =+H67*AD67 -> 0 | AF67: =+AE67*2 -> 0 | AG67: 103881-02 | AH67: =+SUM(H67:M67) -> 432 | AI67: CTD T.MÉXICO | AJ67: BLANCO | AQ67: 0
B68: LENNOX 1 | C68: SAIRA MORALES | D68: 626798-03 | E68: SOLDADURA 3/4 | F68: 0.035 | G68: 0.035 | H68: =VLOOKUP(D68,'[2]programa producción LENNOX Cu'!$B$11:$L$63,2,0) -> 1008 | I68: 0 | N68: =+H68+I68+J68+K68+L68+M68-SUM(O68:Y68) -> 144 | O68: 144 | U68: 288 | V68: 288 | W68: 144 | Z68: =+G68*SUM(H68:M68) -> 35.28 | AA68: 144 | AB68: 1 | AC68: =+H68*AB68 -> 1008 | AD68: 0 | AE68: =+H68*AD68 -> 0 | AF68: =+AE68*2 -> 0 | AG68: 107892-03 | AH68: =+SUM(H68:M68) -> 1008 | AI68: CTD T.MÉXICO | AJ68: BLANCO | AQ68: -144
B69: LENNOX 1 | C69: SAIRA MORALES | D69: 626581-05 | E69: SOLDADURA 7/8 | F69: 0.045 | G69: 0.045 | H69: =VLOOKUP(D69,'[2]programa producción LENNOX Cu'!$B$11:$L$63,2,0) -> 128 | I69: 0 | N69: =+H69+I69+J69+K69+L69+M69-SUM(O69:Y69) -> 0 | X69: 128 | Z69: =+G69*SUM(H69:M69) -> 5.76 | AA69: 288 | AB69: 1 | AC69: =+H69*AB69 -> 128 | AD69: 0 | AE69: =+H69*AD69 -> 0 | AF69: =+AE69*2 -> 0 | AG69: 107892-04 | AH69: =+SUM(H69:M69) -> 128 | AI69: CTD T.MÉXICO | AJ69: BLANCO | AQ69: 512
B70: LENNOX 1 | C70: SAIRA MORALES | D70: 606820-03 | E70: SOLDADURA 7/8 | F70: 0.041 | G70: 0.041 | I70: 128 | N70: =+H70+I70+J70+K70+L70+M70-SUM(O70:Y70) -> 0 | R70: 128 | Z70: =+G70*SUM(H70:M70) -> 5.248 | AA70: 288 | AB70: 0 | AC70: =+H70*AB70 -> 0 | AD70: 1 | AE70: =+H70*AD70 -> 0 | AF70: =+AE70*2 -> 0 | AG70: 102831-11 | AH70: =+SUM(H70:M70) -> 128 | AI70: CTD T.MÉXICO | AJ70: BLANCO | AQ70: 0
B71: LENNOX 1 | C71: SAIRA MORALES | D71: 626432-01 | E71: SOLDADURA 7/8 | F71: 0.045 | G71: 0.045 | I71: 0 | N71: =+H71+I71+J71+K71+L71+M71-SUM(O71:Y71) -> -384 | R71: 128 | S71: 256 | Z71: =+G71*SUM(H71:M71) -> 0 | AA71: 288 | AB71: 1 | AC71: =+H71*AB71 -> 0 | AD71: 0 | AE71: =+H71*AD71 -> 0 | AF71: =+AE71*2 -> 0 | AG71: 107892-04 | AH71: =+SUM(H71:M71) -> 0 | AI71: CTD T.MÉXICO | AJ71: BLANCO | AQ71: 0
B72: LENNOX 1 | C72: SAIRA MORALES | D72: 626581-08 | E72: SOLDADURA 7/8 | F72: 0.045 | G72: 0.045 | H72: =VLOOKUP(D72,'[2]programa producción LENNOX Cu'!$B$11:$L$63,2,0) -> 640 | I72: 0 | N72: =+H72+I72+J72+K72+L72+M72-SUM(O72:Y72) -> 0 | U72: 128 | W72: 512 | Z72: =+G72*SUM(H72:M72) -> 28.8 | AA72: 288 | AB72: 1 | AC72: =+H72*AB72 -> 640 | AD72: 0 | AE72: =+H72*AD72 -> 0 | AF72: =+AE72*2 -> 0 | AG72: 107905-06 | AH72: =+SUM(H72:M72) -> 640 | AI72: CTD T.MÉXICO | AJ72: BLANCO | AQ72: 0
B73: LENNOX 1 | C73: SAIRA MORALES | D73: 626581-11 | E73: SOLDADURA 7/8 | F73: 0.045 | G73: 0.045 | I73: 0 | N73: =+H73+I73+J73+K73+L73+M73-SUM(O73:Y73) -> -512 | O73: 256 | Q73: 128 | R73: 128 | Z73: =+G73*SUM(H73:M73) -> 0 | AA73: 288 | AB73: 1 | AC73: =+H73*AB73 -> 0 | AD73: 0 | AE73: =+H73*AD73 -> 0 | AF73: =+AE73*2 -> 0 | AG73: 107905-07 | AH73: =+SUM(H73:M73) -> 0 | AI73: CTD T.MÉXICO | AJ73: BLANCO | AQ73: 0
B74: LENNOX 1 | C74: SAIRA MORALES | D74: 626434-01 | E74: SOLDADURA 7/8 | F74: 0.045 | G74: 0.045 | I74: 128 | N74: =+H74+I74+J74+K74+L74+M74-SUM(O74:Y74) -> -128 | Q74: 128 | R74: 128 | Z74: =+G74*SUM(H74:M74) -> 5.76 | AA74: 288 | AB74: 1 | AC74: =+H74*AB74 -> 0 | AD74: 0 | AE74: =+H74*AD74 -> 0 | AF74: =+AE74*2 -> 0 | AG74: 107905-07 | AH74: =+SUM(H74:M74) -> 128 | AI74: CTD T.MÉXICO | AJ74: BLANCO | AQ74: 0
B75: LENNOX 1 | C75: SAIRA MORALES | D75: 614199-01 | E75: SOLDADURA 7/8 | F75: 0.041 | G75: 0.041 | H75: =VLOOKUP(D75,'[2]programa producción LENNOX Cu'!$B$11:$L$63,2,0) -> 256 | I75: 0 | N75: =+H75+I75+J75+K75+L75+M75-SUM(O75:Y75) -> 0 | T75: 128 | U75: 128 | Z75: =+G75*SUM(H75:M75) -> 10.496 | AA75: 288 | AB75: 0 | AC75: =+H75*AB75 -> 0 | AD75: 0 | AE75: =+H75*AD75 -> 0 | AF75: =+AE75*2 -> 0 | AG75: 103881-03 | AH75: =+SUM(H75:M75) -> 256 | AI75: CTD T.MÉXICO | AJ75: BLANCO | AQ75: 0
B76: LENNOX 1 | C76: SAIRA MORALES | D76: 626581-06 | E76: SOLDADURA 7/8 | F76: 0.045 | G76: 0.045 | I76: 640 | N76: =+H76+I76+J76+K76+L76+M76-SUM(O76:Y76) -> 128 | Q76: 384 | V76: 128 | Z76: =+G76*SUM(H76:M76) -> 28.8 | AA76: 288 | AB76: 1 | AC76: =+H76*AB76 -> 0 | AD76: 0 | AE76: =+H76*AD76 -> 0 | AF76: =+AE76*2 -> 0 | AG76: 107892-04 | AH76: =+SUM(H76:M76) -> 640 | AI76: CTD T.MÉXICO | AJ76: BLANCO | AQ76: 128
B77: LENNOX 1 | C77: SAIRA MORALES | D77: 612822-01 | E77: SOLDADURA 7/8 | F77: 0.041 | G77: 0.041 | I77: 0 | N77: =+H77+I77+J77+K77+L77+M77-SUM(O77:Y77) -> -256 | T77: 128 | X77: 128 | Z77: =+G77*SUM(H77:M77) -> 0 | AA77: 288 | AB77: 0 | AC77: =+H77*AB77 -> 0 | AD77: 1 | AE77: =+H77*AD77 -> 0 | AF77: =+AE77*2 -> 0 | AG77: 102831-10 | AH77: =+SUM(H77:M77) -> 0 | AI77: CTD T.MÉXICO | AJ77: BLANCO | AQ77: 0
B78: LENNOX 1 | C78: SAIRA MORALES | D78: 626429-01 | E78: SOLDADURA 7/8 | F78: 0.045 | G78: 0.045 | H78: =VLOOKUP(D78,'[2]programa producción LENNOX Cu'!$B$11:$L$63,2,0) -> 128 | I78: 0 | N78: =+H78+I78+J78+K78+L78+M78-SUM(O78:Y78) -> -105 | R78: 233 | Z78: =+G78*SUM(H78:M78) -> 5.76 | AA78: 288 | AB78: 1 | AC78: =+H78*AB78 -> 128 | AD78: 0 | AE78: =+H78*AD78 -> 0 | AF78: =+AE78*2 -> 0 | AG78: 107892-04 | AH78: =+SUM(H78:M78) -> 128 | AI78: CTD T.MÉXICO | AJ78: BLANCO | AQ78: 0
G79: TOTAL | H79: =SUM(H6:H78) -> 41432 | I79: =SUM(I6:I78) -> 17869 | J79: =SUM(J6:J78) -> 0 | K79: =SUM(K6:K78) -> 0 | L79: =SUM(L6:L78) -> 0 | M79: =SUM(M6:M78) -> 0 | N79: =SUM(N6:N78) -> 17921 | O79: =SUM(O13:O78) -> 2444 | P79: =SUM(P13:P78) -> 1886 | Q79: =SUM(Q13:Q78) -> 2228 | R79: =SUM(R13:R78) -> 2099 | S79: =SUM(S13:S78) -> 5633 | T79: =SUM(T13:T78) -> 1117 | U79: =SUM(U13:U78) -> 3050 | V79: =SUM(V13:V78) -> 4639 | ... X79: =SUM(X13:X78) -> 5991 | Y79: =SUM(Y6:Y78) -> 1425 | Z79: =SUM(Z6:Z78) -> 8485.479 | AB79: =SUM(AB6:AB78) -> 14 | AC79: =SUM(AC6:AC78) -> 2768 | AD79: =SUM(AD6:AD78) -> 2 | AE79: =SUM(AE6:AE78) -> 0 | AF79: =SUM(AF6:AF78) -> 0 | AH79: =SUM(AH6:AH78) -> 5572
G80: MAS AGREGADO | H80: =+H79+I79+J79+K79+L79+M79 -> 59301 | O80: =+O79+P79 -> 4330 | Q80: =+Q79+R79 -> 4327 | S80: =+S79+T79 -> 6750 | U80: =+U79+V79 -> 7689 | W80: =+W79+X79 -> 9759 | Y80: =+Y79 -> 1425
H81: =SUM(H13:H78) -> 33432 | I81: =SUM(I13:I78) -> 8983 | J81: =SUM(J13:J78) -> 0 | K81: =SUM(K13:K78) -> 0 | L81: =SUM(L13:L78) -> 0 | M81: =SUM(M13:M78) -> 0 | O81: =SUM(O6:P11) -> 2000 | Q81: =SUM(Q6:R11) -> 0 | S81: =SUM(S6:T11) -> 0 | U81: =SUM(U6:V11) -> 2100 | W81: =SUM(W6:X11) -> 3000
O82: Aluminio
C83: META | D83: X DÍA | E83: X TURNO | G83: Aluminio x dia
B84: programado | C84: 42415 | D84: =+C84/5 -> 8483 | E84: =+D84/2 -> 4241.5 | G84: 3500
B85: pendiente / balance | C85: 12129
B86: entregado | C86: =C84-C85 -> 30286
B87: avance | C87: =+C86/C84 -> 0.71403984
B88: pendiente | C88: =+C85/C84 -> 0.28596016
P89: AVANCE DIARIO POR TURNO
A90: AVANCE X DÍA | R90: 46244 | T90: 46245 | V90: 46246 | X90: 46247 | Z90: 46248
A91: W33 | B91: 46244 | C91: 46245 | D91: 46246 | E91: 46247 | F91: 46248 | G91: 46249 | R91: A | S91: B | T91: A | U91: B | V91: A | W91: B | X91: A | Y91: B | Z91: A | AA91: B
B92: Lunes | C92: Martes | D92: Miércoles | E92: Jueves | F92: Viernes | G92: Viernes | Q92: AVANCE | R92: =O79/E84 -> 0.57621125 | S92: =P79/E84 -> 0.44465401 | T92: =Q79/E84 -> 0.52528587 | U92: =R79/E84 -> 0.4948721 | V92: =S79/E84 -> 1.3280679 | W92: =T79/E84 -> 0.26335023 | X92: =U79/E84 -> 0.71908523 | Y92: =V79/E84 -> 1.0937168 | Z92: =W79/E84 -> 0.88836497 | AA92: =X79/E84 -> 1.412472
A93: Avance | B93: 0.1 | C93: 0.18 | D93: 0.33 | E93: 0.51 | G93: 0.71 | Q93: ALUMINIO | R93: =O81/$G$84 -> 0.57142857 | T93: =Q81/$G$84 -> 0 | V93: =S81/$G$84 -> 0 | X93: =U81/$G$84 -> 0.6 | Z93: =W81/$G$84 -> 0.85714286
A94: Pendiente | B94: 0.9 | C94: 0.82 | D94: 0.67 | E94: 0.49 | G94: 0.29
B95: PORCENTAJES DE AVANCES AL FINALIZAR AMBOS TURNOS

Sheet SEMANA 34
B2: DÍA | C2: TURNO
B3: =TODAY() -> 46309 | C3: A | D3: X | H3: PROGRAMA
C4: B | H4: SEMANA | I4: Convertirlo a horas | O4: 46251 | Q4: 46252 | S4: 46253 | U4: 46254 | W4: 46255 | Y4: Ag1
B5: CLIENTE | C5: DESTINO | D5: NÚMERO DE PARTE | E5: DIAMETRO | F5: PARED | G5: PESO | H5: 34 | I5: 33 | J5: Ag2 | K5: Ag3 | L5: Ag4 | M5: Ag5 | N5: BALANCE | O5: A | P5: B | Q5: A | R5: B | S5: A | T5: B | U5: A | V5: B | W5: A | X5: B | Y5: AYB | Z5: KG | AA5: STD. | AB5: SWITCH | AC5: SWITCH | AD5: BRACKET | AE5: BRACKET | AF5: PIJA | AG5: VALVULA | AH5: CANT. VAL. | AI5: CAJA | AJ5: HOJA COLOR | AL5: Row Labels | AM5: Sum of CANT. VAL.
B6: LENNOX 1 | C6: SAIRA MORALES | D6: 625994-01 | E6: A - 3/8 | F6: 0.42 | G6: 0.02 | H6: 3500 | I6: 4865 | N6: =+H6+I6+J6+K6+L6+M6-SUM(O6:Y6) -> 3265 | R6: 1800 | T6: 3000 | V6: 300 | Z6: =+G6*SUM(H6:M6) -> 167.3 | AA6: 1000 | AB6: 0 | AC6: =+H6*AB6 -> 0 | AD6: 0 | AE6: =+H6*AD6 -> 0 | AF6: =+AE6*2 -> 0 | AG6: 0 | AH6: 0 | AI6: CTD T.MÉXICO | AJ6: BLANCO | AL6: 0 | AM6: 0 | AQ6: 5600
B7: LENNOX 1 | C7: SAIRA MORALES | D7: 627512-01 | E7: A - 3/8 | F7: 0.42 | G7: 0.031 | H7: 1000 | I7: 2576 | N7: =+H7+I7+J7+K7+L7+M7-SUM(O7:Y7) -> 2218 | P7: 1000 | V7: 358 | Z7: =+G7*SUM(H7:M7) -> 110.856 | AA7: 1000 | AB7: 0 | AC7: =+H7*AB7 -> 0 | AD7: 0 | AE7: =+H7*AD7 -> 0 | AF7: =+AE7*2 -> 0 | AG7: 0 | AH7: 0 | AI7: CTD T.MÉXICO | AJ7: BLANCO | AL7: 102831-10 | AM7: 128 | AQ7: 4338
B8: LENNOX 1 | C8: SAIRA MORALES | D8: 625967-01 | E8: A - 3/8 | F8: 0.42 | G8: 0.033 | H8: 200 | I8: 472 | N8: =+H8+I8+J8+K8+L8+M8-SUM(O8:Y8) -> 112 | V8: 560 | Z8: =+G8*SUM(H8:M8) -> 22.176 | AA8: 1000 | AB8: 0 | AC8: =+H8*AB8 -> 0 | AD8: 0 | AE8: =+H8*AD8 -> 0 | AF8: =+AE8*2 -> 0 | AG8: 0 | AH8: 0 | AI8: CTD T.MÉXICO | AJ8: BLANCO | AL8: 102831-11 | AM8: 0 | AQ8: 1300
B9: LENNOX 1 | C9: SAIRA MORALES | D9: 626309-01 | E9: A - 3/8 | F9: 0.42 | G9: 0.019 | H9: 0 | I9: 700 | N9: =+H9+I9+J9+K9+L9+M9-SUM(O9:Y9) -> -222 | V9: 922 | Z9: =+G9*SUM(H9:M9) -> 13.3 | AA9: 1000 | AB9: 0 | AC9: =+H9*AB9 -> 0 | AD9: 0 | AE9: =+H9*AD9 -> 0 | AF9: =+AE9*2 -> 0 | AG9: 0 | AH9: 0 | AI9: CTD T.MÉXICO | AJ9: BLANCO | AL9: 103881-02 | AM9: 864 | AQ9: 0
B10: LENNOX 1 | C10: SAIRA MORALES | D10: 625890-01 | E10: A - 3/8 | F10: 0.42 | G10: 0.03 | H10: 0 | I10: 700 | N10: =+H10+I10+J10+K10+L10+M10-SUM(O10:Y10) -> -365 | V10: 1065 | Z10: =+G10*SUM(H10:M10) -> 21 | AA10: 1000 | AB10: 0 | AC10: =+H10*AB10 -> 0 | AD10: 0 | AE10: =+H10*AD10 -> 0 | AF10: =+AE10*2 -> 0 | AG10: 0 | AH10: 0 | AI10: CTD T.MÉXICO | AJ10: BLANCO | AL10: 103881-03 | AM10: 0 | AQ10: 1000
B11: LENNOX 1 | C11: SAIRA MORALES | D11: 615991-01 | E11: A - 3/8 | F11: 0.42 | G11: 0.022 | H11: 1200 | I11: 473 | N11: =+H11+I11+J11+K11+L11+M11-SUM(O11:Y11) -> 753 | P11: 270 | R11: 250 | T11: 400 | Z11: =+G11*SUM(H11:M11) -> 36.806 | AA11: 1000 | AB11: 0 | AC11: =+H11*AB11 -> 0 | AD11: 0 | AE11: =+H11*AD11 -> 0 | AF11: =+AE11*2 -> 0 | AG11: 0 | AH11: 0 | AI11: CTD T.MÉXICO | AJ11: BLANCO | AL11: 107892-03 | AM11: 7704 | AQ11: 1707
B12: LENNOX 1 | C12: SAIRA MORALES | D12: 626164-01 | E12: A - 3/8 | F12: 0.42 | G12: 0.023 | H12: 0 | I12: 0 | N12: =+H12+I12+J12+K12+L12+M12-SUM(O12:Y12) -> 0 | Z12: =+G12*SUM(H12:M12) -> 0 | AA12: 1000 | AB12: 0 | AC12: =+H12*AB12 -> 0 | AD12: 0 | AE12: =+H12*AD12 -> 0 | AF12: =+AE12*2 -> 0 | AG12: 0 | AH12: 0 | AI12: CTD T.MÉXICO | AJ12: BLANCO | AL12: 107892-04 | AM12: 3840 | AQ12: 0
B13: LENNOX 1 | C13: SAIRA MORALES | D13: 626121-01 | E13: C - 3/8 | F13: 0.028 | G13: 0.057 | H13: 500 | I13: 0 | N13: =+H13+I13+J13+K13+L13+M13-SUM(O13:Y13) -> 500 | Z13: =+G13*SUM(H13:M13) -> 28.5 | AA13: 1000 | AB13: 0 | AC13: =+H13*AB13 -> 0 | AD13: 0 | AE13: =+H13*AD13 -> 0 | AF13: =+AE13*2 -> 0 | AG13: 0 | AH13: 0 | AI13: CTD T.MÉXICO | AJ13: BLANCO | AL13: 107905-06 | AM13: 1280 | AQ13: -3900
B14: LENNOX 1 | C14: SAIRA MORALES | D14: 625995-01 | E14: C - 3/8 | F14: 0.028 | G14: 0.044 | H14: 3900 | I14: 0 | N14: =+H14+I14+J14+K14+L14+M14-SUM(O14:Y14) -> 200 | O14: 200 | T14: 600 | U14: 1800 | V14: 1100 | Z14: =+G14*SUM(H14:M14) -> 171.6 | AA14: 1000 | AB14: 0 | AC14: =+H14*AB14 -> 0 | AD14: 0 | AE14: =+H14*AD14 -> 0 | AF14: =+AE14*2 -> 0 | AG14: 0 | AH14: 0 | AI14: CTD T.MÉXICO | AJ14: BLANCO | AL14: 107905-07 | AM14: 384 | AQ14: -2966
B15: LENNOX 1 | C15: SAIRA MORALES | D15: 615380-01 | E15: C - 3/8 | F15: 0.028 | G15: 0.015 | H15: 2400 | I15: 1700 | N15: =+H15+I15+J15+K15+L15+M15-SUM(O15:Y15) -> 700 | P15: 600 | Q15: 1800 | R15: 700 | X15: 300 | Z15: =+G15*SUM(H15:M15) -> 61.5 | AA15: 1000 | AB15: 0 | AC15: =+H15*AB15 -> 0 | AD15: 0 | AE15: =+H15*AD15 -> 0 | AF15: =+AE15*2 -> 0 | AG15: 0 | AH15: 0 | AI15: CTD T.MÉXICO | AJ15: BLANCO | AL15: Grand Total | AM15: 14200 | AQ15: 2400
B16: LENNOX 1 | C16: SAIRA MORALES | D16: 625922-01 | E16: C - 3/8 | F16: 0.028 | G16: 0.019 | H16: 0 | I16: 0 | N16: =+H16+I16+J16+K16+L16+M16-SUM(O16:Y16) -> 0 | Z16: =+G16*SUM(H16:M16) -> 0 | AA16: 1000 | AB16: 0 | AC16: =+H16*AB16 -> 0 | AD16: 0 | AE16: =+H16*AD16 -> 0 | AF16: =+AE16*2 -> 0 | AG16: 0 | AH16: 0 | AI16: CTD T.MÉXICO | AJ16: BLANCO | AQ16: 400
B17: LENNOX 1 | C17: SAIRA MORALES | D17: 627511-01 | E17: C - 3/8 | F17: 0.028 | G17: 0.024 | H17: 2100 | I17: 500 | N17: =+H17+I17+J17+K17+L17+M17-SUM(O17:Y17) -> 0 | O17: 500 | S17: 1800 | X17: 300 | Z17: =+G17*SUM(H17:M17) -> 62.4 | AA17: 1000 | AB17: 0 | AC17: =+H17*AB17 -> 0 | AD17: 0 | AE17: =+H17*AD17 -> 0 | AF17: =+AE17*2 -> 0 | AG17: 0 | AH17: 0 | AI17: CTD T.MÉXICO | AJ17: BLANCO | AQ17: 3600
B18: LENNOX 1 | C18: SAIRA MORALES | D18: 626308-01 | E18: C - 3/8 | F18: 0.028 | G18: 0.019 | H18: 0 | I18: 300 | N18: =+H18+I18+J18+K18+L18+M18-SUM(O18:Y18) -> 0 | T18: 300 | Z18: =+G18*SUM(H18:M18) -> 5.7 | AA18: 1000 | AB18: 0 | AC18: =+H18*AB18 -> 0 | AD18: 0 | AE18: =+H18*AD18 -> 0 | AF18: =+AE18*2 -> 0 | AG18: 0 | AH18: 0 | AI18: CTD T.MÉXICO | AJ18: BLANCO | AQ18: 0
B19: LENNOX 1 | C19: SAIRA MORALES | D19: 626467-01 | E19: C - 1/2 | F19: 0.028 | G19: 0.086 | H19: 400 | I19: 200 | N19: =+H19+I19+J19+K19+L19+M19-SUM(O19:Y19) -> -30 | Q19: 210 | U19: 420 | Z19: =+G19*SUM(H19:M19) -> 51.6 | AA19: 100 | AB19: 0 | AC19: =+H19*AB19 -> 0 | AD19: 0 | AE19: =+H19*AD19 -> 0 | AF19: =+AE19*2 -> 0 | AG19: 0 | AH19: 0 | AI19: CTD T.MÉXICO | AJ19: BLANCO | AQ19: -55
B20: LENNOX 1 | C20: SAIRA MORALES | D20: 626473-01 | E20: C - 1/2 | F20: 0.028 | G20: 0.117 | H20: 0 | I20: 200 | N20: =+H20+I20+J20+K20+L20+M20-SUM(O20:Y20) -> -11 | O20: 100 | P20: 111 | Z20: =+G20*SUM(H20:M20) -> 23.4 | AA20: 100 | AB20: 0 | AC20: =+H20*AB20 -> 0 | AD20: 0 | AE20: =+H20*AD20 -> 0 | AF20: =+AE20*2 -> 0 | AG20: 0 | AH20: 0 | AI20: CTD T.MÉXICO | AJ20: BLANCO | AQ20: 0
B21: LENNOX 1 | C21: SAIRA MORALES | D21: 627051-01 | E21: C - 1/2 | F21: 0.028 | G21: 0.129 | H21: 600 | I21: 100 | N21: =+H21+I21+J21+K21+L21+M21-SUM(O21:Y21) -> 265 | Q21: 115 | S21: 320 | Z21: =+G21*SUM(H21:M21) -> 90.3 | AA21: 100 | AB21: 0 | AC21: =+H21*AB21 -> 0 | AD21: 0 | AE21: =+H21*AD21 -> 0 | AF21: =+AE21*2 -> 0 | AG21: 0 | AH21: 0 | AI21: CTD T.MÉXICO | AJ21: BLANCO | AQ21: -25
B22: LENNOX 1 | C22: SAIRA MORALES | D22: 627186-01 | E22: C - 1/2 | F22: 0.028 | G22: 0.119 | H22: 1200 | I22: 0 | N22: =+H22+I22+J22+K22+L22+M22-SUM(O22:Y22) -> -528 | T22: 50 | W22: 1200 | X22: 478 | Z22: =+G22*SUM(H22:M22) -> 142.8 | AA22: 100 | AB22: 0 | AC22: =+H22*AB22 -> 0 | AD22: 0 | AE22: =+H22*AD22 -> 0 | AF22: =+AE22*2 -> 0 | AG22: 0 | AH22: 0 | AI22: CTD T.MÉXICO | AJ22: BLANCO | AQ22: -250
B23: LENNOX 1 | C23: SAIRA MORALES | D23: 627041-01 | E23: C - 1/2 | F23: 0.028 | G23: 0.127 | H23: 700 | I23: 0 | N23: =+H23+I23+J23+K23+L23+M23-SUM(O23:Y23) -> -889 | P23: 861 | V23: 728 | Z23: =+G23*SUM(H23:M23) -> 88.9 | AA23: 100 | AB23: 0 | AC23: =+H23*AB23 -> 0 | AD23: 0 | AE23: =+H23*AD23 -> 0 | AF23: =+AE23*2 -> 0 | AG23: 0 | AH23: 0 | AI23: CTD T.MÉXICO | AJ23: BLANCO | AQ23: 0
B24: LENNOX 1 | C24: SAIRA MORALES | D24: 625151-01 | E24: C - 1/2 | F24: 0.028 | G24: 0.114 | H24: 1000 | I24: 0 | N24: =+H24+I24+J24+K24+L24+M24-SUM(O24:Y24) -> 22 | Q24: 600 | R24: 378 | Z24: =+G24*SUM(H24:M24) -> 114 | AA24: 100 | AB24: 0 | AC24: =+H24*AB24 -> 0 | AD24: 0 | AE24: =+H24*AD24 -> 0 | AF24: =+AE24*2 -> 0 | AG24: 0 | AH24: 0 | AI24: CTD T.MÉXICO | AJ24: BLANCO | AQ24: -55
B25: LENNOX 1 | C25: SAIRA MORALES | D25: 626794-01 | E25: C - 1/2 | F25: 0.028 | G25: 0.069 | H25: 700 | I25: 100 | N25: =+H25+I25+J25+K25+L25+M25-SUM(O25:Y25) -> -69 | Q25: 120 | S25: 200 | T25: 549 | Z25: =+G25*SUM(H25:M25) -> 55.2 | AA25: 100 | AB25: 0 | AC25: =+H25*AB25 -> 0 | AD25: 0 | AE25: =+H25*AD25 -> 0 | AF25: =+AE25*2 -> 0 | AG25: 0 | AH25: 0 | AI25: CTD T.MÉXICO | AJ25: BLANCO | AQ25: -50
B26: LENNOX 1 | C26: SAIRA MORALES | D26: 618748-01 | E26: C - 1/2 | F26: 0.028 | G26: 0.129 | H26: 0 | I26: 0 | N26: =+H26+I26+J26+K26+L26+M26-SUM(O26:Y26) -> 0 | Z26: =+G26*SUM(H26:M26) -> 0 | AA26: 100 | AB26: 0 | AC26: =+H26*AB26 -> 0 | AD26: 0 | AE26: =+H26*AD26 -> 0 | AF26: =+AE26*2 -> 0 | AG26: 0 | AH26: 0 | AI26: CTD T.MÉXICO | AJ26: BLANCO | AQ26: 0
B27: LENNOX 1 | C27: SAIRA MORALES | D27: 626532-01 | E27: C - 1/2 | F27: 0.028 | G27: 0.078 | H27: 600 | I27: 0 | N27: =+H27+I27+J27+K27+L27+M27-SUM(O27:Y27) -> -638 | V27: 371 | W27: 550 | X27: 317 | Z27: =+G27*SUM(H27:M27) -> 46.8 | AA27: 100 | AB27: 0 | AC27: =+H27*AB27 -> 0 | AD27: 0 | AE27: =+H27*AD27 -> 0 | AF27: =+AE27*2 -> 0 | AG27: 0 | AH27: 0 | AI27: CTD T.MÉXICO | AJ27: BLANCO | AQ27: 307
B28: LENNOX 1 | C28: SAIRA MORALES | D28: 626391-01 | E28: C - 1/2 | F28: 0.028 | G28: 0.101 | H28: 0 | I28: 0 | N28: =+H28+I28+J28+K28+L28+M28-SUM(O28:Y28) -> 0 | Z28: =+G28*SUM(H28:M28) -> 0 | AA28: 100 | AB28: 0 | AC28: =+H28*AB28 -> 0 | AD28: 0 | AE28: =+H28*AD28 -> 0 | AF28: =+AE28*2 -> 0 | AG28: 0 | AH28: 0 | AI28: CTD T.MÉXICO | AJ28: BLANCO | AQ28: -77
B29: LENNOX 1 | C29: SAIRA MORALES | D29: 613544-01 | E29: C - 1/2 | F29: 0.028 | G29: 0.076 | H29: 200 | I29: 0 | N29: =+H29+I29+J29+K29+L29+M29-SUM(O29:Y29) -> 22 | X29: 178 | Z29: =+G29*SUM(H29:M29) -> 15.2 | AA29: 100 | AB29: 0 | AC29: =+H29*AB29 -> 0 | AD29: 0 | AE29: =+H29*AD29 -> 0 | AF29: =+AE29*2 -> 0 | AG29: 0 | AH29: 0 | AI29: CTD T.MÉXICO | AJ29: BLANCO | AQ29: 300
B30: LENNOX 1 | C30: SAIRA MORALES | D30: 627101-01 | E30: C - 1/2 | F30: 0.028 | G30: 0.042 | H30: 1200 | I30: 200 | N30: =+H30+I30+J30+K30+L30+M30-SUM(O30:Y30) -> -781 | O30: 200 | Q30: 781 | U30: 800 | X30: 400 | Z30: =+G30*SUM(H30:M30) -> 58.8 | AA30: 100 | AB30: 0 | AC30: =+H30*AB30 -> 0 | AD30: 0 | AE30: =+H30*AD30 -> 0 | AF30: =+AE30*2 -> 0 | AG30: 0 | AH30: 0 | AI30: CTD T.MÉXICO | AJ30: BLANCO | AQ30: -445
B31: LENNOX 1 | C31: SAIRA MORALES | D31: 626469-01 | E31: C - 1/2 | F31: 0.028 | G31: 0.105 | H31: 500 | I31: 398 | N31: =+H31+I31+J31+K31+L31+M31-SUM(O31:Y31) -> -14 | P31: 300 | Q31: 110 | T31: 502 | Z31: =+G31*SUM(H31:M31) -> 94.29 | AA31: 100 | AB31: 0 | AC31: =+H31*AB31 -> 0 | AD31: 0 | AE31: =+H31*AD31 -> 0 | AF31: =+AE31*2 -> 0 | AG31: 0 | AH31: 0 | AI31: CTD T.MÉXICO | AJ31: BLANCO | AQ31: -83
B32: LENNOX 1 | C32: SAIRA MORALES | D32: 619792-01 | E32: C - 1/2 | F32: 0.028 | G32: 0.143 | H32: 200 | I32: 300 | N32: =+H32+I32+J32+K32+L32+M32-SUM(O32:Y32) -> -392 | P32: 286 | W32: 200 | X32: 406 | Z32: =+G32*SUM(H32:M32) -> 71.5 | AA32: 100 | AB32: 0 | AC32: =+H32*AB32 -> 0 | AD32: 0 | AE32: =+H32*AD32 -> 0 | AF32: =+AE32*2 -> 0 | AG32: 0 | AH32: 0 | AI32: CTD T.MÉXICO | AJ32: BLANCO | AQ32: 0
B33: LENNOX 1 | C33: SAIRA MORALES | D33: 625022-01 | E33: C - 1/2 | F33: 0.028 | G33: 0.046 | H33: 600 | I33: 300 | N33: =+H33+I33+J33+K33+L33+M33-SUM(O33:Y33) -> -50 | Q33: 300 | T33: 650 | Z33: =+G33*SUM(H33:M33) -> 41.4 | AA33: 100 | AB33: 0 | AC33: =+H33*AB33 -> 0 | AD33: 0 | AE33: =+H33*AD33 -> 0 | AF33: =+AE33*2 -> 0 | AG33: 0 | AH33: 0 | AI33: CTD T.MÉXICO | AJ33: BLANCO | AQ33: 300
B34: LENNOX 1 | C34: SAIRA MORALES | D34: 627046-01 | E34: C - 1/2 | F34: 0.028 | G34: 0.129 | H34: 0 | I34: 46 | N34: =+H34+I34+J34+K34+L34+M34-SUM(O34:Y34) -> 0 | Q34: 46 | Z34: =+G34*SUM(H34:M34) -> 5.934 | AA34: 100 | AB34: 0 | AC34: =+H34*AB34 -> 0 | AD34: 0 | AE34: =+H34*AD34 -> 0 | AF34: =+AE34*2 -> 0 | AG34: 0 | AH34: 0 | AI34: CTD T.MÉXICO | AJ34: BLANCO | AQ34: 500
B35: LENNOX 1 | C35: SAIRA MORALES | D35: MXLB-112323 | E35: C - 1/2 | F35: 0.028 | G35: 0.134 | H35: 200 | I35: 200 | N35: =+H35+I35+J35+K35+L35+M35-SUM(O35:Y35) -> 0 | Q35: 400 | Z35: =+G35*SUM(H35:M35) -> 53.6 | AA35: 100 | AB35: 0 | AC35: =+H35*AB35 -> 0 | AD35: 0 | AE35: =+H35*AD35 -> 0 | AF35: =+AE35*2 -> 0 | AG35: 0 | AH35: 0 | AI35: CTD T.MÉXICO | AJ35: BLANCO | AQ35: 300
B36: LENNOX 1 | C36: SAIRA MORALES | D36: 626471-01 | E36: C - 1/2 | F36: 0.028 | G36: 0.105 | H36: 400 | N36: =+H36+I36+J36+K36+L36+M36-SUM(O36:Y36) -> 11 | P36: 389 | Z36: =+G36*SUM(H36:M36) -> 42 | AA36: 100 | AB36: 0 | AC36: =+H36*AB36 -> 0 | AD36: 0 | AE36: =+H36*AD36 -> 0 | AF36: =+AE36*2 -> 0 | AG36: 0 | AH36: 0 | AI36: CTD T.MÉXICO | AJ36: BLANCO | AQ36: 0
B37: LENNOX 1 | C37: SAIRA MORALES | D37: 626472-01 | E37: C - 1/2 | F37: 0.028 | G37: 0.099 | H37: 200 | I37: 400 | N37: =+H37+I37+J37+K37+L37+M37-SUM(O37:Y37) -> -358 | S37: 100 | T37: 389 | U37: 469 | Z37: =+G37*SUM(H37:M37) -> 59.4 | AA37: 100 | AB37: 0 | AC37: =+H37*AB37 -> 0 | AD37: 0 | AE37: =+H37*AD37 -> 0 | AF37: =+AE37*2 -> 0 | AG37: 0 | AH37: 0 | AI37: CTD T.MÉXICO | AJ37: BLANCO | AQ37: 300
B38: LENNOX 1 | C38: SAIRA MORALES | D38: 626433-01 | E38: C - 1/2 | F38: 0.028 | G38: 0.131 | H38: 0 | I38: 0 | N38: =+H38+I38+J38+K38+L38+M38-SUM(O38:Y38) -> 0 | Z38: =+G38*SUM(H38:M38) -> 0 | AA38: 100 | AB38: 0 | AC38: =+H38*AB38 -> 0 | AD38: 0 | AE38: =+H38*AD38 -> 0 | AF38: =+AE38*2 -> 0 | AG38: 0 | AH38: 0 | AI38: CTD T.MÉXICO | AJ38: BLANCO | AQ38: 0
B39: LENNOX 1 | C39: SAIRA MORALES | D39: 627175-01 | E39: C - 1/2 | F39: 0.028 | G39: 0.094 | H39: 0 | I39: 300 | N39: =+H39+I39+J39+K39+L39+M39-SUM(O39:Y39) -> -10 | O39: 310 | Z39: =+G39*SUM(H39:M39) -> 28.2 | AA39: 100 | AB39: 0 | AC39: =+H39*AB39 -> 0 | AD39: 0 | AE39: =+H39*AD39 -> 0 | AF39: =+AE39*2 -> 0 | AG39: 0 | AH39: 0 | AI39: CTD T.MÉXICO | AJ39: BLANCO | AQ39: 0
B40: LENNOX 1 | C40: SAIRA MORALES | D40: 627021-01 | E40: C - 1/2 | F40: 0.028 | G40: 0.122 | H40: 0 | I40: 0 | N40: =+H40+I40+J40+K40+L40+M40-SUM(O40:Y40) -> 0 | Z40: =+G40*SUM(H40:M40) -> 0 | AA40: 100 | AB40: 0 | AC40: =+H40*AB40 -> 0 | AD40: 0 | AE40: =+H40*AD40 -> 0 | AF40: =+AE40*2 -> 0 | AG40: 0 | AH40: 0 | AI40: CTD T.MÉXICO | AJ40: BLANCO | AQ40: 0
B41: LENNOX 1 | C41: SAIRA MORALES | D41: 613366-01 | E41: C - 1/2 | F41: 0.028 | G41: 0.101 | H41: 200 | I41: 300 | N41: =+H41+I41+J41+K41+L41+M41-SUM(O41:Y41) -> -6 | O41: 300 | X41: 206 | Z41: =+G41*SUM(H41:M41) -> 50.5 | AA41: 100 | AB41: 0 | AC41: =+H41*AB41 -> 0 | AD41: 0 | AE41: =+H41*AD41 -> 0 | AF41: =+AE41*2 -> 0 | AG41: 0 | AH41: 0 | AI41: CTD T.MÉXICO | AJ41: BLANCO | AQ41: 0
B42: LENNOX 1 | C42: SAIRA MORALES | D42: 613569-01 | E42: C - 1/2 | F42: 0.028 | G42: 0.119 | H42: 0 | I42: 200 | N42: =+H42+I42+J42+K42+L42+M42-SUM(O42:Y42) -> 0 | O42: 200 | Z42: =+G42*SUM(H42:M42) -> 23.8 | AA42: 100 | AB42: 0 | AC42: =+H42*AB42 -> 0 | AD42: 0 | AE42: =+H42*AD42 -> 0 | AF42: =+AE42*2 -> 0 | AG42: 0 | AH42: 0 | AI42: CTD T.MÉXICO | AJ42: BLANCO | AQ42: 0
B43: LENNOX 1 | C43: SAIRA MORALES | D43: 626310-01 | E43: C - 1/2 | F43: 0.028 | G43: 0.121 | H43: 200 | I43: 0 | N43: =+H43+I43+J43+K43+L43+M43-SUM(O43:Y43) -> -14 | X43: 214 | Z43: =+G43*SUM(H43:M43) -> 24.2 | AA43: 100 | AB43: 0 | AC43: =+H43*AB43 -> 0 | AD43: 0 | AE43: =+H43*AD43 -> 0 | AF43: =+AE43*2 -> 0 | AG43: 0 | AH43: 0 | AI43: CTD T.MÉXICO | AJ43: BLANCO | AQ43: 0
B44: LENNOX 1 | C44: SAIRA MORALES | D44: 613556-01 | E44: C - 1/2 | F44: 0.028 | G44: 0.127 | H44: 200 | I44: 200 | N44: =+H44+I44+J44+K44+L44+M44-SUM(O44:Y44) -> -11 | S44: 411 | Z44: =+G44*SUM(H44:M44) -> 50.8 | AA44: 100 | AB44: 0 | AC44: =+H44*AB44 -> 0 | AD44: 0 | AE44: =+H44*AD44 -> 0 | AF44: =+AE44*2 -> 0 | AG44: 0 | AH44: 0 | AI44: CTD T.MÉXICO | AJ44: BLANCO | AQ44: 0
B45: LENNOX 1 | C45: SAIRA MORALES | D45: 613472-01 | E45: C - 1/2 | F45: 0.028 | G45: 0.103 | H45: 200 | I45: 0 | N45: =+H45+I45+J45+K45+L45+M45-SUM(O45:Y45) -> 200 | Z45: =+G45*SUM(H45:M45) -> 20.6 | AA45: 100 | AB45: 0 | AC45: =+H45*AB45 -> 0 | AD45: 0 | AE45: =+H45*AD45 -> 0 | AF45: =+AE45*2 -> 0 | AG45: 0 | AH45: 0 | AI45: CTD T.MÉXICO | AJ45: BLANCO | AQ45: 328
B46: LENNOX 1 | C46: SAIRA MORALES | D46: 615112-01 | E46: C - 1/2 | F46: 0.028 | G46: 0.238 | H46: 0 | I46: 0 | N46: =+H46+I46+J46+K46+L46+M46-SUM(O46:Y46) -> 0 | Z46: =+G46*SUM(H46:M46) -> 0 | AA46: 100 | AB46: 0 | AC46: =+H46*AB46 -> 0 | AD46: 0 | AE46: =+H46*AD46 -> 0 | AF46: =+AE46*2 -> 0 | AG46: 0 | AH46: 0 | AI46: CTD T.MÉXICO | AJ46: BLANCO | AQ46: 400
B47: LENNOX 1 | C47: SAIRA MORALES | D47: 626470-01 | E47: C - 1/2 | F47: 0.028 | G47: 0.101 | H47: 1800 | I47: 0 | N47: =+H47+I47+J47+K47+L47+M47-SUM(O47:Y47) -> -10 | Q47: 450 | S47: 1360 | Z47: =+G47*SUM(H47:M47) -> 181.8 | AA47: 100 | AB47: 0 | AC47: =+H47*AB47 -> 0 | AD47: 0 | AE47: =+H47*AD47 -> 0 | AF47: =+AE47*2 -> 0 | AG47: 0 | AH47: 0 | AI47: CTD T.MÉXICO | AJ47: BLANCO | AQ47: -1493
B48: LENNOX 1 | C48: SAIRA MORALES | D48: 626873-01 | E48: C - 1/2 | F48: 0.028 | G48: 0.039 | H48: 2800 | I48: 38 | N48: =+H48+I48+J48+K48+L48+M48-SUM(O48:Y48) -> 2195 | S48: 643 | Z48: =+G48*SUM(H48:M48) -> 110.682 | AA48: 100 | AB48: 0 | AC48: =+H48*AB48 -> 0 | AD48: 0 | AE48: =+H48*AD48 -> 0 | AF48: =+AE48*2 -> 0 | AG48: 0 | AH48: 0 | AI48: CTD T.MÉXICO | AJ48: BLANCO | AQ48: -66
B49: LENNOX 1 | C49: SAIRA MORALES | D49: 626962-01 | E49: C - 3/4 | F49: 0.035 | G49: 0.148 | H49: 0 | I49: 40 | N49: =+H49+I49+J49+K49+L49+M49-SUM(O49:Y49) -> 40 | Z49: =+G49*SUM(H49:M49) -> 5.92 | AA49: 500 | AB49: 0 | AC49: =+H49*AB49 -> 0 | AD49: 0 | AE49: =+H49*AD49 -> 0 | AF49: =+AE49*2 -> 0 | AG49: 0 | AH49: 0 | AI49: CTD T.MÉXICO | AJ49: BLANCO | AQ49: 0
B50: LENNOX 1 | C50: SAIRA MORALES | D50: 619770-01 | E50: C - 3/4 | F50: 0.035 | G50: 0.144 | H50: 0 | I50: 65 | N50: =+H50+I50+J50+K50+L50+M50-SUM(O50:Y50) -> 65 | Z50: =+G50*SUM(H50:M50) -> 9.36 | AA50: 500 | AB50: 0 | AC50: =+H50*AB50 -> 0 | AD50: 0 | AE50: =+H50*AD50 -> 0 | AF50: =+AE50*2 -> 0 | AG50: 0 | AH50: 0 | AI50: CTD T.MÉXICO | AJ50: BLANCO | AQ50: 0
B51: LENNOX 1 | C51: SAIRA MORALES | D51: 618685-01 | E51: C - 3/4 | F51: 0.035 | G51: 0.053 | H51: 0 | I51: 0 | N51: =+H51+I51+J51+K51+L51+M51-SUM(O51:Y51) -> 0 | Z51: =+G51*SUM(H51:M51) -> 0 | AA51: 1000 | AB51: 0 | AC51: =+H51*AB51 -> 0 | AD51: 0 | AE51: =+H51*AD51 -> 0 | AF51: =+AE51*2 -> 0 | AG51: 0 | AH51: 0 | AI51: CTD T.MÉXICO | AJ51: BLANCO | AQ51: 1200
B52: LENNOX 1 | C52: SAIRA MORALES | D52: 627106-01 | E52: C - 3/4 | F52: 0.035 | G52: 0.138 | H52: 900 | I52: 300 | N52: =+H52+I52+J52+K52+L52+M52-SUM(O52:Y52) -> -79 | V52: 372 | W52: 600 | X52: 307 | Z52: =+G52*SUM(H52:M52) -> 165.6 | AA52: 500 | AB52: 0 | AC52: =+H52*AB52 -> 0 | AD52: 0 | AE52: =+H52*AD52 -> 0 | AF52: =+AE52*2 -> 0 | AG52: 0 | AH52: 0 | AI52: CTD T.MÉXICO | AJ52: BLANCO | AQ52: 0
B53: LENNOX 1 | C53: SAIRA MORALES | D53: 626967-01 | E53: C - 3/4 | F53: 0.035 | G53: 0.11 | H53: 200 | I53: 1064 | N53: =+H53+I53+J53+K53+L53+M53-SUM(O53:Y53) -> -24 | P53: 1138 | Q53: 150 | Z53: =+G53*SUM(H53:M53) -> 139.04 | AA53: 500 | AB53: 0 | AC53: =+H53*AB53 -> 0 | AD53: 0 | AE53: =+H53*AD53 -> 0 | AF53: =+AE53*2 -> 0 | AG53: 0 | AH53: 0 | AI53: CTD T.MÉXICO | AJ53: BLANCO | AQ53: 1000
B54: LENNOX 1 | C54: SAIRA MORALES | D54: 618927-01 | E54: C - 7/8 | F54: 0.041 | G54: 0.074 | H54: 0 | I54: 1165 | N54: =+H54+I54+J54+K54+L54+M54-SUM(O54:Y54) -> -134 | T54: 211 | V54: 1088 | Z54: =+G54*SUM(H54:M54) -> 86.21 | AA54: 1000 | AB54: 0 | AC54: =+H54*AB54 -> 0 | AD54: 0 | AE54: =+H54*AD54 -> 0 | AF54: =+AE54*2 -> 0 | AG54: 0 | AH54: 0 | AI54: CTD T.MÉXICO | AJ54: BLANCO | AQ54: 2800
B55: LENNOX 1 | C55: SAIRA MORALES | D55: 624302-01 | E55: C - 7/8 | F55: 0.045 | G55: 0.46 | H55: 400 | I55: 996 | N55: =+H55+I55+J55+K55+L55+M55-SUM(O55:Y55) -> 252 | O55: 550 | P55: 228 | S55: 366 | Z55: =+G55*SUM(H55:M55) -> 642.16 | AA55: 200 | AB55: 0 | AC55: =+H55*AB55 -> 0 | AD55: 0 | AE55: =+H55*AD55 -> 0 | AF55: =+AE55*2 -> 0 | AG55: 0 | AH55: 0 | AI55: CTD T.MÉXICO | AJ55: BLANCO | AQ55: 1000
B56: LENNOX 1 | C56: SAIRA MORALES | D56: 626978-01 | E56: C - 7/8 | F56: 0.045 | G56: 0.233 | H56: 2000 | I56: 400 | N56: =+H56+I56+J56+K56+L56+M56-SUM(O56:Y56) -> -491 | O56: 400 | R56: 380 | S56: 1260 | T56: 851 | Z56: =+G56*SUM(H56:M56) -> 559.2 | AA56: 500 | AB56: 0 | AC56: =+H56*AB56 -> 0 | AD56: 0 | AE56: =+H56*AD56 -> 0 | AF56: =+AE56*2 -> 0 | AG56: 0 | AH56: 0 | AI56: CTD T.MÉXICO | AJ56: BLANCO | AQ56: 416
B57: LENNOX 1 | C57: SAIRA MORALES | D57: 618887-01 | E57: C - 7/8 | F57: 0.041 | G57: 0.197 | H57: 500 | I57: 965 | N57: =+H57+I57+J57+K57+L57+M57-SUM(O57:Y57) -> -20 | U57: 526 | V57: 364 | W57: 275 | X57: 320 | Z57: =+G57*SUM(H57:M57) -> 288.605 | AA57: 500 | AB57: 0 | AC57: =+H57*AB57 -> 0 | AD57: 0 | AE57: =+H57*AD57 -> 0 | AF57: =+AE57*2 -> 0 | AG57: 0 | AH57: 0 | AI57: CTD T.MÉXICO | AJ57: BLANCO | AQ57: 2200
